timestamp,instance,ops_per_sec,connected_clients,used_memory_mb,cmd_get,cmd_set,cmd_xadd,cmd_xreadgroup,cmd_xack,cmd_watch,cmd_multi,cmd_exec,cmd_eval,total_commands
1775417976,redis-bus,688,67,1.8,0,0,0,104058,0,0,0,0,0,109601
1775417976,redis-orchestrator,0,7,1.5,96,96,0,0,0,0,0,0,97,510
1775417976,redis-order,1,27,15.9,0,0,0,0,0,0,0,0,0,185
1775417976,redis-payment,0,4,7.4,0,0,0,0,0,0,0,0,0,36
1775417976,redis-stock,0,6,7.5,0,0,0,0,0,0,0,0,0,42
1775417978,redis-bus,690,67,1.8,0,0,0,105576,0,0,0,0,0,111197
1775417978,redis-orchestrator,0,7,1.5,96,96,0,0,0,0,0,0,97,512
1775417978,redis-order,0,27,15.9,0,0,0,0,0,0,0,0,0,187
1775417978,redis-payment,0,4,7.4,0,0,0,0,0,0,0,0,0,38
1775417978,redis-stock,150,18,7.8,69,69,0,0,0,46,46,46,0,356
1775417981,redis-bus,4409,120,2.4,0,0,4834,108838,2415,0,0,0,0,121943
1775417981,redis-orchestrator,4055,33,1.8,1135,1599,0,0,0,1039,1540,1540,97,8756
1775417981,redis-order,3377,91,16.7,2808,1147,0,0,0,1147,1147,1147,0,7777
1775417981,redis-payment,2172,10,7.6,1198,1196,0,0,0,598,598,598,0,4246
1775417981,redis-stock,3720,18,7.7,1796,1794,0,0,0,1196,1196,1196,0,7260
1775417983,redis-bus,12676,144,2.6,0,0,18000,115290,9000,0,0,0,0,148301
1775417983,redis-orchestrator,8970,36,2.1,3208,4600,0,0,0,3108,4608,4608,101,25055
1775417983,redis-order,7066,107,16.5,7498,3000,0,0,0,3000,3000,3000,0,19929
1775417983,redis-payment,3667,10,7.7,2991,2982,0,0,0,1491,1491,1491,0,10506
1775417983,redis-stock,5796,18,7.8,4482,4473,0,0,0,2982,2982,2982,0,17985
1775417985,redis-bus,16416,152,2.9,0,0,33600,122622,16800,0,0,0,0,179130
1775417985,redis-orchestrator,11147,36,2.3,5928,8502,0,0,0,5826,8626,8626,103,46339
1775417985,redis-order,7997,114,16.3,13999,5600,0,0,0,5600,5600,5600,0,36859
1775417985,redis-payment,4059,10,7.8,5748,5708,0,0,0,2854,2854,2854,0,20081
1775417985,redis-stock,7000,18,7.9,8620,8580,0,0,0,5720,5720,5720,0,34447
1775417988,redis-bus,19394,160,3.4,0,0,56400,132628,28200,0,0,0,0,223441
1775417988,redis-orchestrator,13385,37,2.8,10080,14492,0,0,0,9978,14777,14777,103,78930
1775417988,redis-order,10663,120,16.3,24339,9742,0,0,0,9742,9742,9742,0,63787
1775417988,redis-payment,5475,10,8.0,9728,9603,0,0,0,4803,4802,4802,0,33803
1775417988,redis-stock,9697,18,8.1,14753,14628,0,0,0,9753,9753,9753,0,58729
1775417990,redis-bus,25623,168,4.1,0,0,86313,145362,43133,0,0,0,0,281126
1775417990,redis-orchestrator,18275,37,3.2,15085,21768,0,0,0,14983,22210,22210,103,118360
1775417990,redis-order,14054,135,16.5,36433,14567,0,0,0,14567,14567,14567,0,95228
1775417990,redis-payment,7446,10,8.2,14348,14096,0,0,0,7048,7048,7048,0,49655
1775417990,redis-stock,11846,18,8.3,21512,21256,0,0,0,14173,14172,14172,0,85376
1775417992,redis-bus,29345,184,4.8,0,0,119295,158793,59609,0,0,0,0,344136
1775417992,redis-orchestrator,19887,37,3.8,20770,30103,0,0,0,20667,30667,30667,104,163315
1775417992,redis-order,15761,165,16.6,50284,19999,0,0,0,19999,19999,19999,0,130899
1775417992,redis-payment,7406,10,8.5,19636,19164,0,0,0,9583,9582,9582,0,67616
1775417992,redis-stock,13173,18,8.6,29840,29334,0,0,0,19562,19560,19560,0,117949
1775417995,redis-bus,32072,191,5.7,0,0,159104,174056,79496,0,0,0,0,419198
1775417995,redis-orchestrator,22516,37,4.5,27455,40093,0,0,0,27346,40701,40701,109,216735
1775417995,redis-order,18449,181,16.6,67781,26778,0,0,0,26778,26778,26778,0,175567
1775417995,redis-payment,9038,10,8.8,26019,25176,0,0,0,12589,12589,12589,0,89034
1775417995,redis-stock,15147,18,8.9,38934,38071,0,0,0,25389,25385,25385,0,153260
1775417997,redis-bus,36290,191,6.6,0,0,202811,190945,101171,0,0,0,0,501547
1775417997,redis-orchestrator,25879,37,5.2,34867,51227,0,0,0,34759,51877,51877,109,276176
1775417997,redis-order,21653,182,16.5,87578,34294,0,0,0,34294,34294,34294,0,225434
1775417997,redis-payment,10005,10,9.1,33047,31686,0,0,0,15843,15843,15843,0,112336
1775417997,redis-stock,17942,18,9.2,49607,48200,0,0,0,32138,32136,32136,0,194315
1775417999,redis-bus,38907,192,7.0,0,0,251995,208408,125639,0,0,0,0,592741
1775417999,redis-orchestrator,28053,37,6.0,42919,63379,0,0,0,42810,64043,64043,109,340902
1775417999,redis-order,24240,184,16.5,110771,42190,0,0,0,42193,42190,42190,0,280222
1775417999,redis-payment,10003,10,9.4,40114,38089,0,0,0,19045,19045,19045,0,135414
1775417999,redis-stock,17987,18,9.5,59854,57783,0,0,0,38525,38525,38525,0,233312
1775418002,redis-bus,39995,199,7.5,0,0,301439,225363,150091,0,0,0,0,683696
1775418002,redis-orchestrator,28968,37,6.7,51290,76020,0,0,0,51181,76691,76691,109,408214
1775418002,redis-order,26704,211,16.9,138906,50720,0,0,0,50723,50720,50720,0,342560
1775418002,redis-payment,9954,10,9.7,47646,44700,0,0,0,22352,22350,22350,0,159476
1775418002,redis-stock,17697,18,9.9,71473,68386,0,0,0,45594,45593,45593,0,276741
1775418004,redis-bus,40563,199,7.9,0,0,355158,243807,176899,0,0,0,0,782744
1775418004,redis-orchestrator,29924,37,7.4,60058,89134,0,0,0,59931,89799,89799,115,478183
1775418004,redis-order,28876,351,18.9,169879,59228,0,0,0,59228,59228,59228,0,407986
1775418004,redis-payment,10144,10,10.1,54951,51018,0,0,0,25509,25509,25509,0,182577
1775418004,redis-stock,18797,18,10.2,82080,77982,0,0,0,51990,51990,51990,0,316137
1775418006,redis-bus,40310,199,8.4,0,0,403217,262091,201060,0,0,0,0,873321
1775418006,redis-orchestrator,28752,37,8.1,68278,101453,0,0,0,68150,102119,102119,115,543882
1775418006,redis-order,28672,371,17.2,201678,67468,0,0,0,67469,67468,67468,0,472812
1775418006,redis-payment,9847,10,10.4,62162,57103,0,0,0,28552,28552,28552,0,205004
1775418006,redis-stock,16225,18,10.5,92031,86807,0,0,0,57875,57874,57874,0,352568
1775418009,redis-bus,42441,199,8.8,0,0,454843,282091,226889,0,0,0,0,970854
1775418009,redis-orchestrator,29665,37,8.7,76861,114297,0,0,0,76733,114963,114963,115,612403
1775418009,redis-order,28279,371,16.9,232717,75993,0,0,0,75995,75993,75993,0,537954
1775418009,redis-payment,9642,10,12.6,69456,63125,0,0,0,31563,31563,31563,0,227355
1775418009,redis-stock,16113,18,12.7,102404,95907,0,0,0,63940,63940,63940,0,390240
1775418011,redis-bus,42368,199,9.2,0,0,506004,302202,252476,0,0,0,0,1067789
1775418011,redis-orchestrator,30016,37,9.5,85404,127101,0,0,0,85275,127767,127767,115,680690
1775418011,redis-order,28390,371,16.9,264488,84638,0,0,0,84643,84639,84639,0,604312
1775418011,redis-payment,9556,10,11.6,76827,69075,0,0,0,34539,34538,34538,0,249604
1775418011,redis-stock,15235,18,11.8,112716,104755,0,0,0,69841,69840,69840,0,427103
1775418013,redis-bus,43529,199,9.7,0,0,560464,323836,279794,0,0,0,0,1171285
1775418013,redis-orchestrator,30360,37,10.1,94621,140900,0,0,0,94482,141562,141562,120,754298
1775418013,redis-order,28424,373,17.0,295960,93720,0,0,0,93721,93721,93721,0,672116
1775418013,redis-payment,9244,10,11.9,84198,74815,0,0,0,37409,37408,37408,0,271327
1775418013,redis-stock,15136,18,12.1,122779,113206,0,0,0,75476,75475,75475,0,462524
1775418016,redis-bus,44112,199,10.0,0,0,614170,344881,306565,0,0,0,0,1272885
1775418016,redis-orchestrator,31008,37,10.7,103498,154261,0,0,0,103356,154922,154922,121,825477
1775418016,redis-order,28573,379,17.0,327172,102797,0,0,0,102799,102798,102798,0,739663
1775418016,redis-payment,8872,10,12.2,91656,80494,0,0,0,40248,40248,40248,0,292986
1775418016,redis-stock,15089,18,12.3,133346,121912,0,0,0,81283,81280,81280,0,499217
1775418018,redis-bus,43852,199,10.1,0,0,670650,367108,334820,0,0,0,0,1379930
1775418018,redis-orchestrator,31218,37,11.3,112921,168350,0,0,0,112780,169011,169011,121,900672
1775418018,redis-order,28581,379,17.0,358448,112000,0,0,0,112001,112001,112001,0,807752
1775418018,redis-payment,8825,10,12.5,98883,85865,0,0,0,42934,42933,42933,0,313642
1775418018,redis-stock,14729,18,12.6,142911,129648,0,0,0,86436,86435,86435,0,531983
1775418020,redis-bus,45001,199,10.1,0,0,724579,388286,361947,0,0,0,0,1482239
1775418020,redis-orchestrator,31745,37,11.8,121787,181579,0,0,0,121646,182240,182240,121,971297
1775418020,redis-order,28518,379,17.0,387339,120886,0,0,0,120888,120887,120887,0,872190
1775418020,redis-payment,8873,10,12.7,105915,90922,0,0,0,45463,45461,45461,0,333318
1775418020,redis-stock,14245,18,12.8,152227,137073,0,0,0,91385,91385,91385,0,563575
1775418023,redis-bus,46511,199,10.1,0,0,779762,409892,389567,0,0,0,0,1586724
1775418023,redis-orchestrator,32784,37,12.3,131219,195701,0,0,0,131075,196361,196361,123,1046634
1775418023,redis-order,28793,379,17.0,416537,130401,0,0,0,130403,130403,130403,0,939452
1775418023,redis-payment,8400,10,13.0,113246,95964,0,0,0,47984,47982,47982,0,353256
1775418023,redis-stock,13276,18,13.1,161972,144500,0,0,0,96338,96337,96337,0,595606
1775418025,redis-bus,47314,200,10.1,0,0,838057,432797,418685,0,0,0,0,1697123
1775418025,redis-orchestrator,33383,37,12.9,140713,209963,0,0,0,140565,210619,210619,127,1122647
1775418025,redis-order,28854,379,17.0,443996,139749,0,0,0,139751,139751,139751,0,1004309
1775418025,redis-payment,8401,10,13.2,120292,100765,0,0,0,50383,50383,50383,0,372307
1775418025,redis-stock,14023,18,13.3,171499,151728,0,0,0,101155,101155,101155,0,626817
1775418027,redis-bus,45933,200,10.1,0,0,892225,454162,445788,0,0,0,0,1799840
1775418027,redis-orchestrator,32067,37,13.3,149915,223761,0,0,0,149771,224417,224417,127,1196233
1775418027,redis-order,28964,379,17.0,473555,149009,0,0,0,149012,149011,149011,0,1070913
1775418027,redis-payment,8093,10,13.4,127228,105274,0,0,0,52638,52637,52637,0,390517
1775418027,redis-stock,12317,18,13.5,180525,158386,0,0,0,105595,105594,105594,0,655821
1775418030,redis-bus,48005,201,10.1,0,0,950469,477071,474934,0,0,0,0,1910214
1775418030,redis-orchestrator,33890,37,13.8,159657,238331,0,0,0,159510,238987,238987,127,1273984
1775418030,redis-order,28829,379,17.0,501341,158836,0,0,0,158838,158838,158838,0,1138008
1775418030,redis-payment,7900,10,13.6,134402,109799,0,0,0,54900,54900,54900,0,409006
1775418030,redis-stock,12638,18,13.8,189886,165111,0,0,0,110078,110078,110078,0,685360
1775418032,redis-bus,48547,201,10.0,0,0,1009560,499749,504483,0,0,0,0,2021613
1775418032,redis-orchestrator,34082,37,14.3,169469,253043,0,0,0,169321,253698,253698,128,1352446
1775418032,redis-order,28850,379,17.0,529229,168656,0,0,0,168658,168658,168658,0,1205178
1775418032,redis-payment,7734,10,13.9,141744,114318,0,0,0,57159,57159,57159,0,427646
1775418032,redis-stock,12426,18,14.0,199488,171867,0,0,0,114582,114581,114581,0,715230
1775418034,redis-bus,48654,202,10.1,0,0,1071428,523722,535400,0,0,0,0,2138453
1775418034,redis-orchestrator,34548,37,14.7,179678,268420,0,0,0,179524,269075,269075,133,1434367
1775418034,redis-order,28666,379,17.0,556165,178626,0,0,0,178630,178628,178628,0,1271999
1775418034,redis-payment,7157,10,14.1,148495,118234,0,0,0,59119,59117,59117,0,444192
1775418034,redis-stock,11958,18,14.2,208280,177786,0,0,0,118527,118527,118527,0,741781
1775418037,redis-bus,48634,202,10.1,0,0,1128635,546080,564149,0,0,0,0,2246842
1775418037,redis-orchestrator,34068,37,15.1,189492,283050,0,0,0,189340,283713,283713,133,1512531
1775418037,redis-order,28858,381,17.0,583560,188442,0,0,0,188446,188444,188444,0,1338671
1775418037,redis-payment,7295,10,14.3,155430,122138,0,0,0,61069,61069,61069,0,460887
1775418037,redis-stock,11064,18,14.4,216998,183538,0,0,0,122362,122362,122362,0,767758
1775418039,redis-bus,48513,202,10.1,0,0,1188497,569112,594039,0,0,0,0,2359707
1775418039,redis-orchestrator,34672,37,15.5,199395,297850,0,0,0,199243,298517,298517,133,1591538
1775418039,redis-order,28956,381,17.0,610897,198567,0,0,0,198569,198569,198569,0,1406508
1775418039,redis-payment,7017,10,14.4,162450,125976,0,0,0,62988,62988,62988,0,477504
1775418039,redis-stock,11084,18,14.6,225832,189218,0,0,0,126152,126149,126149,0,793638
1775418041,redis-bus,48901,202,10.1,0,0,1249115,592403,624413,0,0,0,0,2474065
1775418041,redis-orchestrator,34567,37,15.9,209497,313004,0,0,0,209345,313678,313678,133,1672367
1775418041,redis-order,28755,381,17.0,637442,208477,0,0,0,208480,208479,208479,0,1472696
1775418041,redis-payment,7023,10,14.6,169294,129652,0,0,0,64827,64826,64826,0,493541
1775418041,redis-stock,10985,18,14.7,234552,194726,0,0,0,129826,129822,129822,0,818888
1775418043,redis-bus,50304,202,10.1,0,0,1310563,616610,655071,0,0,0,0,2590459
1775418043,redis-orchestrator,35336,37,16.7,219811,328461,0,0,0,219652,329137,329137,138,1754828
1775418043,redis-order,29105,381,17.0,664884,218953,0,0,0,218956,218955,218955,0,1542044
1775418043,redis-payment,6871,10,14.8,176280,133266,0,0,0,66633,66633,66633,0,509563
1775418043,redis-stock,10577,18,14.9,243290,200130,0,0,0,133427,133426,133426,0,843841
1775418046,redis-bus,50857,202,10.1,0,0,1371984,640403,685823,0,0,0,0,2706506
1775418046,redis-orchestrator,36110,37,17.0,229885,343532,0,0,0,229725,344236,344236,139,1835315
1775418046,redis-order,29222,381,17.0,690031,228766,0,0,0,228768,228768,228768,0,1606450
1775418046,redis-payment,6733,10,15.0,182859,136581,0,0,0,68291,68291,68291,0,524434
1775418046,redis-stock,10443,18,15.1,251463,205038,0,0,0,136698,136697,136697,0,866738
1775418048,redis-bus,51051,204,10.1,0,0,1431277,663359,715367,0,0,0,0,2818378
1775418048,redis-orchestrator,36071,37,17.4,239958,358614,0,0,0,239800,359371,359371,139,1915894
1775418048,redis-order,29163,381,17.0,716368,239017,0,0,0,239019,239019,239019,0,1673793
1775418048,redis-payment,6227,10,15.1,189633,139750,0,0,0,69876,69875,69875,0,539132
1775418048,redis-stock,9592,18,15.2,260108,209946,0,0,0,139971,139969,139969,0,890110
1775418050,redis-bus,50719,204,10.1,0,0,1495335,688459,747507,0,0,0,0,2939755
1775418050,redis-orchestrator,36050,37,17.7,250579,374440,0,0,0,250419,375243,375243,139,2000528
1775418050,redis-order,29123,381,17.0,742922,249344,0,0,0,249351,249346,249346,0,1741662
1775418050,redis-payment,6183,10,15.3,196259,142764,0,0,0,71384,71382,71382,0,553296
1775418050,redis-stock,9543,18,15.4,268004,214332,0,0,0,142893,142893,142893,0,911164
1775418053,redis-bus,50952,204,10.1,0,0,1554868,712016,777302,0,0,0,0,3052717
1775418053,redis-orchestrator,35875,37,18.0,260716,389530,0,0,0,260554,390366,390366,141,2081229
1775418053,redis-order,29973,381,17.0,770051,259671,0,0,0,259673,259673,259673,0,1810096
1775418053,redis-payment,6136,10,15.4,203014,145712,0,0,0,72856,72856,72856,0,567421
1775418053,redis-stock,8729,18,15.5,276135,218700,0,0,0,145805,145805,145805,0,932401
1775418055,redis-bus,51472,204,10.1,0,0,1618946,737638,809218,0,0,0,0,3174412
1775418055,redis-orchestrator,36241,37,18.3,271410,405535,0,0,0,271244,406458,406458,145,2166809
1775418055,redis-order,29374,381,17.0,796733,270147,0,0,0,270149,270149,270149,0,1878686
1775418055,redis-payment,5664,11,15.5,209417,148336,0,0,0,74169,74168,74168,0,580391
1775418055,redis-stock,8798,18,15.7,283986,222702,0,0,0,148475,148473,148473,0,952263
1775418057,redis-bus,50216,204,10.1,0,0,1680318,761300,839882,0,0,0,0,3290191
1775418057,redis-orchestrator,35023,37,18.6,281704,420925,0,0,0,281545,421877,421877,145,2249019
1775418057,redis-order,28921,381,17.0,823430,280447,0,0,0,280450,280449,280449,0,1946590
1775418057,redis-payment,5492,11,15.7,216023,150979,0,0,0,75491,75490,75490,0,593608
1775418057,redis-stock,8257,18,15.8,291835,226609,0,0,0,151079,151078,151078,0,971835
1775418060,redis-bus,51490,204,10.0,0,0,1744504,787242,872206,0,0,0,0,3412728
1775418060,redis-orchestrator,35624,37,18.8,292517,436912,0,0,0,292351,437969,437969,145,2334790
1775418060,redis-order,29304,381,17.0,850608,291232,0,0,0,291234,291234,291234,0,2016909
1775418060,redis-payment,5606,11,15.8,222675,153578,0,0,0,76790,76790,76790,0,606760
1775418060,redis-stock,8175,18,15.9,299806,230530,0,0,0,153695,153693,153693,0,991575
1775418062,redis-bus,51967,205,10.1,0,0,1808965,813278,904454,0,0,0,0,3535552
1775418062,redis-orchestrator,36035,37,19.1,303392,452999,0,0,0,303223,454177,454177,146,2421137
1775418062,redis-order,28840,381,17.0,877234,301752,0,0,0,301755,301754,301754,0,2085618
1775418062,redis-payment,5156,11,15.9,229075,155946,0,0,0,77974,77973,77973,0,619080
1775418062,redis-stock,7421,18,16.0,307152,233961,0,0,0,155979,155979,155979,0,1009210
1775418065,redis-bus,51506,205,10.1,0,0,1870176,838116,935073,0,0,0,0,3652296
1775418065,redis-orchestrator,35482,37,19.3,313683,468263,0,0,0,313509,469551,469551,151,2503001
1775418065,redis-order,28247,381,17.0,903270,312108,0,0,0,312110,312110,312110,0,2153080
1775418065,redis-payment,4811,11,16.0,235346,158100,0,0,0,79051,79050,79050,0,630738
1775418065,redis-stock,6797,18,16.1,314564,237225,0,0,0,158156,158155,158155,0,1026418
1775418067,redis-bus,50741,209,10.1,0,0,1932076,863148,966038,0,0,0,0,3770287
1775418067,redis-orchestrator,34372,37,19.5,324068,483684,0,0,0,323894,485088,485088,151,2585681
1775418067,redis-order,27958,381,17.0,929525,322432,0,0,0,322434,322434,322434,0,2220638
1775418067,redis-payment,4731,11,16.1,241684,160228,0,0,0,80114,80114,80114,0,642398
1775418067,redis-stock,6848,18,16.2,322173,240484,0,0,0,160330,160328,160328,0,1043808
1775418069,redis-bus,47819,209,10.1,0,0,1995626,888324,997701,0,0,0,0,3890760
1775418069,redis-orchestrator,34174,37,19.7,334946,499829,0,0,0,334772,501339,501339,151,2672231
1775418069,redis-order,28295,381,17.0,957167,333273,0,0,0,333275,333275,333275,0,2291646
1775418069,redis-payment,4595,11,16.2,248057,162227,0,0,0,81114,81114,81114,0,653772
1775418069,redis-stock,6787,18,16.3,329526,243490,0,0,0,162333,162332,162332,0,1060180
1775418072,redis-bus,47746,210,10.1,0,0,2060241,912583,1029941,0,0,0,0,4011952
1775418072,redis-orchestrator,34261,37,19.9,345729,515877,0,0,0,345554,517482,517482,151,2758171
1775418072,redis-order,29091,381,17.0,984315,343912,0,0,0,343915,343915,343915,0,2361355
1775418072,redis-payment,4814,11,16.3,254504,164279,0,0,0,82140,82140,82140,0,665351
1775418072,redis-stock,6929,18,16.4,336818,246476,0,0,0,164323,164323,164323,0,1076432
1775418074,redis-bus,50843,210,10.1,0,0,2125253,938423,1062518,0,0,0,0,4135468
1775418074,redis-orchestrator,36190,37,20.1,356844,532292,0,0,0,356656,534075,534075,157,2846422
1775418074,redis-order,30188,381,17.0,1011684,354793,0,0,0,354797,354796,354796,0,2432251
1775418074,redis-payment,4651,11,16.4,260803,166130,0,0,0,83065,83065,83065,0,676278
1775418074,redis-stock,6709,18,16.5,344003,249252,0,0,0,166173,166173,166173,0,1091945
1775418076,redis-bus,51064,212,10.1,0,0,2189523,963654,1094584,0,0,0,0,4257118
1775418076,redis-orchestrator,37342,37,20.3,367607,548275,0,0,0,367421,550144,550144,157,2932051
1775418076,redis-order,30215,381,17.0,1037871,365224,0,0,0,365227,365227,365227,0,2500169
1775418076,redis-payment,4612,11,16.5,266758,167812,0,0,0,83906,83906,83906,0,686441
1775418076,redis-stock,6451,18,16.6,350788,251754,0,0,0,167841,167841,167841,0,1106239
1775418079,redis-bus,52778,212,10.1,0,0,2251004,988853,1125488,0,0,0,0,4374779
1775418079,redis-orchestrator,36922,37,20.5,378062,563719,0,0,0,377874,565735,565735,157,3015030
1775418079,redis-order,29883,381,17.0,1063894,375588,0,0,0,375592,375591,375591,0,2567651
1775418079,redis-payment,4456,11,16.6,272886,169485,0,0,0,84743,84743,84743,0,696755
1775418079,redis-stock,6098,18,16.7,357905,254307,0,0,0,169543,169543,169543,0,1121017
1775418081,redis-bus,51082,212,10.1,0,0,2315821,1014685,1157871,0,0,0,0,4497891
1775418081,redis-orchestrator,35704,37,20.7,388925,579808,0,0,0,388740,581980,581980,157,3101424
1775418081,redis-order,28515,381,17.0,1091134,386411,0,0,0,386420,386414,386414,0,2638190
1775418081,redis-payment,4074,11,16.7,279084,171076,0,0,0,85538,85538,85538,0,706931
1775418081,redis-stock,5522,18,16.8,364966,256731,0,0,0,171159,171159,171159,0,1135352
1775418084,redis-bus,50558,212,10.1,0,0,2380750,1040918,1190357,0,0,0,0,4621623
1775418084,redis-orchestrator,35832,37,20.8,399856,595816,0,0,0,399647,598205,598205,162,3187751
1775418084,redis-order,28531,381,17.0,1117483,396929,0,0,0,396935,396932,396932,0,2706610
1775418084,redis-payment,4041,11,16.7,285012,172532,0,0,0,86266,86266,86266,0,716501
1775418084,redis-stock,5502,18,16.8,371393,258825,0,0,0,172555,172555,172555,0,1148063
1775418086,redis-bus,51013,213,10.1,0,0,2441533,1065545,1220660,0,0,0,0,4737421
1775418086,redis-orchestrator,36093,37,21.0,410135,610989,0,0,0,409924,613539,613539,163,3269328
1775418086,redis-order,29138,381,17.0,1142811,407054,0,0,0,407058,407057,407057,0,2772442
1775418086,redis-payment,4056,11,16.8,290878,173910,0,0,0,86955,86955,86955,0,725815
1775418086,redis-stock,5383,18,16.9,378139,260951,0,0,0,173973,173973,173973,0,1161192
1775418088,redis-bus,52468,213,10.1,0,0,2505503,1091532,1252702,0,0,0,0,4859496
1775418088,redis-orchestrator,37238,37,21.1,421229,627306,0,0,0,421017,630072,630072,163,3357208
1775418088,redis-order,29948,381,17.0,1170282,417987,0,0,0,417993,417991,417991,0,2843653
1775418088,redis-payment,4108,11,16.9,296985,175308,0,0,0,87654,87654,87654,0,735419
1775418088,redis-stock,5389,18,17.0,384912,263069,0,0,0,175386,175385,175385,0,1174322
1775418091,redis-bus,53463,213,10.1,0,0,2569371,1118026,1284629,0,0,0,0,4981863
1775418091,redis-orchestrator,37429,37,21.3,432085,643206,0,0,0,431873,646226,646226,163,3443027
1775418091,redis-order,30035,381,17.0,1196649,428510,0,0,0,428515,428514,428514,0,2912113
1775418091,redis-payment,4108,11,16.9,302841,176638,0,0,0,88319,88319,88319,0,744602
1775418091,redis-stock,5412,18,17.1,391331,264997,0,0,0,176670,176670,176670,0,1186525
1775418093,redis-bus,53806,213,10.1,0,0,2631025,1143423,1315467,0,0,0,0,5099829
1775418093,redis-orchestrator,37455,37,21.4,442514,658612,0,0,0,442284,661772,661772,166,3525789
1775418093,redis-order,30226,381,17.0,1223120,439055,0,0,0,439064,439059,439059,0,2980770
1775418093,redis-payment,4043,11,17.0,308811,177884,0,0,0,88942,88942,88942,0,753689
1775418093,redis-stock,5012,18,17.1,397865,266853,0,0,0,177907,177907,177907,0,1198628
1775418095,redis-bus,51934,222,10.2,0,0,2696241,1169097,1347904,0,0,0,0,5223269
1775418095,redis-orchestrator,36959,37,21.5,453495,674795,0,0,0,453260,678153,678153,169,3612880
1775418095,redis-order,29536,382,17.0,1250003,449507,0,0,0,449511,449511,449511,0,3049462
1775418095,redis-payment,3623,11,17.1,314505,178974,0,0,0,89487,89487,89487,0,762111
1775418095,redis-stock,4702,18,17.2,404106,268488,0,0,0,178997,178997,178997,0,1209777
1775418098,redis-bus,52612,222,10.2,0,0,2757183,1194227,1378495,0,0,0,0,5340005
1775418098,redis-orchestrator,36971,37,21.6,463950,690215,0,0,0,463716,693740,693740,169,3695805
1775418098,redis-order,29730,382,17.0,1275910,459879,0,0,0,459884,459883,459883,0,3116865
1775418098,redis-payment,3531,11,17.1,320234,179970,0,0,0,89985,89985,89985,0,770332
1775418098,redis-stock,4372,18,17.2,410508,270024,0,0,0,180022,180021,180021,0,1220790
1775418100,redis-bus,53057,222,10.1,0,0,2821019,1220321,1410477,0,0,0,0,5462002
1775418100,redis-orchestrator,35972,37,21.7,474662,705971,0,0,0,474427,709698,709698,169,3780653
1775418100,redis-order,28928,382,17.0,1302251,470357,0,0,0,470365,470361,470361,0,3185123
1775418100,redis-payment,3567,11,17.2,325986,181012,0,0,0,90506,90506,90506,0,778691
1775418100,redis-stock,4511,18,17.3,416634,271545,0,0,0,181035,181035,181035,0,1231480
1775418102,redis-bus,51307,222,10.1,0,0,2882014,1245029,1441005,0,0,0,0,5578308
1775418102,redis-orchestrator,35203,37,21.8,485118,721343,0,0,0,484858,725282,725282,170,3863477
1775418102,redis-order,28763,382,17.0,1328514,480862,0,0,0,480868,480866,480866,0,3253406
1775418102,redis-payment,3400,11,17.2,331775,181980,0,0,0,90990,90990,90990,0,786902
1775418102,redis-stock,4311,18,17.3,422864,272979,0,0,0,181991,181991,181991,0,1242014
1775418105,redis-bus,51099,222,10.2,0,0,2946444,1270444,1473124,0,0,0,0,5700350
1775418105,redis-orchestrator,36043,37,21.9,495844,737177,0,0,0,495572,741258,741258,175,3948557
1775418105,redis-order,29005,382,17.0,1354739,491084,0,0,0,491091,491089,491089,0,3320524
1775418105,redis-payment,3400,11,17.3,337222,182825,0,0,0,91413,91413,91413,0,794465
1775418105,redis-stock,4070,18,17.4,428779,274278,0,0,0,182857,182857,182857,0,1251828
1775418107,redis-bus,51368,223,10.2,0,0,3006419,1295092,1503091,0,0,0,0,5815018
1775418107,redis-orchestrator,36414,37,22.0,506300,752446,0,0,0,506026,756788,756788,175,4031062
1775418107,redis-order,28866,382,17.0,1380681,501465,0,0,0,501471,501470,501470,0,3387997
1775418107,redis-payment,3248,11,17.3,342863,183645,0,0,0,91823,91823,91823,0,802159
1775418107,redis-stock,4097,18,17.4,434926,275521,0,0,0,183687,183686,183686,0,1261709
1775418109,redis-bus,52327,223,10.1,0,0,3070560,1322158,1535229,0,0,0,0,5938446
1775418109,redis-orchestrator,36394,37,22.1,517219,768471,0,0,0,516945,773054,773054,175,4117482
1775418109,redis-order,28994,382,17.0,1407534,512164,0,0,0,512171,512170,512170,0,3457651
1775418109,redis-payment,3202,11,17.3,348565,184434,0,0,0,92217,92217,92217,0,809834
1775418109,redis-stock,4132,18,17.4,440961,276696,0,0,0,184469,184469,184469,0,1271269
1775418112,redis-bus,52462,223,10.1,0,0,3133925,1349041,1566876,0,0,0,0,6060419
1775418112,redis-orchestrator,36509,37,22.2,528043,784323,0,0,0,527769,789154,789154,175,4203032
1775418112,redis-order,29228,382,17.0,1433807,522703,0,0,0,522712,522709,522709,0,3526084
1775418112,redis-payment,3283,11,17.4,354382,185290,0,0,0,92645,92645,92645,0,817793
1775418112,redis-stock,4149,18,17.5,447283,277989,0,0,0,185331,185331,185331,0,1281472
1775418114,redis-bus,51780,223,10.1,0,0,3198700,1376004,1599274,0,0,0,0,6184640
1775418114,redis-orchestrator,36746,37,22.3,539157,800639,0,0,0,538851,805685,805685,181,4290961
1775418114,redis-order,29430,382,17.0,1461063,533568,0,0,0,533577,533574,533574,0,3596802
1775418114,redis-payment,3193,11,17.4,360144,186068,0,0,0,93034,93034,93034,0,825502
1775418114,redis-stock,3959,18,17.5,453381,279162,0,0,0,186113,186113,186113,0,1291091
1775418116,redis-bus,53181,225,10.2,0,0,3263858,1402646,1631898,0,0,0,0,6309149
1775418116,redis-orchestrator,37412,37,22.4,550197,816810,0,0,0,549888,822098,822098,181,4378206
1775418116,redis-order,29081,382,17.0,1487822,544228,0,0,0,544234,544234,544234,0,3666205
1775418116,redis-payment,3093,11,17.5,365861,186788,0,0,0,93394,93394,93394,0,833022
1775418116,redis-stock,3706,18,17.6,459484,280212,0,0,0,186813,186813,186813,0,1300347
1775418119,redis-bus,51339,225,10.1,0,0,3327162,1429078,1663559,0,0,0,0,6430625
1775418119,redis-orchestrator,35965,37,22.4,560992,832720,0,0,0,560688,838227,838227,181,4463869
1775418119,redis-order,28726,382,17.0,1514744,554974,0,0,0,554980,554980,554980,0,3736114
1775418119,redis-payment,3063,11,17.5,371568,187452,0,0,0,93726,93726,93726,0,840391
1775418119,redis-stock,3651,18,17.6,465507,281199,0,0,0,187471,187471,187471,0,1309333
1775418121,redis-bus,51299,225,10.1,0,0,3392235,1456751,1696086,0,0,0,0,6555979
1775418121,redis-orchestrator,35912,37,22.5,572075,848908,0,0,0,571766,854679,854679,181,4551316
1775418121,redis-order,28733,382,17.0,1541437,565661,0,0,0,565669,565667,565667,0,3805559
1775418121,redis-payment,2923,11,17.5,377260,188042,0,0,0,94021,94021,94021,0,847560
1775418121,redis-stock,3580,18,17.6,471512,282108,0,0,0,188077,188077,188077,0,1318067
1775418124,redis-bus,51082,226,10.2,0,0,3456924,1483691,1728434,0,0,0,0,6680041
1775418124,redis-orchestrator,36056,37,22.6,583105,865065,0,0,0,582759,871057,871057,186,4638451
1775418124,redis-order,29239,382,17.0,1568723,576568,0,0,0,576576,576574,576574,0,3876475
1775418124,redis-payment,3005,11,17.5,383060,188678,0,0,0,94339,94339,94339,0,854952
1775418124,redis-stock,3591,18,17.7,477665,283068,0,0,0,188718,188718,188718,0,1327105
1775418126,redis-bus,52541,226,10.1,0,0,3522581,1510418,1761195,0,0,0,0,6805272
1775418126,redis-orchestrator,37257,37,22.6,594169,881347,0,0,0,593819,887543,887543,187,4726118
1775418126,redis-order,30302,384,17.0,1595326,587185,0,0,0,587191,587191,587191,0,3945555
1775418126,redis-payment,3170,11,17.6,388561,189327,0,0,0,94664,94664,94664,0,862080
1775418126,redis-stock,3812,18,17.7,483376,284004,0,0,0,189341,189341,189341,0,1335624
1775418128,redis-bus,53139,228,10.2,0,0,3583462,1535633,1791621,0,0,0,0,6921875
1775418128,redis-orchestrator,38101,37,22.7,604656,896729,0,0,0,604307,903166,903166,187,4809098
1775418128,redis-order,30384,384,17.0,1621588,597679,0,0,0,597691,597685,597685,0,4013804
1775418128,redis-payment,3198,11,17.6,394085,189916,0,0,0,94958,94958,94958,0,869077
1775418128,redis-stock,3584,18,17.7,489165,284895,0,0,0,189935,189935,189935,0,1344088
1775418131,redis-bus,53347,228,10.2,0,0,3647407,1562269,1823592,0,0,0,0,7044504
1775418131,redis-orchestrator,37171,37,22.8,615575,912668,0,0,0,615229,919388,919388,187,4895260
1775418131,redis-order,29250,384,17.0,1647881,608174,0,0,0,608180,608180,608180,0,4082073
1775418131,redis-payment,2855,11,17.6,399689,190420,0,0,0,95210,95210,95210,0,875943
1775418131,redis-stock,3391,18,17.7,495049,285660,0,0,0,190445,190445,190445,0,1352269
1775418133,redis-bus,51861,228,10.1,0,0,3710590,1587524,1855225,0,0,0,0,7164656
1775418133,redis-orchestrator,36771,37,22.8,626286,928310,0,0,0,625894,935271,935271,190,4979733
1775418133,redis-order,29364,384,17.0,1673640,618472,0,0,0,618479,618478,618478,0,4149027
1775418133,redis-payment,2815,11,17.7,405054,190890,0,0,0,95445,95445,95445,0,882485
1775418133,redis-stock,3217,18,17.8,500658,286351,0,0,0,190906,190906,190906,0,1359954
1775418135,redis-bus,52928,228,10.1,0,0,3773360,1612880,1886671,0,0,0,0,7284310
1775418135,redis-orchestrator,37294,37,22.9,636942,943994,0,0,0,636546,951150,951150,193,5064172
1775418135,redis-order,29670,384,17.0,1699868,628943,0,0,0,628950,628949,628949,0,4217142
1775418135,redis-payment,2822,11,17.7,410424,191332,0,0,0,95666,95666,95666,0,888962
1775418135,redis-stock,3234,18,17.8,506171,287004,0,0,0,191341,191341,191341,0,1367428
1775418138,redis-bus,51970,228,10.1,0,0,3833663,1637783,1916792,0,0,0,0,7399709
1775418138,redis-orchestrator,36610,37,22.9,647221,959165,0,0,0,646826,966494,966494,193,5145756
1775418138,redis-order,29622,384,17.0,1725698,639211,0,0,0,639217,639217,639217,0,4284050
1775418138,redis-payment,2830,11,17.7,415852,191786,0,0,0,95893,95893,95893,0,895528
1775418138,redis-stock,3105,18,17.8,511898,287694,0,0,0,191801,191801,191801,0,1375227
1775418140,redis-bus,51557,229,10.1,0,0,3897284,1664706,1948582,0,0,0,0,7522129
1775418140,redis-orchestrator,35873,37,23.0,658087,975132,0,0,0,657690,982681,982681,193,5231794
1775418140,redis-order,28730,384,17.0,1752291,649831,0,0,0,649837,649837,649837,0,4353125
1775418140,redis-payment,2722,11,17.7,421388,192228,0,0,0,96114,96114,96114,0,902171
1775418140,redis-stock,3153,18,17.8,517639,288366,0,0,0,192249,192249,192249,0,1382986
1775418142,redis-bus,50154,230,10.1,0,0,3959926,1690607,1979962,0,0,0,0,7642135
1775418142,redis-orchestrator,35579,37,23.0,668913,991063,0,0,0,668474,998784,998784,194,5317515
1775418142,redis-order,28858,384,17.0,1779051,660500,0,0,0,660508,660506,660506,0,4422565
1775418142,redis-payment,2838,11,17.7,427006,192678,0,0,0,96339,96339,96339,0,908916
1775418142,redis-stock,3355,18,17.9,523594,289038,0,0,0,192697,192697,192697,0,1390959
1775418145,redis-bus,50473,230,10.2,0,0,4026050,1718211,2012965,0,0,0,0,7768947
1775418145,redis-orchestrator,37061,37,23.0,680140,1007516,0,0,0,679690,1015470,1015470,199,5406256
1775418145,redis-order,29820,384,17.0,1806636,671511,0,0,0,671517,671517,671517,0,4494194
1775418145,redis-payment,2795,11,17.8,432776,193064,0,0,0,96532,96532,96532,0,915653
1775418145,redis-stock,3218,18,17.9,529589,289626,0,0,0,193089,193089,193089,0,1398720
1775418147,redis-bus,52117,241,10.5,0,0,4091753,1744904,2045713,0,0,0,0,7894182
1775418147,redis-orchestrator,36706,37,23.1,691341,1024129,0,0,0,690889,1032278,1032278,199,5495500
1775418147,redis-order,30375,385,17.0,1834556,682623,0,0,0,682633,682629,682629,0,4566577
1775418147,redis-payment,2759,11,17.8,438317,193414,0,0,0,96707,96707,96707,0,922072
1775418147,redis-stock,3136,18,17.9,535276,290148,0,0,0,193437,193437,193437,0,1405976
1775418150,redis-bus,52735,241,10.2,0,0,4156855,1770185,2078203,0,0,0,0,8017159
1775418150,redis-orchestrator,38542,37,23.1,702368,1040306,0,0,0,701916,1048646,1048646,199,5582639
1775418150,redis-order,30729,385,17.0,1861177,693264,0,0,0,693270,693270,693270,0,4635760
1775418150,redis-payment,2678,11,17.8,443798,193704,0,0,0,96852,96852,96852,0,928280
1775418150,redis-stock,2853,18,17.9,540789,290565,0,0,0,193715,193715,193715,0,1412742
1775418152,redis-bus,53997,241,10.2,0,0,4221702,1796040,2110827,0,0,0,0,8140568
1775418152,redis-orchestrator,37083,37,23.1,713170,1056105,0,0,0,712677,1064651,1064651,200,5667852
1775418152,redis-order,29279,385,17.0,1887125,703597,0,0,0,703603,703603,703603,0,4703042
1775418152,redis-payment,2571,11,17.8,449087,193986,0,0,0,96993,96993,96993,0,934276
1775418152,redis-stock,2871,18,17.9,546116,290982,0,0,0,193993,193993,193993,0,1419322
1775418154,redis-bus,52445,241,10.2,0,0,4282624,1820296,2141261,0,0,0,0,8256258
1775418154,redis-orchestrator,36001,37,23.2,723617,1071487,0,0,0,723116,1080212,1080212,205,5750634
1775418154,redis-order,28848,385,17.0,1912885,713790,0,0,0,713796,713796,713796,0,4769576
1775418154,redis-payment,2549,11,17.8,454366,194292,0,0,0,97146,97146,97146,0,940322
1775418154,redis-stock,2787,18,17.9,551754,291465,0,0,0,194315,194315,194315,0,1426411
1775418157,redis-bus,52145,244,10.2,0,0,4344613,1845485,2172299,0,0,0,0,8374559
1775418157,redis-orchestrator,35596,37,23.2,733920,1086651,0,0,0,733421,1095575,1095575,205,5832297
1775418157,redis-order,28003,385,17.0,1938408,723965,0,0,0,723973,723972,723972,0,4835809
1775418157,redis-payment,2500,11,17.8,459584,194590,0,0,0,97295,97295,97295,0,946288
1775418157,redis-stock,2815,18,17.9,557016,291897,0,0,0,194603,194603,194603,0,1432972
1775418159,redis-bus,51537,246,10.2,0,0,4404522,1869547,2202246,0,0,0,0,8488558
1775418159,redis-orchestrator,34572,37,23.2,744278,1101916,0,0,0,743777,1111016,1111016,205,5914418
1775418159,redis-order,27966,385,17.0,1964822,734412,0,0,0,734420,734419,734419,0,4904015
1775418159,redis-payment,2410,11,17.9,464978,194836,0,0,0,97418,97418,97418,0,952299
1775418159,redis-stock,2598,18,18.0,562642,292275,0,0,0,194855,194855,194855,0,1439734
1775418161,redis-bus,49709,246,10.2,0,0,4467964,1896326,2233879,0,0,0,0,8610492
1775418161,redis-orchestrator,34847,37,23.2,755252,1118030,0,0,0,754752,1127364,1127364,205,6001292
1775418161,redis-order,28185,385,17.0,1991616,745098,0,0,0,745110,745105,745105,0,4973559
1775418161,redis-payment,2431,11,17.9,470543,195088,0,0,0,97544,97544,97544,0,958496
1775418161,redis-stock,2693,18,18.0,568303,292650,0,0,0,195105,195105,195105,0,1446522
1775418164,redis-bus,48979,246,10.2,0,0,4532379,1923115,2266012,0,0,0,0,8733912
1775418164,redis-orchestrator,34600,37,23.3,766206,1134161,0,0,0,765668,1143709,1143709,211,6088158
1775418164,redis-order,27715,385,17.0,2018224,755658,0,0,0,755666,755665,755665,0,5042405
1775418164,redis-payment,2409,11,17.9,475926,195340,0,0,0,97670,97670,97670,0,964511
1775418164,redis-stock,2834,18,18.0,573939,293034,0,0,0,195361,195361,195361,0,1453312
1775418166,redis-bus,48739,246,10.2,0,0,4597009,1948859,2298420,0,0,0,0,8856776
1775418166,redis-orchestrator,35809,37,23.3,777182,1150367,0,0,0,776642,1160054,1160054,211,6175213
1775418166,redis-order,29634,385,17.0,2046045,766738,0,0,0,766751,766745,766745,0,5114554
1775418166,redis-payment,2616,11,17.9,481475,195578,0,0,0,97789,97789,97789,0,970658
1775418166,redis-stock,2934,18,18.0,579442,293382,0,0,0,195593,195593,195593,0,1459862
1775418168,redis-bus,52678,248,10.2,0,0,4660626,1974947,2330180,0,0,0,0,8978327
1775418168,redis-orchestrator,37331,37,23.3,787937,1166277,0,0,0,787397,1176121,1176121,211,6260676
1775418168,redis-order,31103,385,17.0,2072499,777302,0,0,0,777312,777309,777309,0,5183268
1775418168,redis-payment,2713,11,17.9,486996,195819,0,0,0,97910,97910,97910,0,976785
1775418168,redis-stock,2949,18,18.0,585087,293739,0,0,0,195831,195831,195831,0,1466580
1775418171,redis-bus,53904,248,10.2,0,0,4726030,2001684,2362844,0,0,0,0,9103211
1775418171,redis-orchestrator,38205,37,23.4,798833,1182270,0,0,0,798293,1192338,1192338,211,6346885
1775418171,redis-order,30679,385,17.0,2099175,787971,0,0,0,787978,787978,787978,0,5252619
1775418171,redis-payment,2695,11,17.9,492390,196062,0,0,0,98031,98031,98031,0,982787
1775418171,redis-stock,2948,18,18.0,590509,294099,0,0,0,196071,196071,196071,0,1473084
1775418173,redis-bus,52775,248,10.2,0,0,4788625,2026509,2394036,0,0,0,0,9221901
1775418173,redis-orchestrator,37902,37,23.4,809635,1198162,0,0,0,809068,1208434,1208434,215,6432474
1775418173,redis-order,30166,385,17.0,2125592,798393,0,0,0,798404,798400,798400,0,5320730
1775418173,redis-payment,2538,11,17.9,497655,196254,0,0,0,98127,98127,98127,0,988534
1775418173,redis-stock,2705,18,18.0,595885,294390,0,0,0,196265,196265,196265,0,1479335
1775418176,redis-bus,53600,248,10.2,0,0,4851198,2053031,2425555,0,0,0,0,9342597
1775418176,redis-orchestrator,36776,37,23.4,820195,1213588,0,0,0,819627,1224093,1224093,217,6515764
1775418176,redis-order,29030,385,17.0,2151061,808587,0,0,0,808596,808594,808594,0,5386975
1775418176,redis-payment,2439,11,17.9,502818,196438,0,0,0,98219,98219,98219,0,994159
1775418176,redis-stock,2677,18,18.0,601181,294675,0,0,0,196455,196455,196455,0,1485488
1775418178,redis-bus,52859,248,10.2,0,0,4912118,2079184,2456047,0,0,0,0,9460235
1775418178,redis-orchestrator,35270,37,23.4,830660,1228879,0,0,0,830092,1239657,1239657,217,6598402
1775418178,redis-order,28027,385,17.0,2176850,818912,0,0,0,818919,818919,818919,0,5454070
1775418178,redis-payment,2354,11,17.9,508176,196610,0,0,0,98305,98305,98305,0,999950
1775418178,redis-stock,2556,18,18.0,606691,294936,0,0,0,196629,196629,196629,0,1491784
1775418180,redis-bus,49752,249,10.2,0,0,4975887,2105143,2487925,0,0,0,0,9581930
1775418180,redis-orchestrator,34277,37,23.4,841563,1244985,0,0,0,840994,1255940,1255940,217,6684981
1775418180,redis-order,27676,385,17.0,2204031,829740,0,0,0,829749,829748,829748,0,5524569
1775418180,redis-payment,2406,11,18.0,513620,196818,0,0,0,98409,98409,98409,0,1005916
1775418180,redis-stock,2606,18,18.1,612136,295236,0,0,0,196829,196829,196829,0,1498131
1775418183,redis-bus,48286,249,10.3,0,0,5038129,2130315,2518928,0,0,0,0,9700424
1775418183,redis-orchestrator,34176,37,23.5,852169,1260582,0,0,0,851583,1271726,1271726,218,6768967
1775418183,redis-order,28908,385,17.0,2230214,840206,0,0,0,840216,840214,840214,0,5592619
1775418183,redis-payment,2399,11,18.0,518930,196976,0,0,0,98488,98488,98488,0,1011623
1775418183,redis-stock,2579,18,18.1,617526,295473,0,0,0,196987,196987,196987,0,1504234
1775418185,redis-bus,49511,249,10.3,0,0,5101066,2156155,2550398,0,0,0,0,9820748
1775418185,redis-orchestrator,35347,37,23.5,862813,1276142,0,0,0,862217,1287525,1287525,223,6852980
1775418185,redis-order,29141,385,17.0,2256259,850630,0,0,0,850638,850638,850638,0,5660360
1775418185,redis-payment,2423,11,18.0,524284,197120,0,0,0,98560,98560,98560,0,1017339
1775418185,redis-stock,2619,18,18.1,623063,295689,0,0,0,197131,197131,197131,0,1510421
1775418187,redis-bus,49884,251,10.3,0,0,5164213,2181124,2582048,0,0,0,0,9940599
1775418187,redis-orchestrator,35594,37,23.5,873457,1291886,0,0,0,872864,1303438,1303438,223,6937583
1775418187,redis-order,29179,385,17.0,2281844,860857,0,0,0,860865,860865,860865,0,5726860
1775418187,redis-payment,2500,11,18.0,529397,197258,0,0,0,98629,98629,98629,0,1022800
1775418187,redis-stock,2645,18,18.1,628164,295902,0,0,0,197273,197273,197273,0,1516164
1775418189,redis-bus,52167,251,10.3,0,0,5224778,2205404,2612280,0,0,0,0,10055756
1775418189,redis-orchestrator,36938,37,23.5,883922,1307344,0,0,0,883329,1319044,1319044,223,7020640
1775418189,redis-order,30511,385,17.0,2308248,871365,0,0,0,871377,871373,871373,0,5795303
1775418189,redis-payment,2511,11,18.0,534781,197390,0,0,0,98695,98695,98695,0,1028516
1775418189,redis-stock,2621,18,18.1,633597,296097,0,0,0,197403,197403,197403,0,1522184
1775418192,redis-bus,54020,251,10.2,0,0,5290092,2231911,2645029,0,0,0,0,10180401
1775418192,redis-orchestrator,38208,37,23.5,894919,1323537,0,0,0,894323,1335432,1335432,223,7107794
1775418192,redis-order,29492,385,17.0,2334742,881892,0,0,0,881900,881900,881900,0,5863903
1775418192,redis-payment,2486,11,18.0,540035,197540,0,0,0,98770,98770,98770,0,1034147
1775418192,redis-stock,2524,18,18.1,639003,296325,0,0,0,197556,197555,197555,0,1528277
1775418194,redis-bus,53826,251,10.2,0,0,5353137,2258228,2676562,0,0,0,0,10301380
1775418194,redis-orchestrator,36311,37,23.5,905616,1339212,0,0,0,904989,1351323,1351323,229,7192331
1775418194,redis-order,29067,385,17.0,2360703,892317,0,0,0,892328,892325,892325,0,5931569
1775418194,redis-payment,2379,11,18.0,545333,197660,0,0,0,98830,98830,98830,0,1039747
1775418194,redis-stock,2471,18,18.1,644459,296505,0,0,0,197675,197675,197675,0,1534274
1775418197,redis-bus,51407,251,10.2,0,0,5416293,2284495,2708117,0,0,0,0,10422437
1775418197,redis-orchestrator,36109,37,23.5,916194,1354720,0,0,0,915564,1367062,1367062,229,7275977
1775418197,redis-order,28500,386,17.0,2386468,902589,0,0,0,902597,902597,902597,0,5998426
1775418197,redis-payment,2300,11,18.0,550462,197752,0,0,0,98876,98876,98876,0,1045109
1775418197,redis-stock,2358,19,18.1,649624,296649,0,0,0,197771,197771,197771,0,1539877
1775418199,redis-bus,49781,251,10.2,0,0,5476448,2308920,2738210,0,0,0,0,10537187
1775418199,redis-orchestrator,34760,37,23.5,926431,1369804,0,0,0,925802,1382335,1382335,229,7357165
1775418199,redis-order,27440,386,17.0,2412345,912873,0,0,0,912883,912881,912881,0,6065447
1775418199,redis-payment,2153,11,18.0,555723,197840,0,0,0,98920,98920,98920,0,1050592
1775418199,redis-stock,2220,19,18.1,654949,296775,0,0,0,197855,197855,197855,0,1545582
1775418201,redis-bus,47354,251,10.2,0,0,5539397,2333419,2769678,0,0,0,0,10656182
1775418201,redis-orchestrator,32792,37,23.6,937216,1385703,0,0,0,936586,1398415,1398415,229,7442694
1775418201,redis-order,26338,386,17.0,2438788,923388,0,0,0,923399,923396,923396,0,6133953
1775418201,redis-payment,2205,11,18.0,561030,197976,0,0,0,98988,98988,98988,0,1056241
1775418201,redis-stock,2521,19,18.1,660387,296976,0,0,0,197989,197989,197989,0,1551625
1775418204,redis-bus,46442,251,10.3,0,0,5602247,2358435,2801006,0,0,0,0,10775459
1775418204,redis-orchestrator,32836,37,23.6,947802,1401428,0,0,0,947151,1414256,1414256,234,7527000
1775418204,redis-order,27666,386,17.0,2465138,933904,0,0,0,933912,933912,933912,0,6202366
1775418204,redis-payment,2276,11,18.0,566336,198074,0,0,0,99037,99037,99037,0,1061794
1775418204,redis-stock,2413,19,18.1,665518,297120,0,0,0,198085,198085,198085,0,1557190
1775418206,redis-bus,48052,251,10.3,0,0,5663726,2383229,2831732,0,0,0,0,10892530
1775418206,redis-orchestrator,34807,37,23.6,958422,1417124,0,0,0,957765,1430075,1430075,235,7611265
1775418206,redis-order,28493,386,17.0,2491967,944606,0,0,0,944617,944614,944614,0,6272008
1775418206,redis-payment,2402,11,18.0,571757,198186,0,0,0,99093,99093,99093,0,1067497
1775418206,redis-stock,2578,19,18.1,671002,297298,0,0,0,198205,198204,198204,0,1563212
1775418208,redis-bus,50627,251,10.3,0,0,5727565,2409669,2863662,0,0,0,0,11014820
1775418208,redis-orchestrator,35667,37,23.6,969362,1433255,0,0,0,968705,1446393,1446393,235,7698038
1775418208,redis-order,29746,390,17.1,2518061,955044,0,0,0,955052,955052,955052,0,6339871
1775418208,redis-payment,2434,11,18.0,577014,198280,0,0,0,99140,99140,99140,0,1072992
1775418208,redis-stock,2556,19,18.1,676269,297432,0,0,0,198293,198293,198293,0,1568882
1775418211,redis-bus,52123,251,10.3,0,0,5790136,2434571,2894983,0,0,0,0,11133692
1775418211,redis-orchestrator,37597,37,23.6,979801,1448593,0,0,0,979143,1461945,1461945,235,7780695
1775418211,redis-order,30274,390,17.0,2544117,965437,0,0,0,965447,965446,965446,0,6407505
1775418211,redis-payment,2502,11,18.0,582371,198362,0,0,0,99181,99181,99181,0,1078556
1775418211,redis-stock,2578,19,18.1,681794,297549,0,0,0,198371,198371,198371,0,1574760
1775418213,redis-bus,53180,251,10.3,0,0,5854822,2460072,2927261,0,0,0,0,11256236
1775418213,redis-orchestrator,37863,37,23.6,990734,1464696,0,0,0,990037,1478216,1478216,238,7867308
1775418213,redis-order,30349,390,17.0,2571313,976228,0,0,0,976242,976237,976237,0,6477871
1775418213,redis-payment,2426,11,18.0,587676,198442,0,0,0,99221,99221,99221,0,1084063
1775418213,redis-stock,2590,19,18.1,687118,297675,0,0,0,198455,198455,198455,0,1580464
1775418215,redis-bus,53546,251,10.3,0,0,5917367,2485406,2958591,0,0,0,0,11375526
1775418215,redis-orchestrator,37728,37,23.6,1001319,1480197,0,0,0,1000625,1493944,1493944,241,7950943
1775418215,redis-order,29803,390,17.0,2596801,986402,0,0,0,986412,986411,986411,0,6544053
1775418215,redis-payment,2372,11,18.0,592783,198526,0,0,0,99263,99263,99263,0,1089382
1775418215,redis-stock,2461,19,18.1,692290,297801,0,0,0,198539,198539,198539,0,1586016
1775418218,redis-bus,53923,252,10.3,0,0,5977921,2510892,2988926,0,0,0,0,11491979
1775418218,redis-orchestrator,37620,37,23.6,1011480,1495139,0,0,0,1010781,1509085,1509085,241,8031429
1775418218,redis-order,29915,390,17.0,2621466,996289,0,0,0,996299,996298,996298,0,6608272
1775418218,redis-payment,2366,11,18.0,597800,198596,0,0,0,99298,99298,99298,0,1094577
1775418218,redis-stock,2411,19,18.1,697242,297903,0,0,0,198607,198607,198607,0,1591277
1775418220,redis-bus,53108,252,10.3,0,0,6038474,2536797,3019224,0,0,0,0,11608813
1775418220,redis-orchestrator,36983,37,23.6,1021879,1510309,0,0,0,1021179,1524535,1524535,241,8113467
1775418220,redis-order,29511,390,17.0,2647252,1006603,0,0,0,1006614,1006612,1006612,0,6675319
1775418220,redis-payment,2354,11,18.0,603090,198670,0,0,0,99335,99335,99335,0,1100054
1775418220,redis-stock,2365,19,18.2,702505,298014,0,0,0,198681,198681,198681,0,1596875
1775418222,redis-bus,52473,252,10.3,0,0,6101148,2563469,3050532,0,0,0,0,11729543
1775418222,redis-orchestrator,36049,37,23.6,1032682,1526122,0,0,0,1031980,1540615,1540615,241,8198862
1775418222,redis-order,29533,390,17.0,2673154,1016948,0,0,0,1016957,1016957,1016957,0,6742601
1775418222,redis-payment,2311,11,18.0,608173,198736,0,0,0,99368,99368,99368,0,1105304
1775418222,redis-stock,2349,19,18.2,707634,298110,0,0,0,198745,198745,198745,0,1602294
1775418224,redis-bus,52348,252,10.2,0,0,6162148,2588815,3081066,0,0,0,0,11846504
1775418224,redis-orchestrator,36566,37,23.7,1043206,1541563,0,0,0,1042481,1556274,1556274,247,8282115
1775418224,redis-order,28449,390,17.0,2698988,1027255,0,0,0,1027264,1027264,1027264,0,6809665
1775418224,redis-payment,2242,11,18.1,613484,198804,0,0,0,99402,99402,99402,0,1110787
1775418224,redis-stock,2276,19,18.2,713025,298212,0,0,0,198813,198813,198813,0,1607993
1775418227,redis-bus,51395,252,10.2,0,0,6224657,2614269,3112246,0,0,0,0,11965722
1775418227,redis-orchestrator,35963,37,23.7,1053698,1556905,0,0,0,1052969,1571858,1571858,247,8364947
1775418227,redis-order,28425,390,17.0,2724220,1037317,0,0,0,1037326,1037326,1037326,0,6875148
1775418227,redis-payment,2203,11,18.1,618426,198874,0,0,0,99437,99437,99437,0,1115907
1775418227,redis-stock,2278,19,18.2,718184,298323,0,0,0,198887,198887,198887,0,1613488
1775418229,redis-bus,50428,252,10.3,0,0,6285804,2638656,3142897,0,0,0,0,12081984
1775418229,redis-orchestrator,33409,37,23.7,1064149,1572269,0,0,0,1063421,1587430,1587430,247,8447725
1775418229,redis-order,26620,390,17.0,2750563,1047837,0,0,0,1047847,1047846,1047846,0,6943579
1775418229,redis-payment,2128,11,18.1,623900,198950,0,0,0,99475,99475,99475,0,1121573
1775418229,redis-stock,2302,19,18.2,723575,298431,0,0,0,198959,198959,198959,0,1619205
1775418231,redis-bus,46483,252,10.2,0,0,6348454,2663532,3174202,0,0,0,0,12200895
1775418231,redis-orchestrator,32729,37,23.7,1074994,1588195,0,0,0,1074265,1603592,1603592,247,8533590
1775418231,redis-order,27062,390,17.0,2777542,1058502,0,0,0,1058514,1058511,1058511,0,7013222
1775418231,redis-payment,2126,11,18.1,629112,198994,0,0,0,99497,99497,99497,0,1126897
1775418231,redis-stock,2315,19,18.2,728876,298500,0,0,0,199005,199005,199005,0,1624715
1775418234,redis-bus,47181,252,10.2,0,0,6411046,2688190,3205461,0,0,0,0,12319487
1775418234,redis-orchestrator,33211,37,23.7,1085772,1604034,0,0,0,1085003,1619621,1619621,253,8618891
1775418234,redis-order,27031,390,17.0,2803509,1068846,0,0,0,1068857,1068855,1068855,0,7080566
1775418234,redis-payment,2131,11,18.1,634291,199056,0,0,0,99528,99528,99528,0,1132233
1775418234,redis-stock,2334,19,18.2,734066,298593,0,0,0,199067,199067,199067,0,1630186
1775418236,redis-bus,48939,252,10.2,0,0,6473870,2713248,3236894,0,0,0,0,12438876
1775418236,redis-orchestrator,34530,37,23.7,1096459,1619818,0,0,0,1095691,1635559,1635559,253,8703707
1775418236,redis-order,28185,390,17.0,2830628,1079552,0,0,0,1079563,1079561,1079561,0,7150511
1775418236,redis-payment,2295,11,18.1,639755,199092,0,0,0,99546,99546,99546,0,1137789
1775418236,redis-stock,2346,19,18.2,739494,298644,0,0,0,199101,199101,199101,0,1635769
1775418238,redis-bus,52135,255,10.3,0,0,6538438,2739932,3269166,0,0,0,0,12562495
1775418238,redis-orchestrator,36918,37,23.7,1107075,1635441,0,0,0,1106307,1651376,1651376,253,8787819
1775418238,redis-order,29210,390,17.0,2856287,1089797,0,0,0,1089811,1089806,1089806,0,7217161
1775418238,redis-payment,2319,11,18.1,644838,199134,0,0,0,99567,99567,99567,0,1142980
1775418238,redis-stock,2422,19,18.2,744551,298707,0,0,0,199143,199143,199143,0,1641018
1775418241,redis-bus,52796,255,10.2,0,0,6599278,2765499,3299611,0,0,0,0,12679421
1775418241,redis-orchestrator,37472,37,23.7,1117725,1651003,0,0,0,1116956,1667215,1667215,253,8871916
1775418241,redis-order,29927,390,17.0,2883023,1100487,0,0,0,1100497,1100496,1100496,0,7286655
1775418241,redis-payment,2384,11,18.1,650257,199184,0,0,0,99592,99592,99592,0,1148526
1775418241,redis-stock,2405,19,18.2,750005,298782,0,0,0,199193,199193,199193,0,1646699
1775418243,redis-bus,53664,255,10.2,0,0,6664997,2791504,3332498,0,0,0,0,12804111
1775418243,redis-orchestrator,37851,37,23.7,1128863,1667281,0,0,0,1128060,1683765,1683765,256,8959849
1775418243,redis-order,29656,390,17.0,2909806,1111142,0,0,0,1111151,1111151,1111151,0,7356059
1775418243,redis-payment,2306,11,18.1,655559,199214,0,0,0,99607,99607,99607,0,1153905
1775418243,redis-stock,2280,19,18.2,755274,298827,0,0,0,199223,199223,199223,0,1652105
1775418245,redis-bus,52311,255,10.3,0,0,6728535,2817055,3364132,0,0,0,0,12924913
1775418245,redis-orchestrator,36788,37,23.7,1139713,1683116,0,0,0,1138900,1699856,1699856,259,9045404
1775418245,redis-order,29009,390,17.0,2935983,1121608,0,0,0,1121620,1121617,1121617,0,7424105
1775418245,redis-payment,2212,11,18.1,660822,199274,0,0,0,99637,99637,99637,0,1159320
1775418245,redis-stock,2169,19,18.2,760596,298917,0,0,0,199283,199283,199283,0,1657699
1775418248,redis-bus,50957,255,10.2,0,0,6791774,2842172,3395857,0,0,0,0,13045078
1775418248,redis-orchestrator,36071,37,23.7,1150250,1698594,0,0,0,1149437,1715549,1715549,259,9128819
1775418248,redis-order,28905,390,17.0,2961855,1131796,0,0,0,1131805,1131805,1131805,0,7490732
1775418248,redis-payment,2243,11,18.1,665880,199298,0,0,0,99649,99649,99649,0,1164441
1775418248,redis-stock,2181,19,18.2,765629,298953,0,0,0,199307,199307,199307,0,1662843
1775418250,redis-bus,51134,256,10.2,0,0,6852093,2866632,3425996,0,0,0,0,13160071
1775418250,redis-orchestrator,36136,37,23.7,1160548,1713779,0,0,0,1159735,1730911,1730911,259,9210504
1775418250,redis-order,28825,390,17.0,2987247,1141864,0,0,0,1141873,1141873,1141873,0,7556400
1775418250,redis-payment,2191,11,18.1,670939,199322,0,0,0,99661,99661,99661,0,1169562
1775418250,redis-stock,2165,19,18.2,770747,298992,0,0,0,199333,199333,199333,0,1668080
1775418252,redis-bus,50799,256,10.3,0,0,6912670,2891162,3456274,0,0,0,0,13275536
1775418252,redis-orchestrator,36412,37,23.7,1171001,1729098,0,0,0,1170162,1746451,1746451,260,9293131
1775418252,redis-order,28938,390,17.0,3013784,1152503,0,0,0,1152512,1152512,1152512,0,7625495
1775418252,redis-payment,2286,11,18.1,676370,199356,0,0,0,99678,99678,99678,0,1175080
1775418252,redis-stock,2302,19,18.2,776201,299043,0,0,0,199367,199367,199367,0,1673689
1775418255,redis-bus,51067,256,10.3,0,0,6977929,2917289,3488817,0,0,0,0,13399545
1775418255,redis-orchestrator,37474,38,23.7,1182166,1745462,0,0,0,1181314,1763051,1763051,265,9381397
1775418255,redis-order,29599,390,17.0,3040701,1163254,0,0,0,1163263,1163263,1163263,0,7695418
1775418255,redis-payment,2324,11,18.1,681789,199378,0,0,0,99689,99689,99689,0,1180556
1775418255,redis-stock,2339,19,18.2,781749,299076,0,0,0,199389,199389,199389,0,1679338
1775418257,redis-bus,52503,256,10.2,0,0,7042412,2943922,3521128,0,0,0,0,13523053
1775418257,redis-orchestrator,37857,38,23.7,1193076,1761558,0,0,0,1192225,1779346,1779346,265,9467997
1775418257,redis-order,30432,390,17.0,3067158,1173838,0,0,0,1173850,1173847,1173847,0,7764217
1775418257,redis-payment,2379,11,18.1,687003,199406,0,0,0,99703,99703,99703,0,1185843
1775418257,redis-stock,2373,19,18.2,786903,299115,0,0,0,199415,199415,199415,0,1684612
1775418259,redis-bus,53240,262,10.3,0,0,7104063,2968905,3551780,0,0,0,0,13640434
1775418259,redis-orchestrator,38070,38,23.7,1203743,1777283,0,0,0,1202892,1795279,1795279,265,9552650
1775418259,redis-order,30552,391,17.0,3094448,1184538,0,0,0,1184547,1184547,1184547,0,7834314
1775418259,redis-payment,2364,11,18.1,692437,199440,0,0,0,99720,99720,99720,0,1191364
1775418259,redis-stock,2314,19,18.2,792284,299166,0,0,0,199449,199449,199449,0,1690148
1775418262,redis-bus,53323,262,10.3,0,0,7170105,2995154,3584978,0,0,0,0,13766007
1775418262,redis-orchestrator,37589,38,23.7,1214817,1793574,0,0,0,1213965,1811737,1811737,265,9640296
1775418262,redis-order,29296,391,17.0,3121332,1195224,0,0,0,1195233,1195233,1195233,0,7903944
1775418262,redis-payment,2256,11,18.1,697730,199470,0,0,0,99735,99735,99735,0,1196734
1775418262,redis-stock,2236,19,18.2,797617,299211,0,0,0,199479,199479,199479,0,1695618
1775418264,redis-bus,51839,262,10.3,0,0,7233833,3021066,3616913,0,0,0,0,13887664
1775418264,redis-orchestrator,36191,38,23.7,1225598,1809329,0,0,0,1224702,1827722,1827722,271,9725344
1775418264,redis-order,27559,391,17.0,3147637,1205741,0,0,0,1205750,1205750,1205750,0,7972319
1775418264,redis-payment,2087,11,18.1,703028,199490,0,0,0,99745,99745,99745,0,1202084
1775418264,redis-stock,2061,19,18.2,802920,299241,0,0,0,199499,199499,199499,0,1701013
1775418267,redis-bus,48346,262,10.3,0,0,7296856,3046132,3648355,0,0,0,0,14007277
1775418267,redis-orchestrator,34268,38,23.7,1236276,1825078,0,0,0,1235381,1843663,1843663,271,9810080
1775418267,redis-order,26925,391,17.0,3174356,1216448,0,0,0,1216458,1216457,1216457,0,8041869
1775418267,redis-payment,2137,11,18.1,708387,199520,0,0,0,99760,99760,99760,0,1207520
1775418267,redis-stock,2175,19,18.2,808283,299286,0,0,0,199529,199529,199529,0,1706513
1775418269,redis-bus,48473,262,10.2,0,0,7359595,3071570,3679739,0,0,0,0,14126914
1775418269,redis-orchestrator,35272,38,23.7,1247221,1841124,0,0,0,1246325,1859950,1859950,271,9896634
1775418269,redis-order,27990,391,17.0,3200334,1226855,0,0,0,1226864,1226864,1226864,0,8109482
1775418269,redis-payment,2229,11,18.1,713577,199532,0,0,0,99766,99766,99766,0,1212743
1775418269,redis-stock,2223,19,18.2,813421,299304,0,0,0,199541,199541,199541,0,1711708
1775418271,redis-bus,48363,262,10.3,0,0,7421440,3096862,3710635,0,0,0,0,14245026
1775418271,redis-orchestrator,34685,38,23.7,1257703,1856549,0,0,0,1256810,1875585,1875585,271,9979718
1775418271,redis-order,28475,391,17.0,3226185,1237142,0,0,0,1237154,1237151,1237151,0,8176486
1775418271,redis-payment,2255,11,18.1,718722,199558,0,0,0,99779,99779,99779,0,1217955
1775418271,redis-stock,2279,19,18.2,818610,299343,0,0,0,199567,199567,199567,0,1717016
1775418274,redis-bus,49480,263,10.3,0,0,7484014,3121497,3741912,0,0,0,0,14363596
1775418274,redis-orchestrator,35601,38,23.7,1268274,1871922,0,0,0,1267344,1891233,1891233,276,10062904
1775418274,redis-order,28934,391,17.0,3251723,1247337,0,0,0,1247346,1247346,1247346,0,8242803
1775418274,redis-payment,2255,11,18.1,723896,199570,0,0,0,99785,99785,99785,0,1223161
1775418274,redis-stock,2356,19,18.2,823955,299361,0,0,0,199579,199579,199579,0,1722417
1775418276,redis-bus,49784,263,10.3,0,0,7546850,3146898,3773396,0,0,0,0,14483392
1775418276,redis-orchestrator,36412,38,23.7,1279107,1887780,0,0,0,1278176,1907365,1907365,277,10148553
1775418276,redis-order,30173,391,17.0,3278421,1257985,0,0,0,1257995,1257994,1257994,0,8312096
1775418276,redis-payment,2333,11,18.1,729176,199586,0,0,0,99793,99793,99793,0,1228483
1775418276,redis-stock,2376,19,18.2,829112,299385,0,0,0,199595,199595,199595,0,1727648
1775418278,redis-bus,51446,263,10.2,0,0,7607524,3171292,3803753,0,0,0,0,14598896
1775418278,redis-orchestrator,36241,38,23.7,1289246,1902718,0,0,0,1288315,1922471,1922471,277,10228918
1775418278,redis-order,29933,391,17.0,3303364,1267935,0,0,0,1267945,1267944,1267944,0,8376845
1775418278,redis-payment,2333,11,18.1,734264,199612,0,0,0,99806,99806,99806,0,1233639
1775418278,redis-stock,2420,19,18.2,834209,299424,0,0,0,199621,199621,199621,0,1732865
1775418281,redis-bus,50490,263,10.3,0,0,7669043,3195384,3834311,0,0,0,0,14715142
1775418281,redis-orchestrator,36702,38,23.8,1299758,1918163,0,0,0,1298827,1938174,1938174,277,10312241
1775418281,redis-order,29122,391,17.0,3329220,1278222,0,0,0,1278234,1278233,1278233,0,8443859
1775418281,redis-payment,2372,11,18.1,739297,199634,0,0,0,99817,99817,99817,0,1238729
1775418281,redis-stock,2444,19,18.2,839262,299457,0,0,0,199643,199643,199643,0,1738019
1775418283,redis-bus,50894,263,10.3,0,0,7728925,3219356,3864435,0,0,0,0,14829195
1775418283,redis-orchestrator,36870,39,23.8,1310098,1933339,0,0,0,1309138,1953547,1953547,279,10394022
1775418283,redis-order,30404,391,17.0,3355376,1288688,0,0,0,1288700,1288699,1288699,0,8511881
1775418283,redis-payment,2349,11,18.1,744620,199652,0,0,0,99826,99826,99826,0,1244099
1775418283,redis-stock,2335,19,18.2,844578,299484,0,0,0,199661,199661,199661,0,1743418
1775418285,redis-bus,52094,263,10.3,0,0,7793420,3244917,3896598,0,0,0,0,14951492
1775418285,redis-orchestrator,36723,40,23.8,1321184,1949562,0,0,0,1320218,1970009,1970009,283,10481577
1775418285,redis-order,29602,391,17.0,3381492,1299146,0,0,0,1299158,1299158,1299158,0,8579833
1775418285,redis-payment,2330,11,18.1,749799,199668,0,0,0,99834,99834,99834,0,1249320
1775418285,redis-stock,2299,19,18.2,849720,299511,0,0,0,199679,199679,199679,0,1748643
1775418287,redis-bus,52674,263,10.3,0,0,7854590,3270448,3927265,0,0,0,0,15068938
1775418287,redis-orchestrator,36917,40,23.8,1331656,1964784,0,0,0,1330686,1985540,1985540,283,10564019
1775418287,redis-order,29549,391,17.0,3407377,1309517,0,0,0,1309531,1309529,1309529,0,8647207
1775418287,redis-payment,2308,11,18.1,755071,199686,0,0,0,99843,99843,99843,0,1254640
1775418287,redis-stock,2292,19,18.2,855173,299538,0,0,0,199697,199697,199697,0,1754180
1775418290,redis-bus,52073,263,10.2,0,0,7920059,3297058,3959933,0,0,0,0,15193769
1775418290,redis-orchestrator,36311,40,23.8,1342757,1981035,0,0,0,1341785,2002044,2002044,283,10651735
1775418290,redis-order,29149,391,17.0,3434001,1320133,0,0,0,1320145,1320145,1320145,0,8716300
1775418290,redis-payment,2259,11,18.1,760304,199700,0,0,0,99850,99850,99850,0,1259910
1775418290,redis-stock,2263,19,18.2,860250,299562,0,0,0,199713,199713,199713,0,1759331
1775418292,redis-bus,52272,263,10.2,0,0,7981561,3323180,3990775,0,0,0,0,15312309
1775418292,redis-orchestrator,36382,40,23.8,1353348,1996523,0,0,0,1352376,2017791,2017791,283,10735386
1775418292,redis-order,29403,391,17.0,3459499,1330330,0,0,0,1330343,1330342,1330342,0,8782589
1775418292,redis-payment,2270,11,18.1,765401,199722,0,0,0,99861,99861,99861,0,1265064
1775418292,redis-stock,2253,19,18.2,865323,299589,0,0,0,199731,199731,199731,0,1764487
1775418294,redis-bus,52925,263,10.3,0,0,8043257,3348789,4021553,0,0,0,0,15430473
1775418294,redis-orchestrator,37395,40,23.8,1363791,2011786,0,0,0,1362778,2033278,2033278,289,10817780
1775418294,redis-order,29232,391,17.0,3485695,1340813,0,0,0,1340830,1340825,1340825,0,8850723
1775418294,redis-payment,2274,11,18.1,770759,199740,0,0,0,99870,99870,99870,0,1270469
1775418294,redis-stock,2283,19,18.2,870760,299616,0,0,0,199749,199749,199749,0,1770007
1775418297,redis-bus,50646,263,10.3,0,0,8106797,3374587,4053315,0,0,0,0,15551652
1775418297,redis-orchestrator,35870,40,23.8,1374554,2027609,0,0,0,1373539,2049335,2049335,289,10903065
1775418297,redis-order,29105,391,17.0,3511774,1351244,0,0,0,1351261,1351256,1351256,0,8918528
1775418297,redis-payment,2264,11,18.1,775987,199760,0,0,0,99880,99880,99880,0,1275749
1775418297,redis-stock,2251,19,18.2,875984,299649,0,0,0,199771,199771,199771,0,1775332
1775418299,redis-bus,51510,263,10.3,0,0,8169188,3401007,4084578,0,0,0,0,15671803
1775418299,redis-orchestrator,36119,40,23.8,1385252,2043178,0,0,0,1384237,2065201,2065201,289,10987333
1775418299,redis-order,28778,391,17.0,3537493,1361521,0,0,0,1361534,1361534,1361534,0,8985361
1775418299,redis-payment,2212,11,18.1,781038,199770,0,0,0,99885,99885,99885,0,1280828
1775418299,redis-stock,2203,19,18.2,881024,299664,0,0,0,199781,199781,199781,0,1780420
1775418301,redis-bus,51442,263,10.3,0,0,8229417,3426875,4114633,0,0,0,0,15788033
1775418301,redis-orchestrator,35945,40,23.8,1395721,2058525,0,0,0,1394708,2080788,2080788,289,11070138
1775418301,redis-order,28551,391,17.0,3563522,1371883,0,0,0,1371899,1371896,1371896,0,9052843
1775418301,redis-payment,2165,11,18.1,786333,199780,0,0,0,99890,99890,99890,0,1286150
1775418301,redis-stock,2189,19,18.2,886445,299676,0,0,0,199789,199789,199789,0,1785879
1775418304,redis-bus,49194,263,10.3,0,0,8293813,3453621,4146786,0,0,0,0,15911411
1775418304,redis-orchestrator,34907,40,23.8,1406824,2074814,0,0,0,1405758,2097284,2097284,295,11157921
1775418304,redis-order,28308,391,17.0,3590986,1382868,0,0,0,1382881,1382881,1382881,0,9124246
1775418304,redis-payment,2255,11,18.1,791863,199794,0,0,0,99897,99897,99897,0,1291717
1775418304,redis-stock,2286,19,18.2,891980,299700,0,0,0,199805,199805,199805,0,1791488
1775418306,redis-bus,49025,263,10.3,0,0,8358804,3479622,4179280,0,0,0,0,16034979
1775418306,redis-orchestrator,35229,40,23.8,1417833,2090953,0,0,0,1416768,2113691,2113691,295,11245030
1775418306,redis-order,28975,391,17.0,3618045,1393641,0,0,0,1393661,1393654,1393654,0,9194406
1775418306,redis-payment,2320,11,18.1,797256,199800,0,0,0,99900,99900,99900,0,1297127
1775418306,redis-stock,2366,19,18.2,897394,299706,0,0,0,199809,199809,199809,0,1796922
1775418309,redis-bus,51886,263,10.3,0,0,8423896,3506345,4211847,0,0,0,0,16159443
1775418309,redis-orchestrator,35871,40,23.8,1428812,2106915,0,0,0,1427747,2129974,2129974,295,11331479
1775418309,redis-order,29582,391,17.0,3643915,1403975,0,0,0,1403989,1403988,1403988,0,9261612
1775418309,redis-payment,2340,11,18.1,802297,199818,0,0,0,99909,99909,99909,0,1302216
1775418309,redis-stock,2368,19,18.2,902389,299733,0,0,0,199827,199827,199827,0,1802001
1775418311,redis-bus,50064,263,10.3,0,0,8483708,3530040,4241735,0,0,0,0,16272909
1775418311,redis-orchestrator,36403,40,23.8,1439068,2121875,0,0,0,1438001,2145219,2145219,295,11412400
1775418311,redis-order,29917,391,17.0,3669054,1414009,0,0,0,1414024,1414022,1414022,0,9326892
1775418311,redis-payment,2275,11,18.1,807324,199828,0,0,0,99914,99914,99914,0,1307270
1775418311,redis-stock,2418,19,18.2,907400,299748,0,0,0,199837,199837,199837,0,1807059
1775418313,redis-bus,47584,263,10.3,0,0,8543867,3553492,4271785,0,0,0,0,16386647
1775418313,redis-orchestrator,36163,40,23.8,1449493,2137162,0,0,0,1448382,2160702,2160702,298,11494793
1775418313,redis-order,30250,391,17.0,3694776,1424235,0,0,0,1424249,1424248,1424248,0,9393519
1775418313,redis-payment,2272,11,18.1,812405,199836,0,0,0,99918,99918,99918,0,1312373
1775418313,redis-stock,2452,19,18.2,912636,299760,0,0,0,199845,199845,199845,0,1812333
1775418315,redis-bus,50361,263,10.4,0,0,8606586,3577991,4303211,0,0,0,0,16505371
1775418315,redis-orchestrator,36572,40,23.8,1460266,2153083,0,0,0,1459151,2176805,2176805,301,11580392
1775418315,redis-order,30665,391,17.0,3721245,1434821,0,0,0,1434834,1434834,1434834,0,9462333
1775418315,redis-payment,2390,11,18.1,817733,199850,0,0,0,99925,99925,99925,0,1317738
1775418315,redis-stock,2391,19,18.2,917828,299781,0,0,0,199859,199859,199859,0,1817590
1775418318,redis-bus,52197,263,10.3,0,0,8668890,3603112,4334388,0,0,0,0,16624054
1775418318,redis-orchestrator,37251,40,23.8,1470804,2168518,0,0,0,1469687,2192457,2192457,301,11663641
1775418318,redis-order,30259,391,17.0,3747498,1445313,0,0,0,1445327,1445327,1445327,0,9530560
1775418318,redis-payment,2357,11,18.1,823049,199860,0,0,0,99930,99930,99930,0,1323082
1775418318,redis-stock,2378,19,18.2,923164,299796,0,0,0,199869,199869,199869,0,1822974
1775418320,redis-bus,52722,264,10.3,0,0,8733381,3628389,4366607,0,0,0,0,16746118
1775418320,redis-orchestrator,37615,40,23.8,1481703,2184506,0,0,0,1480588,2208686,2208686,301,11749873
1775418320,redis-order,30595,391,17.0,3774344,1456033,0,0,0,1456054,1456047,1456047,0,9600300
1775418320,redis-payment,2391,11,18.1,828349,199868,0,0,0,99934,99934,99934,0,1328404
1775418320,redis-stock,2398,19,18.2,928465,299811,0,0,0,199879,199879,199879,0,1828322
1775418323,redis-bus,53100,264,10.3,0,0,8795209,3653143,4397568,0,0,0,0,16863745
1775418323,redis-orchestrator,37056,41,23.8,1492061,2199541,0,0,0,1490906,2223988,2223988,302,11831268
1775418323,redis-order,29995,391,17.0,3798517,1465684,0,0,0,1465698,1465698,1465698,0,9663072
1775418323,redis-payment,2257,11,18.1,833163,199874,0,0,0,99937,99937,99937,0,1333235
1775418323,redis-stock,2243,19,18.2,933362,299817,0,0,0,199883,199883,199883,0,1833239
1775418325,redis-bus,51973,264,10.2,0,0,8855104,3677475,4427545,0,0,0,0,16978024
1775418325,redis-orchestrator,36666,41,23.8,1502488,2214792,0,0,0,1501323,2239502,2239502,307,11913656
1775418325,redis-order,29277,391,17.0,3824583,1476071,0,0,0,1476085,1476085,1476085,0,9730688
1775418325,redis-payment,2276,11,18.1,838514,199884,0,0,0,99942,99942,99942,0,1338613
1775418325,redis-stock,2325,19,18.2,938757,299835,0,0,0,199895,199895,199895,0,1838690
1775418327,redis-bus,51236,264,10.2,0,0,8919295,3703719,4459582,0,0,0,0,17100576
1775418327,redis-orchestrator,36504,41,23.8,1513537,2230984,0,0,0,1512372,2255961,2255961,307,12001051
1775418327,redis-order,29476,391,17.0,3852082,1487052,0,0,0,1487068,1487066,1487066,0,9802115
1775418327,redis-payment,2279,11,18.1,843981,199892,0,0,0,99946,99946,99946,0,1344102
1775418327,redis-stock,2281,19,18.2,944114,299844,0,0,0,199901,199901,199901,0,1844076
1775418330,redis-bus,52769,265,10.3,0,0,8984747,3730635,4492221,0,0,0,0,17225666
1775418330,redis-orchestrator,36851,41,23.8,1524615,2247187,0,0,0,1523449,2272448,2272448,307,12088590
1775418330,redis-order,29893,393,17.0,3878177,1497505,0,0,0,1497519,1497519,1497519,0,9870034
1775418330,redis-payment,2282,11,18.1,849089,199894,0,0,0,99947,99947,99947,0,1349218
1775418330,redis-stock,2283,19,18.2,949146,299847,0,0,0,199903,199903,199903,0,1849120
1775418332,redis-bus,53010,266,10.3,0,0,9045599,3755638,4522727,0,0,0,0,17342111
1775418332,redis-orchestrator,37615,41,23.8,1535336,2262773,0,0,0,1534170,2288336,2288336,307,12172980
1775418332,redis-order,29526,393,17.0,3904485,1508008,0,0,0,1508022,1508022,1508022,0,9938356
1775418332,redis-payment,2264,11,18.1,854352,199898,0,0,0,99949,99949,99949,0,1354493
1775418332,redis-stock,2270,19,18.2,954476,299853,0,0,0,199907,199907,199907,0,1854470
1775418334,redis-bus,53470,266,10.3,0,0,9109311,3781272,4554546,0,0,0,0,17463350
1775418334,redis-orchestrator,38089,41,23.8,1546067,2278472,0,0,0,1544858,2304260,2304260,313,12257699
1775418334,redis-order,30023,393,17.0,3930981,1518600,0,0,0,1518616,1518614,1518614,0,10007224
1775418334,redis-payment,2287,11,18.1,859696,199904,0,0,0,99952,99952,99952,0,1359854
1775418334,redis-stock,2263,19,18.2,959777,299862,0,0,0,199913,199913,199913,0,1859800
1775418337,redis-bus,53286,266,10.3,0,0,9174463,3806848,4587143,0,0,0,0,17586761
1775418337,redis-orchestrator,37661,41,23.8,1557165,2294739,0,0,0,1555953,2320764,2320764,313,12345430
1775418337,redis-order,29579,393,17.0,3957718,1529212,0,0,0,1529227,1529226,1529226,0,10076410
1775418337,redis-payment,2219,11,18.1,865019,199910,0,0,0,99955,99955,99955,0,1365194
1775418337,redis-stock,2185,19,18.2,965051,299871,0,0,0,199919,199919,199919,0,1865103
1775418339,redis-bus,52535,266,10.2,0,0,9238737,3832295,4619317,0,0,0,0,17708734
1775418339,redis-orchestrator,37308,41,23.8,1567966,2310495,0,0,0,1566754,2336819,2336819,313,12430656
1775418339,redis-order,30193,393,17.0,3983664,1539560,0,0,0,1539575,1539574,1539574,0,10143754
1775418339,redis-payment,2323,11,18.1,870103,199916,0,0,0,99958,99958,99958,0,1370296
1775418339,redis-stock,2204,19,18.2,970135,299880,0,0,0,199925,199925,199925,0,1870217
1775418341,redis-bus,53402,266,10.3,0,0,9299397,3857167,4649688,0,0,0,0,17824713
1775418341,redis-orchestrator,36765,41,23.8,1578414,2325797,0,0,0,1577202,2352370,2352370,313,12513254
1775418341,redis-order,29793,393,17.0,4009377,1549788,0,0,0,1549802,1549802,1549802,0,10210382
1775418341,redis-payment,2297,11,18.1,875242,199920,0,0,0,99960,99960,99960,0,1375447
1775418341,redis-stock,2116,19,18.2,975325,299886,0,0,0,199929,199929,199929,0,1875427
1775418344,redis-bus,50995,266,10.3,0,0,9361351,3882516,4680673,0,0,0,0,17943081
1775418344,redis-orchestrator,36249,41,23.8,1589111,2341429,0,0,0,1587848,2368225,2368225,318,12597628
1775418344,redis-order,28983,393,17.0,4036044,1560434,0,0,0,1560449,1560449,1560449,0,10279638
1775418344,redis-payment,2214,11,18.1,880597,199926,0,0,0,99963,99963,99963,0,1380819
1775418344,redis-stock,2153,19,18.2,980694,299895,0,0,0,199935,199935,199935,0,1880825
1775418346,redis-bus,51777,266,10.3,0,0,9423496,3909154,4711737,0,0,0,0,18063010
1775418346,redis-orchestrator,35857,41,23.8,1599608,2356755,0,0,0,1598344,2383828,2383828,319,12680485
1775418346,redis-order,28678,393,17.0,4061527,1570553,0,0,0,1570576,1570568,1570568,0,10345607
1775418346,redis-payment,2230,11,18.1,885653,199934,0,0,0,99967,99967,99967,0,1385897
1775418346,redis-stock,2146,19,18.2,985703,299907,0,0,0,199943,199943,199943,0,1885872
1775418348,redis-bus,50791,266,10.3,0,0,9484189,3934269,4742081,0,0,0,0,18179234
1775418348,redis-orchestrator,36116,41,23.8,1610258,2372249,0,0,0,1608993,2399650,2399650,319,12764416
1775418348,redis-order,28138,393,17.0,4087300,1580854,0,0,0,1580870,1580870,1580870,0,10412582
1775418348,redis-payment,2151,11,18.1,890945,199940,0,0,0,99970,99970,99970,0,1391207
1775418348,redis-stock,2205,19,18.2,991215,299919,0,0,0,199951,199951,199951,0,1891423
1775418351,redis-bus,48831,268,10.3,0,0,9547875,3960949,4773889,0,0,0,0,18301500
1775418351,redis-orchestrator,34418,41,23.8,1621071,2388190,0,0,0,1619805,2415808,2415808,319,12850239
1775418351,redis-order,27980,393,17.0,4114465,1591702,0,0,0,1591723,1591718,1591718,0,10483151
1775418351,redis-payment,2137,11,18.1,896363,199942,0,0,0,99971,99971,99971,0,1396632
1775418351,redis-stock,2231,19,18.2,996593,299919,0,0,0,199951,199951,199951,0,1896803
1775418353,redis-bus,49920,268,10.3,0,0,9613552,3988159,4806760,0,0,0,0,18427334
1775418353,redis-orchestrator,35295,41,23.8,1632227,2404355,0,0,0,1630923,2432281,2432281,322,12937830
1775418353,redis-order,28354,393,17.0,4141538,1602534,0,0,0,1602551,1602550,1602550,0,10553550
1775418353,redis-payment,2164,11,18.1,901775,199946,0,0,0,99973,99973,99973,0,1402056
1775418353,redis-stock,2367,19,18.2,1002059,299925,0,0,0,199955,199955,199955,0,1902289
1775418355,redis-bus,49040,268,10.3,0,0,9678088,4013843,4838887,0,0,0,0,18549766
1775418355,redis-orchestrator,35413,41,23.8,1643377,2420742,0,0,0,1642064,2448873,2448873,325,13026092
1775418355,redis-order,29356,393,17.0,4168246,1613169,0,0,0,1613185,1613185,1613185,0,10622799
1775418355,redis-payment,2302,11,18.1,907142,199954,0,0,0,99977,99977,99977,0,1407445
1775418355,redis-stock,2331,19,18.2,1007353,299937,0,0,0,199963,199963,199963,0,1907621
1775418358,redis-bus,51351,268,10.3,0,0,9742208,4039864,4871038,0,0,0,0,18672141
1775418358,redis-orchestrator,36114,41,23.8,1654337,2436823,0,0,0,1653023,2465211,2465211,325,13112845
1775418358,redis-order,29599,393,17.0,4195655,1624105,0,0,0,1624123,1624121,1624121,0,10693956
1775418358,redis-payment,2319,11,18.1,912581,199958,0,0,0,99979,99979,99979,0,1412896
1775418358,redis-stock,2376,19,18.2,1012708,299943,0,0,0,199967,199967,199967,0,1912996
1775418360,redis-bus,50158,268,10.3,0,0,9806236,4066093,4903014,0,0,0,0,18794450
1775418360,redis-orchestrator,36675,41,23.8,1665243,2452870,0,0,0,1663931,2481505,2481505,325,13199340
1775418360,redis-order,30513,393,17.0,4222639,1634858,0,0,0,1634875,1634874,1634874,0,10763959
1775418360,redis-payment,2296,11,18.1,917778,199960,0,0,0,99980,99980,99980,0,1418101
1775418360,redis-stock,2368,19,18.2,1017998,299946,0,0,0,199969,199969,199969,0,1918298
1775418363,redis-bus,50467,268,10.3,0,0,9867580,4090710,4933550,0,0,0,0,18911028
1775418363,redis-orchestrator,35656,41,23.8,1675415,2467895,0,0,0,1674071,2496706,2496706,326,13280137
1775418363,redis-order,29263,393,17.0,4247330,1644621,0,0,0,1644640,1644637,1644637,0,10827706
1775418363,redis-payment,2153,11,18.1,922614,199962,0,0,0,99981,99981,99981,0,1422944
1775418363,redis-stock,2346,19,18.2,1022926,299949,0,0,0,199971,199971,199971,0,1923237
1775418365,redis-bus,50899,268,10.3,0,0,9927297,4115200,4963634,0,0,0,0,19025395
1775418365,redis-orchestrator,35639,41,23.8,1685778,2483028,0,0,0,1684416,2512040,2512040,331,13361798
1775418365,redis-order,28903,393,17.0,4273067,1654846,0,0,0,1654863,1654862,1654862,0,10894343
1775418365,redis-payment,2201,11,18.1,927919,199968,0,0,0,99984,99984,99984,0,1428266
1775418365,redis-stock,2310,19,18.2,1028304,299958,0,0,0,199977,199977,199977,0,1928644
1775418367,redis-bus,50434,268,10.3,0,0,9992279,4141524,4995955,0,0,0,0,19149099
1775418367,redis-orchestrator,35838,41,23.8,1697021,2499447,0,0,0,1695658,2528714,2528714,331,13450467
1775418367,redis-order,29610,393,17.0,4300993,1665991,0,0,0,1666009,1666007,1666007,0,10966852
1775418367,redis-payment,2316,11,18.1,933402,199970,0,0,0,99985,99985,99985,0,1433756
1775418367,redis-stock,2357,19,18.2,1033506,299961,0,0,0,199979,199979,199979,0,1933857
1775418370,redis-bus,51796,268,10.3,0,0,10055224,4167465,5027563,0,0,0,0,19269674
1775418370,redis-orchestrator,36531,41,23.8,1707528,2514730,0,0,0,1706167,2544305,2544305,331,13533232
1775418370,redis-order,29276,393,17.0,4325727,1675843,0,0,0,1675870,1675859,1675859,0,11031009
1775418370,redis-payment,2294,11,18.1,938331,199972,0,0,0,99986,99986,99986,0,1438693
1775418370,redis-stock,2316,19,18.2,1038459,299964,0,0,0,199981,199981,199981,0,1938822
1775418372,redis-bus,51619,272,10.3,0,0,10115840,4192930,5057896,0,0,0,0,19386174
1775418372,redis-orchestrator,36956,41,23.8,1718045,2530159,0,0,0,1716683,2559969,2559969,331,13616452
1775418372,redis-order,30354,393,17.0,4352000,1686360,0,0,0,1686377,1686376,1686376,0,11099344
1775418372,redis-payment,2323,11,18.1,943664,199976,0,0,0,99988,99988,99988,0,1444038
1775418372,redis-stock,2276,19,18.2,1043791,299970,0,0,0,199985,199985,199985,0,1944174
1775418374,redis-bus,52822,272,10.3,0,0,10181364,4220837,5090617,0,0,0,0,19512409
1775418374,redis-orchestrator,37231,41,23.8,1729134,2546337,0,0,0,1727726,2576394,2576394,337,13703843
1775418374,redis-order,29182,393,17.0,4378649,1697010,0,0,0,1697026,1697026,1697026,0,11168594
1775418374,redis-payment,2239,11,18.1,948945,199976,0,0,0,99988,99988,99988,0,1449321
1775418374,redis-stock,2173,19,18.2,1049140,299970,0,0,0,199985,199985,199985,0,1949525
1775418377,redis-bus,49347,272,10.3,0,0,10244221,4246298,5122089,0,0,0,0,19632282
1775418377,redis-orchestrator,34572,41,23.8,1740086,2562388,0,0,0,1738681,2592714,2592714,337,13790486
1775418377,redis-order,27784,393,17.0,4404943,1707519,0,0,0,1707537,1707535,1707535,0,11236928
1775418377,redis-payment,2126,11,18.1,954181,199976,0,0,0,99988,99988,99988,0,1454559
1775418377,redis-stock,2160,19,18.2,1054299,299970,0,0,0,199985,199985,199985,0,1954686
1775418379,redis-bus,51123,272,10.3,0,0,10305488,4272237,5152681,0,0,0,0,19750157
1775418379,redis-orchestrator,34574,41,23.8,1750533,2577692,0,0,0,1749125,2608265,2608265,337,13873089
1775418379,redis-order,28050,393,17.0,4431081,1717975,0,0,0,1717994,1717991,1717991,0,11304894
1775418379,redis-payment,2150,11,18.1,959373,199976,0,0,0,99988,99988,99988,0,1459754
1775418379,redis-stock,2156,19,18.2,1059489,299970,0,0,0,199985,199985,199985,0,1959879
1775418381,redis-bus,49459,272,10.3,0,0,10368106,4297723,5183968,0,0,0,0,19869624
1775418381,redis-orchestrator,34953,41,23.8,1761138,2593339,0,0,0,1759732,2624087,2624087,337,13957242
1775418381,redis-order,28130,393,17.0,4456697,1728164,0,0,0,1728180,1728180,1728180,0,11371270
1775418381,redis-payment,2172,11,18.1,964487,199976,0,0,0,99988,99988,99988,0,1464870
1775418381,redis-stock,2213,19,18.2,1064620,299970,0,0,0,199985,199985,199985,0,1965012
1775418383,redis-bus,49477,272,10.4,0,0,10429931,4322700,5214793,0,0,0,0,19987330
1775418383,redis-orchestrator,36016,41,23.8,1771653,2608740,0,0,0,1770208,2639688,2639688,341,14040285
1775418383,redis-order,29638,393,17.0,4482997,1738684,0,0,0,1738701,1738700,1738700,0,11439653
1775418383,redis-payment,2289,11,18.1,969836,199982,0,0,0,99991,99991,99991,0,1470236
1775418383,redis-stock,2334,19,18.2,1070074,299979,0,0,0,199991,199991,199991,0,1970495
1775418386,redis-bus,51989,272,10.3,0,0,10495241,4349035,5247522,0,0,0,0,20111789
1775418386,redis-orchestrator,36760,41,23.8,1782688,2624996,0,0,0,1781239,2656158,2656158,343,14127804
1775418386,redis-order,30202,393,17.0,4510225,1749502,0,0,0,1749518,1749518,1749518,0,11510154
1775418386,redis-payment,2328,11,18.1,975279,199986,0,0,0,99993,99993,99993,0,1475691
1775418386,redis-stock,2362,19,18.2,1075340,299985,0,0,0,199995,199995,199995,0,1975781
1775418388,redis-bus,52614,272,10.3,0,0,10559135,4374516,5279557,0,0,0,0,20233273
1775418388,redis-orchestrator,37742,41,23.8,1793572,2641001,0,0,0,1792118,2672338,2672338,343,14213941
1775418388,redis-order,30490,393,17.0,4536234,1759906,0,0,0,1759926,1759922,1759922,0,11577785
1775418388,redis-payment,2350,11,18.1,980417,199990,0,0,0,99995,99995,99995,0,1480841
1775418388,redis-stock,2288,19,18.2,1080502,299991,0,0,0,199999,199999,199999,0,1980963
1775418391,redis-bus,53612,272,10.3,0,0,10621304,4400247,5310629,0,0,0,0,20352326
1775418391,redis-orchestrator,35958,41,23.8,1803896,2656209,0,0,0,1802442,2687742,2687742,343,14295813
1775418391,redis-order,29147,396,17.1,4562612,1770402,0,0,0,1770422,1770418,1770418,0,11646164
1775418391,redis-payment,2263,11,18.1,985725,199990,0,0,0,99995,99995,99995,0,1486152
1775418391,redis-stock,2174,19,18.2,1085870,299991,0,0,0,199999,199999,199999,0,1986334
1775418393,redis-bus,52091,272,10.3,0,0,10686351,4426762,5343154,0,0,0,0,20476496
1775418393,redis-orchestrator,36113,41,23.8,1815145,2672636,0,0,0,1813641,2704419,2704419,346,14384519
1775418393,redis-order,28938,396,17.0,4589165,1780999,0,0,0,1781018,1781015,1781015,0,11715106
1775418393,redis-payment,2213,11,18.1,990890,199990,0,0,0,99995,99995,99995,0,1491319
1775418393,redis-stock,2158,19,18.2,1091012,299991,0,0,0,199999,199999,199999,0,1991478
1775418395,redis-bus,52757,272,10.3,0,0,10747823,4452716,5373899,0,0,0,0,20594743
1775418395,redis-orchestrator,35397,41,23.8,1825624,2688059,0,0,0,1824109,2720019,2720019,349,14467522
1775418395,redis-order,27867,396,17.0,4615166,1791395,0,0,0,1791413,1791412,1791412,0,11782694
1775418395,redis-payment,2150,11,18.1,996232,199992,0,0,0,99996,99996,99996,0,1496668
1775418395,redis-stock,2194,19,18.2,1096366,299994,0,0,0,200001,200001,200001,0,1996843
1775418398,redis-bus,51369,272,10.3,0,0,10810657,4479756,5405322,0,0,0,0,20716119
1775418398,redis-orchestrator,35830,41,23.8,1836482,2703859,0,0,0,1834967,2736156,2736156,349,14553114
1775418398,redis-order,28312,396,17.0,4641749,1802047,0,0,0,1802068,1802064,1802064,0,11851890
1775418398,redis-payment,2196,11,18.1,1001609,199992,0,0,0,99996,99996,99996,0,1502047
1775418398,redis-stock,2222,19,18.2,1101741,299994,0,0,0,200001,200001,200001,0,2002220
1775418400,redis-bus,50266,272,10.3,0,0,10874356,4506276,5436981,0,0,0,0,20838079
1775418400,redis-orchestrator,36156,41,23.8,1847457,2719861,0,0,0,1845943,2752463,2752463,349,14639686
1775418400,redis-order,28611,396,17.0,4668327,1812642,0,0,0,1812659,1812659,1812659,0,11920851
1775418400,redis-payment,2214,11,18.1,1006851,199992,0,0,0,99996,99996,99996,0,1507292
1775418400,redis-stock,2242,19,18.2,1106953,299994,0,0,0,200001,200001,200001,0,2007435
1775418402,redis-bus,50177,272,10.3,0,0,10938377,4532608,5469094,0,0,0,0,20960623
1775418402,redis-orchestrator,35249,41,23.8,1858359,2735888,0,0,0,1856844,2768718,2768718,349,14726052
1775418402,redis-order,28875,396,17.0,4694979,1823325,0,0,0,1823342,1823342,1823342,0,11990238
1775418402,redis-payment,2243,11,18.1,1012234,199992,0,0,0,99996,99996,99996,0,1512677
1775418402,redis-stock,2281,19,18.2,1112323,299994,0,0,0,200001,200001,200001,0,2012807
1775418405,redis-bus,51615,272,10.3,0,0,11002629,4559673,5501283,0,0,0,0,21084212
1775418405,redis-orchestrator,36226,41,23.8,1869480,2752043,0,0,0,1867925,2785189,2785189,355,14813549
1775418405,redis-order,29757,396,17.0,4721785,1834040,0,0,0,1834057,1834057,1834057,0,12059906
1775418405,redis-payment,2292,11,18.1,1017624,199994,0,0,0,99997,99997,99997,0,1518074
1775418405,redis-stock,2256,19,18.2,1117690,299997,0,0,0,200003,200003,200003,0,2018185
1775418407,redis-bus,52792,272,10.3,0,0,11067089,4586137,5533535,0,0,0,0,21207464
1775418407,redis-orchestrator,36812,41,23.8,1880406,2767975,0,0,0,1878850,2801390,2801390,355,14899666
1775418407,redis-order,28958,396,17.0,4748251,1844620,0,0,0,1844639,1844637,1844637,0,12128696
1775418407,redis-payment,2227,11,18.1,1022829,199994,0,0,0,99997,99997,99997,0,1523281
1775418407,redis-stock,2208,19,18.2,1123053,299997,0,0,0,200003,200003,200003,0,2023550
1775418410,redis-bus,52349,272,10.3,0,0,11129941,4612667,5564943,0,0,0,0,21328334
1775418410,redis-orchestrator,36937,41,23.8,1891024,2783417,0,0,0,1889469,2817161,2817161,355,14983330
1775418410,redis-order,29539,396,17.0,4773818,1854848,0,0,0,1854868,1854865,1854865,0,12195180
1775418410,redis-payment,2243,11,18.1,1027931,199994,0,0,0,99997,99997,99997,0,1528386
1775418410,redis-stock,2216,19,18.2,1128131,299997,0,0,0,200003,200003,200003,0,2028631
1775418412,redis-bus,51517,272,10.3,0,0,11191146,4638584,5595571,0,0,0,0,21446161
1775418412,redis-orchestrator,34586,41,23.8,1901708,2798926,0,0,0,1900155,2833028,2833028,355,15067453
1775418412,redis-order,28496,396,17.0,4800686,1865597,0,0,0,1865616,1865614,1865614,0,12265049
1775418412,redis-payment,2211,11,18.1,1033356,199998,0,0,0,99999,99999,99999,0,1533823
1775418412,redis-stock,2252,19,18.2,1133609,300003,0,0,0,200007,200007,200007,0,2034129
1775418414,redis-bus,49764,272,10.3,0,0,11256906,4664980,5628306,0,0,0,0,21571137
1775418414,redis-orchestrator,36292,41,23.8,1913136,2815620,0,0,0,1911536,2849976,2849976,361,15157595
1775418414,redis-order,28802,396,17.0,4827969,1876488,0,0,0,1876506,1876505,1876505,0,12335897
1775418414,redis-payment,2242,11,18.1,1038790,200000,0,0,0,100000,100000,100000,0,1539264
1775418414,redis-stock,2294,19,18.2,1139077,300006,0,0,0,200009,200009,200009,0,2039608
1775418417,redis-bus,50487,272,10.3,0,0,11322662,4692310,5661266,0,0,0,0,21697265
1775418417,redis-orchestrator,35966,41,23.8,1924027,2831612,0,0,0,1922427,2866180,2866180,361,15243768
1775418417,redis-order,30053,396,17.0,4855074,1887315,0,0,0,1887334,1887332,1887332,0,12406313
1775418417,redis-payment,2291,11,18.1,1044185,200000,0,0,0,100000,100000,100000,0,1544661
1775418417,redis-stock,2351,19,18.2,1144275,300006,0,0,0,200009,200009,200009,0,2044808
1775418419,redis-bus,51147,272,10.4,0,0,11385531,4718893,5692699,0,0,0,0,21818229
1775418419,redis-orchestrator,37162,41,23.8,1935069,2847729,0,0,0,1933469,2882594,2882594,361,15330915
1775418419,redis-order,29718,396,17.0,4881495,1897856,0,0,0,1897876,1897874,1897874,0,12474904
1775418419,redis-payment,2254,11,18.1,1049482,200000,0,0,0,100000,100000,100000,0,1549961
1775418419,redis-stock,2256,19,18.2,1149652,300006,0,0,0,200009,200009,200009,0,2050188
1775418421,redis-bus,50431,272,10.4,0,0,11449697,4745332,5724617,0,0,0,0,21940831
1775418421,redis-orchestrator,36626,41,23.8,1946123,2863835,0,0,0,1944524,2899032,2899032,361,15418113
1775418421,redis-order,29162,396,17.0,4908077,1908484,0,0,0,1908502,1908502,1908502,0,12544003
1775418421,redis-payment,2249,11,18.1,1054710,200004,0,0,0,100002,100002,100002,0,1555201
1775418421,redis-stock,2294,19,18.2,1154854,300012,0,0,0,200013,200013,200013,0,2055410
1775418424,redis-bus,50635,272,10.3,0,0,11512252,4771393,5756016,0,0,0,0,22060925
1775418424,redis-orchestrator,37439,41,23.8,1956792,2879380,0,0,0,1955147,2914832,2914832,366,15502142
1775418424,redis-order,29948,396,17.0,4934435,1919049,0,0,0,1919071,1919067,1919067,0,12612627
1775418424,redis-payment,2313,11,18.1,1060148,200004,0,0,0,100002,100002,100002,0,1560641
1775418424,redis-stock,2319,19,18.2,1160324,300012,0,0,0,200013,200013,200013,0,2060882
1775418426,redis-bus,53187,272,10.4,0,0,11578633,4798659,5789145,0,0,0,0,22187785
1775418426,redis-orchestrator,37453,41,23.8,1968119,2895893,0,0,0,1966471,2931647,2931647,367,15591456
1775418426,redis-order,30030,396,17.0,4961775,1929973,0,0,0,1929993,1929992,1929992,0,12683665
1775418426,redis-payment,2323,11,18.1,1065492,200004,0,0,0,100002,100002,100002,0,1565987
1775418426,redis-stock,2258,19,18.2,1165714,300012,0,0,0,200013,200013,200013,0,2066274
1775418429,redis-bus,53423,272,10.3,0,0,11643167,4825505,5821468,0,0,0,0,22311569
1775418429,redis-orchestrator,37740,41,23.8,1979187,2912093,0,0,0,1977544,2948130,2948130,367,15678959
1775418429,redis-order,30098,396,17.0,4988946,1940804,0,0,0,1940823,1940823,1940823,0,12754161
1775418429,redis-payment,2307,11,18.1,1070916,200004,0,0,0,100002,100002,100002,0,1571413
1775418429,redis-stock,2254,19,18.2,1170986,300012,0,0,0,200013,200013,200013,0,2071548
1775418431,redis-bus,53037,272,10.3,0,0,11707987,4851910,5853934,0,0,0,0,22435342
1775418431,redis-orchestrator,37498,41,23.8,1990041,2927987,0,0,0,1988396,2964273,2964273,367,15764739
1775418431,redis-order,29753,397,17.0,5014802,1951109,0,0,0,1951129,1951129,1951129,0,12821251
1775418431,redis-payment,2277,11,18.1,1075961,200004,0,0,0,100002,100002,100002,0,1576461
1775418431,redis-stock,2186,19,18.2,1176002,300012,0,0,0,200013,200013,200013,0,2076567
1775418433,redis-bus,53510,272,10.3,0,0,11768870,4875690,5884400,0,0,0,0,22550543
1775418433,redis-orchestrator,37821,41,23.8,2000461,2943204,0,0,0,1998767,2979716,2979716,370,15846899
1775418433,redis-order,29085,397,17.0,5040561,1961361,0,0,0,1961382,1961381,1961381,0,12888021
1775418433,redis-payment,2233,11,18.1,1081153,200004,0,0,0,100002,100002,100002,0,1581655
1775418433,redis-stock,2073,19,18.2,1181273,300012,0,0,0,200013,200013,200013,0,2081840
1775418436,redis-bus,51388,272,10.3,0,0,11831256,4900848,5915611,0,0,0,0,22669382
1775418436,redis-orchestrator,35472,41,23.8,2010947,2958673,0,0,0,2009248,2995349,2995349,373,15930079
1775418436,redis-order,28509,397,17.0,5066274,1971650,0,0,0,1971671,1971670,1971670,0,12954892
1775418436,redis-payment,2177,11,18.1,1086230,200004,0,0,0,100002,100002,100002,0,1586734
1775418436,redis-stock,2126,19,18.2,1186316,300012,0,0,0,200013,200013,200013,0,2086885
1775418438,redis-bus,52606,272,10.3,0,0,11891682,4925768,5945835,0,0,0,0,22785025
1775418438,redis-orchestrator,35309,41,23.8,2021441,2974061,0,0,0,2019741,3010976,3010976,373,16013096
1775418438,redis-order,28175,397,17.0,5091851,1981873,0,0,0,1981893,1981893,1981893,0,13021362
1775418438,redis-payment,2145,11,18.1,1091358,200004,0,0,0,100002,100002,100002,0,1591864
1775418438,redis-stock,2089,19,18.2,1191431,300012,0,0,0,200013,200013,200013,0,2092002
1775418440,redis-bus,52337,272,10.3,0,0,11953316,4950871,5976639,0,0,0,0,22902647
1775418440,redis-orchestrator,34535,41,23.8,2031831,2989353,0,0,0,2030131,3026459,3026459,373,16095425
1775418440,redis-order,27823,397,17.0,5117885,1992268,0,0,0,1992293,1992288,1992288,0,13088985
1775418440,redis-payment,2143,11,18.1,1096593,200004,0,0,0,100002,100002,100002,0,1597102
1775418440,redis-stock,2070,19,18.2,1196750,300012,0,0,0,200013,200013,200013,0,2097324
1775418442,redis-bus,48419,272,10.3,0,0,12015206,4976180,6007603,0,0,0,0,23020888
1775418442,redis-orchestrator,33296,41,23.8,2042164,3004607,0,0,0,2040464,3041881,3041881,373,16177442
1775418442,redis-order,26584,397,17.0,5142983,2002258,0,0,0,2002279,2002278,2002278,0,13154045
1775418442,redis-payment,2020,11,18.1,1101596,200004,0,0,0,100002,100002,100002,0,1602107
1775418442,redis-stock,2063,19,18.2,1201795,300012,0,0,0,200013,200013,200013,0,2102371
1775418445,redis-bus,49761,272,10.3,0,0,12075364,5000165,6037681,0,0,0,0,23135186
1775418445,redis-orchestrator,34223,41,23.8,2052562,3019826,0,0,0,2050802,3057295,3057295,379,16259505
1775418445,redis-order,27250,397,17.0,5168611,2012489,0,0,0,2012510,2012509,2012509,0,13220599
1775418445,redis-payment,2064,11,18.1,1106707,200006,0,0,0,100003,100003,100003,0,1607225
1775418445,redis-stock,2080,19,18.2,1206863,300015,0,0,0,200015,200015,200015,0,2107450
1775418447,redis-bus,48181,272,10.3,0,0,12136268,5024740,6068081,0,0,0,0,23251142
1775418447,redis-orchestrator,33967,41,23.8,2062968,3035177,0,0,0,2061207,3072821,3072821,379,16342071
1775418447,redis-order,27445,397,17.0,5194015,2022683,0,0,0,2022705,2022703,2022703,0,13286782
1775418447,redis-payment,2119,11,18.1,1111920,200006,0,0,0,100003,100003,100003,0,1612440
1775418447,redis-stock,2097,19,18.2,1212133,300015,0,0,0,200015,200015,200015,0,2112722
1775418449,redis-bus,50286,272,10.3,0,0,12199877,5050877,6099879,0,0,0,0,23372762
1775418449,redis-orchestrator,35253,41,23.8,2073978,3051276,0,0,0,2072221,3089191,3089191,379,16429029
1775418449,redis-order,28122,397,17.0,5220885,2033391,0,0,0,2033416,2033411,2033411,0,13356490
1775418449,redis-payment,2189,11,18.1,1117162,200006,0,0,0,100003,100003,100003,0,1617685
1775418449,redis-stock,2127,19,18.2,1217256,300015,0,0,0,200015,200015,200015,0,2117848
1775418452,redis-bus,49692,273,10.3,0,0,12261848,5076301,6130916,0,0,0,0,23491277
1775418452,redis-orchestrator,35066,41,23.8,2084456,3066676,0,0,0,2082698,3104812,3104812,379,16512024
1775418452,redis-order,28316,397,17.0,5246894,2043781,0,0,0,2043801,2043801,2043801,0,13424061
1775418452,redis-payment,2187,11,18.1,1122325,200006,0,0,0,100003,100003,100003,0,1622850
1775418452,redis-stock,2232,19,18.2,1222614,300015,0,0,0,200015,200015,200015,0,2123208
1775418454,redis-bus,50944,275,10.3,0,0,12325490,5102215,6162739,0,0,0,0,23612744
1775418454,redis-orchestrator,35486,41,23.8,2095210,3082436,0,0,0,2093417,3120769,3120769,385,16596971
1775418454,redis-order,28652,397,17.0,5273310,2054331,0,0,0,2054351,2054351,2054351,0,13492679
1775418454,redis-payment,2229,11,18.1,1127701,200006,0,0,0,100003,100003,100003,0,1628228
1775418454,redis-stock,2221,19,18.2,1228003,300015,0,0,0,200015,200015,200015,0,2128599
1775418456,redis-bus,50018,275,10.3,0,0,12388725,5127919,6194320,0,0,0,0,23733341
1775418456,redis-orchestrator,34956,41,23.8,2105939,3098180,0,0,0,2104146,3136751,3136751,385,16681880
1775418456,redis-order,28055,397,17.0,5299988,2064963,0,0,0,2064985,2064983,2064983,0,13561889
1775418456,redis-payment,2193,11,18.1,1133050,200006,0,0,0,100003,100003,100003,0,1633579
1775418456,redis-stock,2231,19,18.2,1233358,300015,0,0,0,200015,200015,200015,0,2133956
1775418459,redis-bus,50860,275,10.3,0,0,12453043,5154033,6226435,0,0,0,0,23855970
1775418459,redis-orchestrator,35435,41,23.8,2117120,3114587,0,0,0,2115327,3153410,3153410,385,16770372
1775418459,redis-order,28388,397,17.0,5326965,2075727,0,0,0,2075747,2075747,2075747,0,13631922
1775418459,redis-payment,2186,11,18.1,1138490,200006,0,0,0,100003,100003,100003,0,1639021
1775418459,redis-stock,2245,19,18.2,1238735,300015,0,0,0,200015,200015,200015,0,2139335
1775418461,redis-bus,50697,275,10.3,0,0,12517577,5180954,6258693,0,0,0,0,23979764
1775418461,redis-orchestrator,35491,41,23.8,2128025,3130476,0,0,0,2126233,3169612,3169612,385,16856365
1775418461,redis-order,29078,397,17.0,5353416,2086276,0,0,0,2086299,2086296,2086296,0,13700579
1775418461,redis-payment,2191,11,18.1,1143571,200006,0,0,0,100003,100003,100003,0,1644105
1775418461,redis-stock,2319,19,18.2,1243785,300015,0,0,0,200015,200015,200015,0,2144388
1775418463,redis-bus,50280,275,10.3,0,0,12577924,5206399,6288929,0,0,0,0,24095867
1775418463,redis-orchestrator,35326,41,23.8,2138544,3145807,0,0,0,2136729,3185231,3185231,389,16939306
1775418463,redis-order,28971,397,17.0,5379077,2096532,0,0,0,2096552,2096552,2096552,0,13767264
1775418463,redis-payment,2234,11,18.1,1148725,200006,0,0,0,100003,100003,100003,0,1649261
1775418463,redis-stock,2236,19,18.2,1248873,300015,0,0,0,200015,200015,200015,0,2149478
1775418466,redis-bus,51027,275,10.3,0,0,12640624,5232710,6320248,0,0,0,0,24216277
1775418466,redis-orchestrator,35762,41,23.8,2149119,3161286,0,0,0,2147298,3200938,3200938,391,17022828
1775418466,redis-order,28437,397,17.0,5405031,2106907,0,0,0,2106927,2106927,2106927,0,13834720
1775418466,redis-payment,2152,11,18.1,1153965,200006,0,0,0,100003,100003,100003,0,1654503
1775418466,redis-stock,2179,19,18.2,1254309,300015,0,0,0,200015,200015,200015,0,2154916
1775418468,redis-bus,50033,275,10.4,0,0,12704177,5258893,6352040,0,0,0,0,24337887
1775418468,redis-orchestrator,34508,41,23.8,2160030,3177282,0,0,0,2158209,3217177,3217177,391,17109122
1775418468,redis-order,27539,397,17.0,5431928,2117493,0,0,0,2117515,2117513,2117513,0,13903965
1775418468,redis-payment,2163,11,18.1,1159356,200006,0,0,0,100003,100003,100003,0,1659896
1775418468,redis-stock,2181,19,18.2,1259618,300015,0,0,0,200015,200015,200015,0,2160227
1775418471,redis-bus,48529,275,10.3,0,0,12767930,5285334,6383905,0,0,0,0,24460024
1775418471,redis-orchestrator,34109,41,23.8,2171180,3193621,0,0,0,2169362,3233805,3233805,391,17197358
1775418471,redis-order,28147,397,17.0,5459570,2128553,0,0,0,2128574,2128573,2128573,0,13975850
1775418471,redis-payment,2147,11,18.1,1164760,200006,0,0,0,100003,100003,100003,0,1665303
1775418471,redis-stock,2239,19,18.2,1264930,300015,0,0,0,200015,200015,200015,0,2165542
1775418473,redis-bus,48991,275,10.4,0,0,12832337,5311311,6415996,0,0,0,0,24582583
1775418473,redis-orchestrator,35646,41,23.8,2182030,3209482,0,0,0,2180164,3249880,3249880,393,17282928
1775418473,redis-order,28660,397,17.0,5485856,2139076,0,0,0,2139097,2139096,2139096,0,14044234
1775418473,redis-payment,2283,11,18.1,1170146,200006,0,0,0,100003,100003,100003,0,1670691
1775418473,redis-stock,2342,19,18.2,1270440,300015,0,0,0,200015,200015,200015,0,2171054
1775418475,redis-bus,51736,275,10.4,0,0,12898195,5338399,6448969,0,0,0,0,24708579
1775418475,redis-orchestrator,37144,41,23.8,2193271,3225970,0,0,0,2191399,3266600,3266600,397,17371833
1775418475,redis-order,29930,397,17.0,5513150,2149967,0,0,0,2149989,2149988,2149988,0,14115097
1775418475,redis-payment,2355,11,18.1,1175534,200006,0,0,0,100003,100003,100003,0,1676081
1775418475,redis-stock,2395,19,18.2,1275766,300015,0,0,0,200015,200015,200015,0,2176382
1775418478,redis-bus,52866,275,10.4,0,0,12963042,5365606,6481434,0,0,0,0,24833179
1775418478,redis-orchestrator,38016,41,23.8,2204188,3241942,0,0,0,2202315,3282850,3282850,397,17458110
1775418478,redis-order,30990,397,17.0,5539604,2160559,0,0,0,2160580,2160580,2160580,0,14183920
1775418478,redis-payment,2389,11,18.1,1180831,200006,0,0,0,100003,100003,100003,0,1681380
1775418478,redis-stock,2342,19,18.2,1280991,300015,0,0,0,200015,200015,200015,0,2181609
1775418480,redis-bus,54291,276,10.4,0,0,13025684,5391467,6512740,0,0,0,0,24953073
1775418480,redis-orchestrator,38528,41,23.8,2215082,3257831,0,0,0,2213213,3299039,3299039,397,17544057
1775418480,redis-order,30741,397,17.0,5566124,2171131,0,0,0,2171152,2171152,2171152,0,14252731
1775418480,redis-payment,2307,11,18.1,1186153,200006,0,0,0,100003,100003,100003,0,1686705
1775418480,redis-stock,2247,19,18.2,1286372,300015,0,0,0,200015,200015,200015,0,2186993
1775418482,redis-bus,52857,279,10.3,0,0,13090583,5418764,6545280,0,0,0,0,25077896
1775418482,redis-orchestrator,36895,41,23.8,2226183,3274052,0,0,0,2224314,3315544,3315544,397,17631709
1775418482,redis-order,29125,398,17.0,5593069,2181903,0,0,0,2181925,2181925,2181925,0,14322777
1775418482,redis-payment,2205,11,18.1,1191390,200006,0,0,0,100003,100003,100003,0,1691944
1775418482,redis-stock,2224,19,18.2,1291509,300015,0,0,0,200015,200015,200015,0,2192132
1775418485,redis-bus,52199,279,10.3,0,0,13153355,5444899,6576563,0,0,0,0,25198167
1775418485,redis-orchestrator,36641,41,23.8,2236733,3289434,0,0,0,2234808,3331164,3331164,402,17714815
1775418485,redis-order,28123,398,17.0,5618614,2192091,0,0,0,2192113,2192113,2192113,0,14389076
1775418485,redis-payment,2142,11,18.1,1196606,200006,0,0,0,100003,100003,100003,0,1697162
1775418485,redis-stock,2123,19,18.2,1296725,300015,0,0,0,200015,200015,200015,0,2197350
1775418487,redis-bus,50207,279,10.3,0,0,13215710,5470791,6607845,0,0,0,0,25317774
1775418487,redis-orchestrator,34471,41,23.8,2247345,3304995,0,0,0,2245419,3346950,3346950,402,17798732
1775418487,redis-order,27509,398,17.0,5644397,2202370,0,0,0,2202393,2202392,2202392,0,14455978
1775418487,redis-payment,2066,11,18.1,1201671,200006,0,0,0,100003,100003,100003,0,1702229
1775418487,redis-stock,2107,19,18.2,1301904,300015,0,0,0,200015,200015,200015,0,2202531
1775418489,redis-bus,48331,279,10.3,0,0,13276612,5495190,6638306,0,0,0,0,25433612
1775418489,redis-orchestrator,33361,41,23.8,2257680,3320325,0,0,0,2255755,3362408,3362408,402,17880973
1775418489,redis-order,26862,398,17.0,5670332,2212737,0,0,0,2212764,2212760,2212760,0,14523389
1775418489,redis-payment,2073,11,18.1,1206936,200006,0,0,0,100003,100003,100003,0,1707496
1775418489,redis-stock,2095,19,18.2,1307156,300015,0,0,0,200015,200015,200015,0,2207785
1775418492,redis-bus,47349,281,10.4,0,0,13337641,5519874,6668811,0,0,0,0,25549916
1775418492,redis-orchestrator,33632,41,23.8,2267845,3335349,0,0,0,2265919,3377570,3377570,402,17961674
1775418492,redis-order,26384,399,17.0,5695845,2222789,0,0,0,2222812,2222812,2222812,0,14589117
1775418492,redis-payment,2042,11,18.1,1211860,200006,0,0,0,100003,100003,100003,0,1712423
1775418492,redis-stock,2039,19,18.2,1312104,300015,0,0,0,200015,200015,200015,0,2212736
1775418494,redis-bus,48500,281,10.4,0,0,13398182,5543833,6699087,0,0,0,0,25664769
1775418494,redis-orchestrator,33507,41,23.8,2278087,3350385,0,0,0,2276113,3392773,3392773,408,18042641
1775418494,redis-order,26364,399,17.0,5720741,2232722,0,0,0,2232745,2232745,2232745,0,14653747
1775418494,redis-payment,2016,11,18.1,1216819,200006,0,0,0,100003,100003,100003,0,1717384
1775418494,redis-stock,2023,19,18.2,1316984,300015,0,0,0,200015,200015,200015,0,2217618
1775418496,redis-bus,45392,281,10.4,0,0,13457650,5566002,6728825,0,0,0,0,25776220
1775418496,redis-orchestrator,31712,41,23.8,2288401,3365764,0,0,0,2286429,3408243,3408243,408,18124966
1775418496,redis-order,25774,399,17.0,5746616,2242954,0,0,0,2242977,2242977,2242977,0,14720552
1775418496,redis-payment,1938,11,18.1,1221914,200006,0,0,0,100003,100003,100003,0,1722481
1775418496,redis-stock,1989,19,18.2,1322185,300015,0,0,0,200015,200015,200015,0,2222821
1775418499,redis-bus,46889,281,10.3,0,0,13519879,5590454,6759900,0,0,0,0,25894053
1775418499,redis-orchestrator,32817,41,23.8,2298885,3381325,0,0,0,2296913,3423889,3423889,408,18208338
1775418499,redis-order,26646,399,17.0,5773937,2253591,0,0,0,2253617,2253614,2253614,0,14790426
1775418499,redis-payment,2105,11,18.1,1227304,200006,0,0,0,100003,100003,100003,0,1727873
1775418499,redis-stock,2095,19,18.2,1327441,300015,0,0,0,200015,200015,200015,0,2228079
1775418501,redis-bus,47165,281,10.4,0,0,13582796,5615065,6791318,0,0,0,0,26013079
1775418501,redis-orchestrator,33398,41,23.8,2309403,3396824,0,0,0,2307431,3439586,3439586,408,18291767
1775418501,redis-order,26877,399,17.0,5799237,2263656,0,0,0,2263682,2263679,2263679,0,14855990
1775418501,redis-payment,2068,11,18.1,1232332,200006,0,0,0,100003,100003,100003,0,1732904
1775418501,redis-stock,2079,19,18.2,1332456,300015,0,0,0,200015,200015,200015,0,2233097
1775418503,redis-bus,49090,281,10.4,0,0,13643767,5639566,6821792,0,0,0,0,26129100
1775418503,redis-orchestrator,34258,41,23.8,2319798,3412067,0,0,0,2317775,3455001,3455001,410,18373871
1775418503,redis-order,27510,399,17.0,5824662,2273810,0,0,0,2273833,2273833,2273833,0,14922034
1775418503,redis-payment,2107,11,18.1,1237460,200006,0,0,0,100003,100003,100003,0,1738034
1775418503,redis-stock,2153,19,18.2,1337718,300015,0,0,0,200015,200015,200015,0,2238361
1775418505,redis-bus,49818,281,10.3,0,0,13706314,5665353,6853047,0,0,0,0,26248764
1775418505,redis-orchestrator,34796,41,23.8,2330458,3427753,0,0,0,2328433,3470892,3470892,413,18458351
1775418505,redis-order,27937,399,17.0,5850852,2284293,0,0,0,2284318,2284316,2284316,0,14990160
1775418505,redis-payment,2167,11,18.1,1242653,200006,0,0,0,100003,100003,100003,0,1743229
1775418505,redis-stock,2253,19,18.2,1342887,300015,0,0,0,200015,200015,200015,0,2243532
1775418508,redis-bus,50045,281,10.3,0,0,13768152,5690717,6883963,0,0,0,0,26366962
1775418508,redis-orchestrator,35715,41,23.8,2341179,3443561,0,0,0,2339152,3486887,3486887,413,18543395
1775418508,redis-order,29640,399,17.0,5877325,2294859,0,0,0,2294885,2294882,2294882,0,15058900
1775418508,redis-payment,2254,11,18.1,1247931,200006,0,0,0,100003,100003,100003,0,1748509
1775418508,redis-stock,2310,19,18.2,1348100,300015,0,0,0,200015,200015,200015,0,2248747
1775418510,redis-bus,52438,281,10.4,0,0,13831618,5716253,6915547,0,0,0,0,26487631
1775418510,redis-orchestrator,38380,41,23.8,2351866,3459296,0,0,0,2349837,3502828,3502828,413,18628121
1775418510,redis-order,30845,399,17.0,5904231,2305545,0,0,0,2305574,2305569,2305569,0,15128558
1775418510,redis-payment,2365,11,18.1,1253377,200006,0,0,0,100003,100003,100003,0,1753958
1775418510,redis-stock,2273,19,18.2,1353535,300015,0,0,0,200015,200015,200015,0,2254185
1775418513,redis-bus,53933,283,10.4,0,0,13897558,5743332,6948701,0,0,0,0,26613886
1775418513,redis-orchestrator,38624,41,23.8,2362985,3475598,0,0,0,2360958,3519351,3519351,413,18716013
1775418513,redis-order,30808,399,17.0,5931025,2316256,0,0,0,2316283,2316280,2316280,0,15198201
1775418513,redis-payment,2321,11,18.1,1258696,200006,0,0,0,100003,100003,100003,0,1759279
1775418513,redis-stock,2242,19,18.2,1358830,300015,0,0,0,200015,200015,200015,0,2259482
1775418515,redis-bus,53105,283,10.4,0,0,13961150,5768900,6980573,0,0,0,0,26735002
1775418515,redis-orchestrator,37145,41,23.8,2373928,3491550,0,0,0,2371863,3535575,3535575,419,18802253
1775418515,redis-order,29469,399,17.0,5957553,2326821,0,0,0,2326848,2326847,2326847,0,15266995
1775418515,redis-payment,2195,11,18.1,1263898,200006,0,0,0,100003,100003,100003,0,1764483
1775418515,redis-stock,2106,19,18.2,1364012,300015,0,0,0,200015,200015,200015,0,2264666
1775418517,redis-bus,52760,283,10.3,0,0,14024128,5794860,7012042,0,0,0,0,26855487
1775418517,redis-orchestrator,36750,41,23.8,2384668,3507242,0,0,0,2382602,3551542,3551542,419,18887052
1775418517,redis-order,28188,399,17.0,5983676,2337251,0,0,0,2337277,2337277,2337277,0,15334839
1775418517,redis-payment,2142,11,18.1,1269228,200006,0,0,0,100003,100003,100003,0,1769815
1775418517,redis-stock,2062,19,18.2,1369328,300015,0,0,0,200015,200015,200015,0,2269984
1775418520,redis-bus,51063,283,10.3,0,0,14086358,5820302,7043163,0,0,0,0,26974360
1775418520,redis-orchestrator,35005,41,23.8,2395262,3522810,0,0,0,2393196,3567330,3567330,419,18970954
1775418520,redis-order,27589,399,17.0,6009959,2347779,0,0,0,2347806,2347805,2347805,0,15403237
1775418520,redis-payment,2127,11,18.1,1274463,200006,0,0,0,100003,100003,100003,0,1775052
1775418520,redis-stock,2095,19,18.2,1374796,300015,0,0,0,200015,200015,200015,0,2275454
1775418522,redis-bus,49415,283,10.3,0,0,14150819,5846819,7075397,0,0,0,0,27097654
1775418522,redis-orchestrator,33982,41,23.8,2406231,3538843,0,0,0,2404167,3583640,3583640,419,19057578
1775418522,redis-order,27060,401,17.1,6036544,2358374,0,0,0,2358401,2358400,2358400,0,15472215
1775418522,redis-payment,2071,12,18.1,1279701,200006,0,0,0,100003,100003,100003,0,1780296
1775418522,redis-stock,2161,19,18.2,1379896,300015,0,0,0,200015,200015,200015,0,2280557
1775418524,redis-bus,49045,283,10.4,0,0,14211733,5872005,7105835,0,0,0,0,27214270
1775418524,redis-orchestrator,34333,41,23.8,2416823,3554370,0,0,0,2414723,3599404,3599404,425,19141348
1775418524,redis-order,27562,401,17.0,6062824,2368868,0,0,0,2368897,2368894,2368894,0,15540476
1775418524,redis-payment,2089,12,18.1,1284919,200006,0,0,0,100003,100003,100003,0,1785516
1775418524,redis-stock,2207,19,18.2,1385109,300015,0,0,0,200015,200015,200015,0,2285772
1775418527,redis-bus,49140,283,10.4,0,0,14275258,5898197,7137524,0,0,0,0,27335753
1775418527,redis-orchestrator,34759,41,23.8,2427411,3569917,0,0,0,2425310,3615149,3615149,425,19225111
1775418527,redis-order,27959,401,17.0,6088129,2379005,0,0,0,2379034,2379031,2379031,0,15606331
1775418527,redis-payment,2144,12,18.1,1290154,200006,0,0,0,100003,100003,100003,0,1790753
1775418527,redis-stock,2224,19,18.2,1390399,300015,0,0,0,200015,200015,200015,0,2291064
1775418529,redis-bus,49140,283,10.4,0,0,14337581,5923759,7168763,0,0,0,0,27454959
1775418529,redis-orchestrator,34923,41,23.8,2438210,3585815,0,0,0,2436109,3631263,3631263,425,19310726
1775418529,redis-order,29381,401,17.0,6115240,2389820,0,0,0,2389847,2389847,2389847,0,15676704
1775418529,redis-payment,2302,12,18.1,1295573,200006,0,0,0,100003,100003,100003,0,1796174
1775418529,redis-stock,2307,19,18.2,1395809,300015,0,0,0,200015,200015,200015,0,2296476
1775418531,redis-bus,52326,283,10.4,0,0,14402324,5950604,7201070,0,0,0,0,27578930
1775418531,redis-orchestrator,37018,41,23.8,2449232,3602017,0,0,0,2447131,3647661,3647661,425,19397974
1775418531,redis-order,29797,401,17.0,6141900,2400469,0,0,0,2400497,2400496,2400496,0,15745965
1775418531,redis-payment,2300,12,18.1,1300745,200006,0,0,0,100003,100003,100003,0,1801349
1775418531,redis-stock,2320,19,18.2,1400913,300015,0,0,0,200015,200015,200015,0,2301583
1775418534,redis-bus,53379,283,10.3,0,0,14464827,5975969,7232391,0,0,0,0,27698199
1775418534,redis-orchestrator,37195,41,23.8,2459721,3617332,0,0,0,2457574,3663215,3663215,429,19480684
1775418534,redis-order,29868,401,17.0,6167452,2410678,0,0,0,2410706,2410705,2410705,0,15812359
1775418534,redis-payment,2332,12,18.1,1305859,200008,0,0,0,100004,100004,100004,0,1806470
1775418534,redis-stock,2316,19,18.2,1405988,300018,0,0,0,200017,200017,200017,0,2306669
1775418536,redis-bus,54082,283,10.4,0,0,14525843,6001749,7262897,0,0,0,0,27815577
1775418536,redis-orchestrator,37788,41,23.8,2470463,3633012,0,0,0,2468314,3679190,3679190,430,19565484
1775418536,redis-order,30278,401,17.0,6193722,2421209,0,0,0,2421239,2421236,2421236,0,15880757
1775418536,redis-payment,2318,12,18.1,1311169,200008,0,0,0,100004,100004,100004,0,1811782
1775418536,redis-stock,2266,19,18.2,1411367,300018,0,0,0,200017,200017,200017,0,2312050
1775418538,redis-bus,52805,283,10.4,0,0,14590443,6028929,7295155,0,0,0,0,27939697
1775418538,redis-orchestrator,36661,41,23.8,2481372,3649109,0,0,0,2479222,3695489,3695489,430,19652094
1775418538,redis-order,29474,401,17.0,6220666,2431900,0,0,0,2431929,2431927,2431927,0,15950466
1775418538,redis-payment,2245,12,18.1,1316584,200008,0,0,0,100004,100004,100004,0,1817199
1775418538,redis-stock,2150,19,18.2,1416643,300018,0,0,0,200017,200017,200017,0,2317328
1775418541,redis-bus,53107,283,10.3,0,0,14656440,6056063,7328215,0,0,0,0,28065968
1775418541,redis-orchestrator,36752,41,23.8,2492420,3665271,0,0,0,2490270,3711883,3711883,430,19739301
1775418541,redis-order,27690,401,17.0,6247418,2442570,0,0,0,2442599,2442597,2442597,0,16019901
1775418541,redis-payment,2106,12,18.1,1321897,200008,0,0,0,100004,100004,100004,0,1822515
1775418541,redis-stock,2141,19,18.2,1422030,300018,0,0,0,200017,200017,200017,0,2322718
1775418543,redis-bus,49093,284,10.4,0,0,14719007,6081745,7359448,0,0,0,0,28185537
1775418543,redis-orchestrator,34501,41,23.8,2503198,3681137,0,0,0,2501018,3727934,3727934,432,19824698
1775418543,redis-order,27715,401,17.0,6274126,2453235,0,0,0,2453263,2453262,2453262,0,16089275
1775418543,redis-payment,2096,12,18.1,1327221,200008,0,0,0,100004,100004,100004,0,1827841
1775418543,redis-stock,2124,19,18.2,1427322,300018,0,0,0,200017,200017,200017,0,2328012
1775418546,redis-bus,49465,284,10.4,0,0,14783119,6108365,7391526,0,0,0,0,28308422
1775418546,redis-orchestrator,34418,41,23.8,2514124,3697113,0,0,0,2511933,3744158,3744158,435,19910946
1775418546,redis-order,27207,401,17.0,6300308,2463676,0,0,0,2463703,2463703,2463703,0,16157222
1775418546,redis-payment,2046,12,18.1,1332480,200008,0,0,0,100004,100004,100004,0,1833102
1775418546,redis-stock,2193,19,18.2,1432733,300018,0,0,0,200017,200017,200017,0,2333425
1775418548,redis-bus,48213,284,10.3,0,0,14845780,6133020,7422863,0,0,0,0,28427159
1775418548,redis-orchestrator,33623,41,23.8,2524937,3713085,0,0,0,2522747,3760347,3760347,435,19996894
1775418548,redis-order,28679,401,17.0,6327923,2474723,0,0,0,2474750,2474750,2474750,0,16229027
1775418548,redis-payment,2213,12,18.1,1337986,200008,0,0,0,100004,100004,100004,0,1838610
1775418548,redis-stock,2241,19,18.2,1438141,300018,0,0,0,200017,200017,200017,0,2338835
1775418550,redis-bus,50086,284,10.4,0,0,14912005,6159718,7455975,0,0,0,0,28553277
1775418550,redis-orchestrator,35921,41,23.8,2536126,3729424,0,0,0,2533937,3776953,3776953,435,20085164
1775418550,redis-order,29103,401,17.0,6354421,2485334,0,0,0,2485361,2485361,2485361,0,16297971
1775418550,redis-payment,2229,12,18.1,1343179,200008,0,0,0,100004,100004,100004,0,1843806
1775418550,redis-stock,2238,19,18.2,1443262,300018,0,0,0,200017,200017,200017,0,2343959
1775418553,redis-bus,50951,284,10.4,0,0,14972741,6185326,7486309,0,0,0,0,28670028
1775418553,redis-orchestrator,36061,41,23.8,2546289,3744293,0,0,0,2544098,3792056,3792056,435,20165434
1775418553,redis-order,28667,401,17.0,6379091,2495184,0,0,0,2495211,2495211,2495211,0,16362049
1775418553,redis-payment,2214,12,18.1,1348121,200008,0,0,0,100004,100004,100004,0,1848750
1775418553,redis-stock,2245,19,18.2,1448264,300018,0,0,0,200017,200017,200017,0,2348963
1775418555,redis-bus,51765,284,10.3,0,0,15033607,6210971,7516764,0,0,0,0,28787072
1775418555,redis-orchestrator,36382,41,23.8,2556790,3759519,0,0,0,2554562,3807587,3807587,440,20247955
1775418555,redis-order,28879,401,17.0,6404332,2505264,0,0,0,2505293,2505291,2505291,0,16427614
1775418555,redis-payment,2209,12,18.1,1353177,200008,0,0,0,100004,100004,100004,0,1853808
1775418555,redis-stock,2178,19,18.2,1453327,300018,0,0,0,200017,200017,200017,0,2354028
1775418557,redis-bus,51514,284,10.3,0,0,15094286,6237427,7547078,0,0,0,0,28904598
1775418557,redis-orchestrator,36017,41,23.8,2567314,3774815,0,0,0,2565088,3823222,3823222,440,20330864
1775418557,redis-order,28668,401,17.0,6430524,2515773,0,0,0,2515800,2515800,2515800,0,16495842
1775418557,redis-payment,2240,12,18.1,1358516,200008,0,0,0,100004,100004,100004,0,1859149
1775418557,redis-stock,2250,19,18.2,1458720,300018,0,0,0,200017,200017,200017,0,2359423
1775418559,redis-bus,52094,284,10.4,0,0,15159064,6265739,7579456,0,0,0,0,29030143
1775418559,redis-orchestrator,36450,41,23.8,2578534,3791168,0,0,0,2576306,3839885,3839885,440,20419335
1775418559,redis-order,28999,401,17.0,6457687,2526608,0,0,0,2526636,2526635,2526635,0,16566348
1775418559,redis-payment,2225,12,18.1,1363914,200008,0,0,0,100004,100004,100004,0,1864549
1775418559,redis-stock,2238,19,18.2,1464123,300018,0,0,0,200017,200017,200017,0,2364828
1775418562,redis-bus,52413,284,10.3,0,0,15223454,6293707,7611678,0,0,0,0,29154808
1775418562,redis-orchestrator,36246,41,23.8,2589379,3807015,0,0,0,2587152,3856024,3856024,440,20504993
1775418562,redis-order,29072,401,17.0,6483727,2537023,0,0,0,2537050,2537050,2537050,0,16634054
1775418562,redis-payment,2235,12,18.1,1369026,200008,0,0,0,100004,100004,100004,0,1869664
1775418562,redis-stock,2223,19,18.2,1469096,300018,0,0,0,200017,200017,200017,0,2369804
1775418564,redis-bus,52002,284,10.4,0,0,15284111,6319431,7641983,0,0,0,0,29271570
1775418564,redis-orchestrator,36298,41,23.8,2599891,3822422,0,0,0,2597634,3871628,3871628,445,20588048
1775418564,redis-order,29319,401,17.0,6509246,2547221,0,0,0,2547249,2547248,2547248,0,16700369
1775418564,redis-payment,2228,12,18.1,1374105,200008,0,0,0,100004,100004,100004,0,1874745
1775418564,redis-stock,2233,19,18.2,1474201,300018,0,0,0,200017,200017,200017,0,2374911
1775418566,redis-bus,52214,284,10.3,0,0,15346122,6345304,7673023,0,0,0,0,29390571
1775418566,redis-orchestrator,36593,41,23.8,2610356,3837757,0,0,0,2608096,3887200,3887200,445,20670789
1775418566,redis-order,29269,401,17.0,6534933,2557448,0,0,0,2557475,2557475,2557475,0,16766965
1775418566,redis-payment,2217,12,18.1,1379247,200008,0,0,0,100004,100004,100004,0,1879889
1775418566,redis-stock,2215,19,18.2,1479343,300018,0,0,0,200017,200017,200017,0,2380055
1775418569,redis-bus,51035,284,10.4,0,0,15407232,6370491,7703547,0,0,0,0,29507469
1775418569,redis-orchestrator,36208,41,23.8,2620821,3853070,0,0,0,2618563,3902771,3902771,445,20753485
1775418569,redis-order,29349,401,17.0,6561174,2567897,0,0,0,2567926,2567924,2567924,0,16835006
1775418569,redis-payment,2289,12,18.1,1384533,200008,0,0,0,100004,100004,100004,0,1885177
1775418569,redis-stock,2201,19,18.2,1484774,300018,0,0,0,200017,200017,200017,0,2385488
1775418571,redis-bus,52318,284,10.3,0,0,15471928,6398028,7735950,0,0,0,0,29632188
1775418571,redis-orchestrator,36773,41,23.8,2631965,3869343,0,0,0,2629706,3919339,3919339,445,20841454
1775418571,redis-order,28540,401,17.0,6588487,2578742,0,0,0,2578770,2578769,2578769,0,16905701
1775418571,redis-payment,2199,12,18.1,1389942,200008,0,0,0,100004,100004,100004,0,1890589
1775418571,redis-stock,2164,19,18.2,1490088,300018,0,0,0,200017,200017,200017,0,2390805
1775418574,redis-bus,51606,284,10.4,0,0,15535845,6424997,7767875,0,0,0,0,29755075
1775418574,redis-orchestrator,36164,41,23.8,2642953,3885313,0,0,0,2640635,3935589,3935589,448,20927871
1775418574,redis-order,28330,401,17.0,6615078,2589375,0,0,0,2589405,2589402,2589402,0,16974833
1775418574,redis-payment,2192,12,18.1,1395242,200008,0,0,0,100004,100004,100004,0,1895891
1775418574,redis-stock,2190,19,18.2,1495352,300018,0,0,0,200017,200017,200017,0,2396071
1775418576,redis-bus,51640,284,10.3,0,0,15598117,6451660,7799056,0,0,0,0,29875274
1775418576,redis-orchestrator,36383,41,23.8,2653814,3901224,0,0,0,2651494,3951754,3951754,450,21013748
1775418576,redis-order,28705,401,17.0,6641479,2599938,0,0,0,2599965,2599965,2599965,0,17043485
1775418576,redis-payment,2196,12,18.1,1400530,200008,0,0,0,100004,100004,100004,0,1901181
1775418576,redis-stock,2164,19,18.2,1500750,300018,0,0,0,200017,200017,200017,0,2401471
1775418578,redis-bus,51596,284,10.4,0,0,15663063,6479442,7831519,0,0,0,0,30000547
1775418578,redis-orchestrator,35178,41,23.8,2664668,3917060,0,0,0,2662344,3967880,3967880,450,21099379
1775418578,redis-order,28177,401,17.0,6667531,2610354,0,0,0,2610386,2610381,2610381,0,17111208
1775418578,redis-payment,2167,12,18.1,1405735,200008,0,0,0,100004,100004,100004,0,1906388
1775418578,redis-stock,2188,19,18.2,1505858,300018,0,0,0,200017,200017,200017,0,2406581
1775418581,redis-bus,688,284,10.4,0,0,15674288,6485404,7837143,0,0,0,0,30023436
1775418581,redis-orchestrator,0,41,23.8,2666302,3919473,0,0,0,2663978,3970317,3970317,450,21112349
1775418581,redis-order,0,401,17.0,6671016,2611790,0,0,0,2611817,2611817,2611817,0,17120438
1775418581,redis-payment,0,12,18.1,1406343,200008,0,0,0,100004,100004,100004,0,1906998
1775418581,redis-stock,0,19,18.2,1506356,300018,0,0,0,200017,200017,200017,0,2407082
1775418583,redis-bus,687,284,10.4,0,0,15674288,6486922,7837143,0,0,0,0,30025029
1775418583,redis-orchestrator,0,41,23.8,2666352,3919475,0,0,0,2663978,3970317,3970317,451,21112455
1775418583,redis-order,2,401,17.0,6671016,2611790,0,0,0,2611817,2611817,2611817,0,17120445
1775418583,redis-payment,0,12,18.1,1406343,200008,0,0,0,100004,100004,100004,0,1907001
1775418583,redis-stock,0,19,18.2,1506356,300018,0,0,0,200017,200017,200017,0,2407084
