timestamp,container,cpu,mem_usage,net_io
1775422123,dds26-team9-gateway-1,2.12%,9.215MiB / 354.3GiB,4.27kB / 3.28kB
1775422123,dds26-team9-order-worker-5,0.88%,33.96MiB / 512MiB,369kB / 558kB
1775422123,dds26-team9-order-worker-3,0.99%,33.93MiB / 512MiB,362kB / 547kB
1775422123,dds26-team9-order-web-14,0.27%,237.9MiB / 1GiB,18.6kB / 2.95kB
1775422123,dds26-team9-order-web-7,0.26%,237.6MiB / 1GiB,17.5kB / 2.41kB
1775422123,dds26-team9-order-web-15,0.28%,256.9MiB / 1GiB,23.8kB / 11.5MB
1775422123,dds26-team9-order-web-24,0.27%,237.5MiB / 1GiB,14.8kB / 2.41kB
1775422123,dds26-team9-order-worker-2,0.98%,35.92MiB / 512MiB,352kB / 534kB
1775422123,dds26-team9-order-worker-7,0.90%,35.89MiB / 512MiB,343kB / 522kB
1775422123,dds26-team9-order-web-1,0.33%,237.1MiB / 1GiB,13.5kB / 1.87kB
1775422123,dds26-team9-order-web-18,0.32%,239.6MiB / 1GiB,13.3kB / 2.41kB
1775422123,dds26-team9-order-web-13,6.67%,237.2MiB / 1GiB,12.3kB / 1.87kB
1775422123,dds26-team9-order-web-23,7.54%,236.8MiB / 1GiB,11.3kB / 1.33kB
1775422123,dds26-team9-order-worker-6,0.78%,35.91MiB / 512MiB,325kB / 496kB
1775422123,dds26-team9-order-web-17,7.36%,236.9MiB / 1GiB,10.6kB / 1.33kB
1775422123,dds26-team9-order-web-6,0.34%,237.2MiB / 1GiB,10.4kB / 1.73kB
1775422123,dds26-team9-order-web-8,0.28%,237.3MiB / 1GiB,10.1kB / 1.73kB
1775422123,dds26-team9-order-web-12,0.33%,237.2MiB / 1GiB,9.72kB / 1.73kB
1775422123,dds26-team9-order-web-5,0.26%,237.1MiB / 1GiB,9.47kB / 1.73kB
1775422123,dds26-team9-order-web-9,0.29%,237.3MiB / 1GiB,9.09kB / 1.73kB
1775422123,dds26-team9-order-web-11,0.27%,237.2MiB / 1GiB,8.67kB / 1.73kB
1775422123,dds26-team9-order-worker-1,0.93%,35.9MiB / 512MiB,331kB / 506kB
1775422123,dds26-team9-order-web-19,0.28%,237.1MiB / 1GiB,8.17kB / 1.73kB
1775422123,dds26-team9-order-web-16,0.26%,236.8MiB / 1GiB,7.52kB / 1.19kB
1775422123,dds26-team9-order-web-4,0.34%,237.2MiB / 1GiB,7.5kB / 1.73kB
1775422123,dds26-team9-order-web-22,0.27%,239.2MiB / 1GiB,7.12kB / 1.73kB
1775422123,dds26-team9-order-web-21,0.36%,237.2MiB / 1GiB,6.78kB / 1.73kB
1775422123,dds26-team9-orchestrator-worker-25,0.95%,36.8MiB / 512MiB,368kB / 611kB
1775422123,dds26-team9-order-web-3,0.27%,237.5MiB / 1GiB,6.8kB / 2.27kB
1775422123,dds26-team9-order-web-20,0.29%,237.1MiB / 1GiB,6.11kB / 1.73kB
1775422123,dds26-team9-order-web-2,0.28%,236.8MiB / 1GiB,5.42kB / 1.19kB
1775422123,dds26-team9-orchestrator-worker-24,0.98%,32.82MiB / 512MiB,358kB / 596kB
1775422123,dds26-team9-order-worker-4,0.91%,33.93MiB / 512MiB,325kB / 497kB
1775422123,dds26-team9-orchestrator-worker-1,0.94%,32.82MiB / 512MiB,349kB / 583kB
1775422123,dds26-team9-orchestrator-worker-17,0.85%,34.81MiB / 512MiB,341kB / 571kB
1775422123,dds26-team9-orchestrator-worker-3,0.91%,35.01MiB / 512MiB,337kB / 565kB
1775422123,dds26-team9-orchestrator-worker-14,0.90%,35.03MiB / 512MiB,333kB / 559kB
1775422123,dds26-team9-orchestrator-worker-21,0.80%,34.8MiB / 512MiB,328kB / 551kB
1775422123,dds26-team9-order-web-25,0.31%,236.9MiB / 1GiB,4.97kB / 1.19kB
1775422123,dds26-team9-orchestrator-worker-7,0.99%,34.81MiB / 512MiB,322kB / 541kB
1775422123,dds26-team9-order-web-10,0.29%,237.3MiB / 1GiB,5.06kB / 1.73kB
1775422123,dds26-team9-orchestrator-worker-16,0.93%,34.8MiB / 512MiB,319kB / 537kB
1775422123,dds26-team9-orchestrator-worker-6,0.99%,34.8MiB / 512MiB,315kB / 532kB
1775422123,dds26-team9-orchestrator-worker-23,0.86%,32.82MiB / 512MiB,312kB / 527kB
1775422123,dds26-team9-orchestrator-worker-20,0.98%,34.97MiB / 512MiB,310kB / 524kB
1775422123,dds26-team9-order-worker-8,0.96%,33.93MiB / 512MiB,319kB / 489kB
1775422123,dds26-team9-orchestrator-worker-15,0.88%,34.8MiB / 512MiB,307kB / 519kB
1775422123,dds26-team9-orchestrator-worker-22,0.92%,32.83MiB / 512MiB,304kB / 515kB
1775422123,dds26-team9-orchestrator-worker-13,0.94%,34.8MiB / 512MiB,302kB / 512kB
1775422123,dds26-team9-orchestrator-worker-8,0.94%,34.81MiB / 512MiB,298kB / 504kB
1775422123,dds26-team9-orchestrator-worker-19,0.87%,32.82MiB / 512MiB,295kB / 501kB
1775422123,dds26-team9-orchestrator-worker-10,0.93%,32.83MiB / 512MiB,293kB / 498kB
1775422123,dds26-team9-orchestrator-worker-18,0.88%,34.8MiB / 512MiB,290kB / 494kB
1775422123,dds26-team9-orchestrator-worker-2,0.89%,32.83MiB / 512MiB,287kB / 489kB
1775422123,dds26-team9-orchestrator-worker-11,0.89%,32.83MiB / 512MiB,284kB / 484kB
1775422123,dds26-team9-orchestrator-worker-12,0.82%,34.8MiB / 512MiB,281kB / 480kB
1775422123,dds26-team9-orchestrator-worker-4,0.97%,34.81MiB / 512MiB,279kB / 476kB
1775422123,dds26-team9-orchestrator-worker-9,0.95%,32.83MiB / 512MiB,275kB / 470kB
1775422123,dds26-team9-stock-worker-7,0.92%,32.85MiB / 512MiB,364kB / 550kB
1775422123,dds26-team9-stock-web-1,0.27%,211MiB / 512MiB,17.4kB / 1.33kB
1775422123,dds26-team9-stock-worker-1,0.92%,34.75MiB / 512MiB,356kB / 540kB
1775422123,dds26-team9-stock-worker-3,0.89%,32.83MiB / 512MiB,346kB / 526kB
1775422123,dds26-team9-orchestrator-worker-5,0.89%,34.81MiB / 512MiB,272kB / 466kB
1775422123,dds26-team9-stock-worker-6,0.87%,34.97MiB / 512MiB,338kB / 515kB
1775422123,dds26-team9-stock-web-3,0.33%,212.1MiB / 512MiB,17.6kB / 2.41kB
1775422123,dds26-team9-stock-web-2,0.27%,211.7MiB / 512MiB,15.6kB / 1.87kB
1775422123,dds26-team9-stock-worker-2,0.95%,32.82MiB / 512MiB,334kB / 510kB
1775422123,dds26-team9-stock-worker-5,0.83%,34.8MiB / 512MiB,330kB / 504kB
1775422123,dds26-team9-stock-web-4,0.27%,224.7MiB / 512MiB,17.7kB / 3.7MB
1775422123,dds26-team9-stock-worker-8,1.00%,34.81MiB / 512MiB,324kB / 496kB
1775422123,dds26-team9-stock-worker-4,0.92%,34.82MiB / 512MiB,319kB / 489kB
1775422123,dds26-team9-user-worker-4,0.97%,34.99MiB / 512MiB,367kB / 570kB
1775422123,dds26-team9-user-web-2,0.28%,212.4MiB / 512MiB,18kB / 2.41kB
1775422123,dds26-team9-user-worker-2,0.96%,32.8MiB / 512MiB,359kB / 559kB
1775422123,dds26-team9-user-worker-3,0.94%,34.79MiB / 512MiB,348kB / 543kB
1775422123,dds26-team9-user-worker-1,0.91%,34.79MiB / 512MiB,341kB / 534kB
1775422123,dds26-team9-user-web-4,0.27%,211.2MiB / 512MiB,16.9kB / 2.41kB
1775422123,dds26-team9-user-web-3,0.25%,223.6MiB / 512MiB,17.9kB / 3.1MB
1775422123,dds26-team9-user-web-1,0.29%,210.7MiB / 512MiB,14.4kB / 2.41kB
1775422123,dds26-team9-redis-stock-1,2.18%,30.41MiB / 512MiB,3.72MB / 6.97kB
1775422123,dds26-team9-redis-payment-1,2.03%,30.59MiB / 512MiB,3.12MB / 7.7kB
1775422123,dds26-team9-redis-order-1,2.08%,35.38MiB / 512MiB,11.5MB / 34.2kB
1775422123,dds26-team9-redis-orchestrator-1,2.01%,33.2MiB / 512MiB,88.8kB / 29.2kB
1775422123,dds26-team9-redis-bus-1,11.41%,22.28MiB / 2GiB,23.5MB / 14.1MB
1775422127,dds26-team9-gateway-1,1.06%,10.66MiB / 354.3GiB,96.2kB / 92.4kB
1775422127,dds26-team9-order-worker-5,3.39%,34.15MiB / 512MiB,432kB / 642kB
1775422127,dds26-team9-order-worker-3,2.90%,34.19MiB / 512MiB,422kB / 628kB
1775422127,dds26-team9-order-web-14,2.55%,238.6MiB / 1GiB,45.1kB / 33.5kB
1775422127,dds26-team9-order-web-7,3.03%,238.6MiB / 1GiB,45.1kB / 35.1kB
1775422127,dds26-team9-order-web-15,2.96%,257.9MiB / 1GiB,52.2kB / 11.5MB
1775422127,dds26-team9-order-web-24,2.56%,238.1MiB / 1GiB,41.9kB / 34.3kB
1775422127,dds26-team9-order-worker-2,3.38%,36.16MiB / 512MiB,416kB / 621kB
1775422127,dds26-team9-order-worker-7,1.82%,36.13MiB / 512MiB,374kB / 563kB
1775422127,dds26-team9-order-web-1,2.63%,238.1MiB / 1GiB,41.3kB / 35kB
1775422127,dds26-team9-order-web-18,2.78%,240MiB / 1GiB,40.7kB / 34.8kB
1775422127,dds26-team9-order-web-13,2.61%,237.8MiB / 1GiB,40kB / 34.7kB
1775422127,dds26-team9-order-web-23,2.75%,237.8MiB / 1GiB,39kB / 33.7kB
1775422127,dds26-team9-order-worker-6,3.31%,36.19MiB / 512MiB,401kB / 600kB
1775422127,dds26-team9-order-web-17,3.04%,238.2MiB / 1GiB,39kB / 35.8kB
1775422127,dds26-team9-order-web-6,2.59%,238.5MiB / 1GiB,38.1kB / 34.2kB
1775422127,dds26-team9-order-web-8,2.58%,238.5MiB / 1GiB,37kB / 33.3kB
1775422127,dds26-team9-order-web-12,2.87%,237.9MiB / 1GiB,37.5kB / 34.3kB
1775422127,dds26-team9-order-web-5,2.31%,238.3MiB / 1GiB,37.6kB / 35.1kB
1775422127,dds26-team9-order-web-9,2.83%,238.2MiB / 1GiB,36.8kB / 34.5kB
1775422127,dds26-team9-order-web-11,2.90%,238.1MiB / 1GiB,36.8kB / 34.7kB
1775422127,dds26-team9-order-worker-1,2.98%,35.93MiB / 512MiB,389kB / 583kB
1775422127,dds26-team9-order-web-19,3.95%,238.2MiB / 1GiB,36.3kB / 34.5kB
1775422127,dds26-team9-order-web-16,3.03%,238.4MiB / 1GiB,35.2kB / 33.6kB
1775422127,dds26-team9-order-web-4,10.12%,240.1MiB / 1GiB,34.9kB / 33.4kB
1775422127,dds26-team9-order-web-22,10.96%,239.8MiB / 1GiB,33.4kB / 31.5kB
1775422127,dds26-team9-order-web-21,10.33%,237.9MiB / 1GiB,34.2kB / 33.9kB
1775422127,dds26-team9-orchestrator-worker-25,4.26%,36.89MiB / 512MiB,442kB / 726kB
1775422127,dds26-team9-order-web-3,9.67%,238.1MiB / 1GiB,34.5kB / 34.2kB
1775422127,dds26-team9-order-web-20,3.04%,238.2MiB / 1GiB,33.4kB / 33.5kB
1775422127,dds26-team9-order-web-2,3.53%,238.7MiB / 1GiB,34.5kB / 36.1kB
1775422127,dds26-team9-orchestrator-worker-24,4.55%,33.06MiB / 512MiB,435kB / 719kB
1775422127,dds26-team9-order-worker-4,3.44%,33.98MiB / 512MiB,390kB / 584kB
1775422127,dds26-team9-orchestrator-worker-1,4.15%,33.09MiB / 512MiB,420kB / 694kB
1775422127,dds26-team9-orchestrator-worker-17,4.06%,34.97MiB / 512MiB,414kB / 686kB
1775422127,dds26-team9-orchestrator-worker-3,3.09%,34.84MiB / 512MiB,398kB / 662kB
1775422127,dds26-team9-orchestrator-worker-14,4.56%,34.89MiB / 512MiB,408kB / 677kB
1775422127,dds26-team9-orchestrator-worker-21,3.37%,35.09MiB / 512MiB,394kB / 655kB
1775422127,dds26-team9-order-web-25,3.26%,238.2MiB / 1GiB,33.1kB / 34.5kB
1775422127,dds26-team9-orchestrator-worker-7,3.93%,34.88MiB / 512MiB,390kB / 650kB
1775422127,dds26-team9-order-web-10,3.00%,238.4MiB / 1GiB,33.1kB / 35.3kB
1775422127,dds26-team9-orchestrator-worker-16,3.59%,35.32MiB / 512MiB,384kB / 642kB
1775422127,dds26-team9-orchestrator-worker-6,3.22%,35.02MiB / 512MiB,378kB / 631kB
1775422127,dds26-team9-orchestrator-worker-23,4.88%,32.95MiB / 512MiB,393kB / 661kB
1775422127,dds26-team9-orchestrator-worker-20,4.33%,34.89MiB / 512MiB,383kB / 642kB
1775422127,dds26-team9-order-worker-8,3.33%,33.99MiB / 512MiB,382kB / 574kB
1775422127,dds26-team9-orchestrator-worker-15,4.41%,34.89MiB / 512MiB,382kB / 639kB
1775422127,dds26-team9-orchestrator-worker-22,4.33%,32.9MiB / 512MiB,379kB / 636kB
1775422127,dds26-team9-orchestrator-worker-13,4.63%,34.89MiB / 512MiB,376kB / 631kB
1775422127,dds26-team9-orchestrator-worker-8,3.83%,34.89MiB / 512MiB,369kB / 617kB
1775422127,dds26-team9-orchestrator-worker-19,4.21%,33.12MiB / 512MiB,370kB / 619kB
1775422127,dds26-team9-orchestrator-worker-10,4.02%,33.15MiB / 512MiB,363kB / 609kB
1775422127,dds26-team9-orchestrator-worker-18,4.19%,34.88MiB / 512MiB,360kB / 604kB
1775422127,dds26-team9-orchestrator-worker-2,4.48%,32.91MiB / 512MiB,359kB / 602kB
1775422127,dds26-team9-orchestrator-worker-11,3.90%,32.9MiB / 512MiB,355kB / 596kB
1775422127,dds26-team9-orchestrator-worker-12,4.06%,35.11MiB / 512MiB,350kB / 590kB
1775422127,dds26-team9-orchestrator-worker-4,4.37%,34.89MiB / 512MiB,352kB / 597kB
1775422127,dds26-team9-orchestrator-worker-9,3.89%,32.9MiB / 512MiB,345kB / 585kB
1775422127,dds26-team9-stock-worker-7,3.57%,33.2MiB / 512MiB,428kB / 641kB
1775422127,dds26-team9-stock-web-1,0.31%,211MiB / 512MiB,20.3kB / 1.33kB
1775422127,dds26-team9-stock-worker-1,3.53%,34.86MiB / 512MiB,421kB / 632kB
1775422127,dds26-team9-stock-worker-3,3.61%,32.91MiB / 512MiB,411kB / 619kB
1775422127,dds26-team9-orchestrator-worker-5,3.77%,35.11MiB / 512MiB,344kB / 578kB
1775422127,dds26-team9-stock-worker-6,3.75%,34.95MiB / 512MiB,407kB / 612kB
1775422127,dds26-team9-stock-web-3,0.26%,212.1MiB / 512MiB,20.5kB / 2.41kB
1775422127,dds26-team9-stock-web-2,0.34%,211.7MiB / 512MiB,18.5kB / 1.87kB
1775422127,dds26-team9-stock-worker-2,3.55%,33.16MiB / 512MiB,395kB / 596kB
1775422127,dds26-team9-stock-worker-5,3.53%,34.89MiB / 512MiB,395kB / 596kB
1775422127,dds26-team9-stock-web-4,0.33%,224.7MiB / 512MiB,20.6kB / 3.7MB
1775422127,dds26-team9-stock-worker-8,3.58%,34.9MiB / 512MiB,388kB / 587kB
1775422127,dds26-team9-stock-worker-4,3.51%,35.04MiB / 512MiB,382kB / 578kB
1775422127,dds26-team9-user-worker-4,5.52%,34.94MiB / 512MiB,456kB / 697kB
1775422127,dds26-team9-user-web-2,0.35%,212.4MiB / 512MiB,20.9kB / 2.41kB
1775422127,dds26-team9-user-worker-2,4.63%,33.19MiB / 512MiB,441kB / 676kB
1775422127,dds26-team9-user-worker-3,4.94%,35.21MiB / 512MiB,448kB / 683kB
1775422127,dds26-team9-user-worker-1,4.61%,35.16MiB / 512MiB,424kB / 651kB
1775422127,dds26-team9-user-web-4,0.35%,211.2MiB / 512MiB,19.8kB / 2.41kB
1775422127,dds26-team9-user-web-3,0.34%,223.6MiB / 512MiB,20.8kB / 3.1MB
1775422127,dds26-team9-user-web-1,0.34%,210.7MiB / 512MiB,17.3kB / 2.41kB
1775422127,dds26-team9-redis-stock-1,0.64%,30.53MiB / 512MiB,3.78MB / 69.7kB
1775422127,dds26-team9-redis-payment-1,0.55%,30.43MiB / 512MiB,3.17MB / 60.6kB
1775422127,dds26-team9-redis-order-1,3.21%,31.21MiB / 512MiB,12.1MB / 521kB
1775422127,dds26-team9-redis-orchestrator-1,3.12%,33.75MiB / 512MiB,747kB / 448kB
1775422127,dds26-team9-redis-bus-1,37.52%,24.63MiB / 2GiB,27.8MB / 16.7MB
1775422130,dds26-team9-gateway-1,2.88%,14.49MiB / 354.3GiB,990kB / 906kB
1775422130,dds26-team9-order-worker-5,4.33%,34MiB / 512MiB,537kB / 784kB
1775422130,dds26-team9-order-worker-3,4.46%,34.2MiB / 512MiB,532kB / 776kB
1775422130,dds26-team9-order-web-14,5.50%,238.9MiB / 1GiB,102kB / 109kB
1775422130,dds26-team9-order-web-7,7.68%,239MiB / 1GiB,101kB / 109kB
1775422130,dds26-team9-order-web-15,11.09%,258.3MiB / 1GiB,108kB / 11.6MB
1775422130,dds26-team9-order-web-24,5.47%,238.8MiB / 1GiB,98.1kB / 109kB
1775422130,dds26-team9-order-worker-2,4.11%,35.96MiB / 512MiB,522kB / 763kB
1775422130,dds26-team9-order-worker-7,4.13%,35.94MiB / 512MiB,513kB / 751kB
1775422130,dds26-team9-order-web-1,5.29%,238.6MiB / 1GiB,97.1kB / 109kB
1775422130,dds26-team9-order-web-18,6.75%,240.7MiB / 1GiB,95.8kB / 108kB
1775422130,dds26-team9-order-web-13,5.41%,238.6MiB / 1GiB,96.9kB / 109kB
1775422130,dds26-team9-order-web-23,3.93%,238.3MiB / 1GiB,94.9kB / 107kB
1775422130,dds26-team9-order-worker-6,4.05%,36.18MiB / 512MiB,507kB / 742kB
1775422130,dds26-team9-order-web-17,3.97%,238.9MiB / 1GiB,94.1kB / 108kB
1775422130,dds26-team9-order-web-6,5.16%,238.8MiB / 1GiB,94.1kB / 108kB
1775422130,dds26-team9-order-web-8,4.80%,238.6MiB / 1GiB,93.2kB / 107kB
1775422130,dds26-team9-order-web-12,4.07%,238.5MiB / 1GiB,93.1kB / 108kB
1775422130,dds26-team9-order-web-5,3.75%,238.6MiB / 1GiB,92.8kB / 107kB
1775422130,dds26-team9-order-web-9,4.14%,238.5MiB / 1GiB,69.9kB / 77.9kB
1775422130,dds26-team9-order-web-11,5.18%,238.4MiB / 1GiB,91.6kB / 107kB
1775422130,dds26-team9-order-worker-1,4.29%,35.93MiB / 512MiB,501kB / 734kB
1775422130,dds26-team9-order-web-19,3.87%,238.5MiB / 1GiB,91kB / 105kB
1775422130,dds26-team9-order-web-16,5.28%,238.5MiB / 1GiB,91.6kB / 109kB
1775422130,dds26-team9-order-web-4,4.26%,240.6MiB / 1GiB,92.3kB / 111kB
1775422130,dds26-team9-order-web-22,3.99%,240.3MiB / 1GiB,89.5kB / 104kB
1775422130,dds26-team9-order-web-21,3.75%,238.2MiB / 1GiB,88.8kB / 105kB
1775422130,dds26-team9-orchestrator-worker-25,6.04%,36.91MiB / 512MiB,576kB / 946kB
1775422130,dds26-team9-order-web-3,5.05%,238.5MiB / 1GiB,89.7kB / 108kB
1775422130,dds26-team9-order-web-20,4.05%,238.7MiB / 1GiB,89.1kB / 107kB
1775422130,dds26-team9-order-web-2,6.45%,238.9MiB / 1GiB,89.6kB / 111kB
1775422130,dds26-team9-orchestrator-worker-24,6.12%,33.14MiB / 512MiB,574kB / 951kB
1775422130,dds26-team9-order-worker-4,4.58%,33.97MiB / 512MiB,494kB / 724kB
1775422130,dds26-team9-orchestrator-worker-1,5.70%,33.31MiB / 512MiB,556kB / 916kB
1775422130,dds26-team9-orchestrator-worker-17,5.85%,35.12MiB / 512MiB,543kB / 897kB
1775422130,dds26-team9-orchestrator-worker-3,5.76%,35.12MiB / 512MiB,541kB / 894kB
1775422130,dds26-team9-orchestrator-worker-14,5.84%,34.9MiB / 512MiB,538kB / 890kB
1775422130,dds26-team9-orchestrator-worker-21,5.39%,34.91MiB / 512MiB,532kB / 878kB
1775422130,dds26-team9-order-web-25,3.82%,238.5MiB / 1GiB,88.4kB / 108kB
1775422130,dds26-team9-orchestrator-worker-7,6.02%,35.12MiB / 512MiB,521kB / 860kB
1775422130,dds26-team9-order-web-10,3.49%,238.8MiB / 1GiB,88kB / 108kB
1775422130,dds26-team9-orchestrator-worker-16,5.89%,34.9MiB / 512MiB,518kB / 863kB
1775422130,dds26-team9-orchestrator-worker-6,5.91%,34.9MiB / 512MiB,509kB / 847kB
1775422130,dds26-team9-orchestrator-worker-23,6.50%,32.94MiB / 512MiB,530kB / 884kB
1775422130,dds26-team9-orchestrator-worker-20,6.04%,34.93MiB / 512MiB,523kB / 868kB
1775422130,dds26-team9-order-worker-8,4.45%,33.97MiB / 512MiB,487kB / 715kB
1775422130,dds26-team9-orchestrator-worker-15,5.75%,34.91MiB / 512MiB,512kB / 852kB
1775422130,dds26-team9-orchestrator-worker-22,6.19%,32.94MiB / 512MiB,506kB / 841kB
1775422130,dds26-team9-orchestrator-worker-13,5.63%,34.91MiB / 512MiB,502kB / 834kB
1775422130,dds26-team9-orchestrator-worker-8,5.70%,34.92MiB / 512MiB,497kB / 828kB
1775422130,dds26-team9-orchestrator-worker-19,5.77%,32.92MiB / 512MiB,495kB / 829kB
1775422130,dds26-team9-orchestrator-worker-10,5.42%,32.93MiB / 512MiB,509kB / 847kB
1775422130,dds26-team9-orchestrator-worker-18,6.48%,34.9MiB / 512MiB,497kB / 826kB
1775422130,dds26-team9-orchestrator-worker-2,5.87%,32.95MiB / 512MiB,491kB / 814kB
1775422130,dds26-team9-orchestrator-worker-11,6.08%,33.15MiB / 512MiB,489kB / 816kB
1775422130,dds26-team9-orchestrator-worker-12,5.65%,34.91MiB / 512MiB,475kB / 795kB
1775422130,dds26-team9-orchestrator-worker-4,5.81%,34.91MiB / 512MiB,485kB / 816kB
1775422130,dds26-team9-orchestrator-worker-9,6.13%,32.92MiB / 512MiB,482kB / 812kB
1775422130,dds26-team9-stock-worker-7,4.06%,33.02MiB / 512MiB,533kB / 791kB
1775422130,dds26-team9-stock-web-1,0.34%,211.5MiB / 512MiB,20.7kB / 2.02kB
1775422130,dds26-team9-stock-worker-1,4.60%,34.96MiB / 512MiB,536kB / 796kB
1775422130,dds26-team9-stock-worker-3,4.82%,33.17MiB / 512MiB,506kB / 755kB
1775422130,dds26-team9-orchestrator-worker-5,5.63%,34.93MiB / 512MiB,483kB / 808kB
1775422130,dds26-team9-stock-worker-6,4.59%,34.95MiB / 512MiB,510kB / 760kB
1775422130,dds26-team9-stock-web-3,0.34%,212.3MiB / 512MiB,20.9kB / 3.1kB
1775422130,dds26-team9-stock-web-2,7.58%,212.2MiB / 512MiB,18.9kB / 2.56kB
1775422130,dds26-team9-stock-worker-2,4.40%,32.96MiB / 512MiB,498kB / 744kB
1775422130,dds26-team9-stock-worker-5,4.76%,34.95MiB / 512MiB,506kB / 754kB
1775422130,dds26-team9-stock-web-4,0.36%,224.7MiB / 512MiB,20.6kB / 3.7MB
1775422130,dds26-team9-stock-worker-8,4.93%,35.19MiB / 512MiB,494kB / 739kB
1775422130,dds26-team9-stock-worker-4,5.37%,35.19MiB / 512MiB,498kB / 742kB
1775422130,dds26-team9-user-worker-4,5.72%,34.96MiB / 512MiB,602kB / 907kB
1775422130,dds26-team9-user-web-2,0.33%,212.4MiB / 512MiB,21kB / 2.56kB
1775422130,dds26-team9-user-worker-2,7.90%,33.02MiB / 512MiB,629kB / 940kB
1775422130,dds26-team9-user-worker-3,6.90%,35.2MiB / 512MiB,624kB / 933kB
1775422130,dds26-team9-user-worker-1,6.85%,35.25MiB / 512MiB,623kB / 932kB
1775422130,dds26-team9-user-web-4,8.10%,211.2MiB / 512MiB,19.9kB / 2.56kB
1775422130,dds26-team9-user-web-3,0.37%,223.6MiB / 512MiB,20.8kB / 3.1MB
1775422130,dds26-team9-user-web-1,0.37%,210.7MiB / 512MiB,17.3kB / 2.41kB
1775422130,dds26-team9-redis-stock-1,0.85%,30.47MiB / 512MiB,3.9MB / 206kB
1775422130,dds26-team9-redis-payment-1,2.76%,30.51MiB / 512MiB,3.28MB / 193kB
1775422130,dds26-team9-redis-order-1,6.54%,30.8MiB / 512MiB,13.3MB / 1.72MB
1775422130,dds26-team9-redis-orchestrator-1,7.23%,33.77MiB / 512MiB,2.45MB / 1.56MB
1775422130,dds26-team9-redis-bus-1,48.08%,25.77MiB / 2GiB,34.9MB / 20.9MB
1775422133,dds26-team9-gateway-1,5.74%,16.7MiB / 354.3GiB,2.29MB / 2.07MB
1775422133,dds26-team9-order-worker-5,6.67%,34.03MiB / 512MiB,689kB / 984kB
1775422133,dds26-team9-order-worker-3,6.47%,34.21MiB / 512MiB,681kB / 972kB
1775422133,dds26-team9-order-web-14,7.55%,239.8MiB / 1GiB,206kB / 244kB
1775422133,dds26-team9-order-web-7,7.86%,239.5MiB / 1GiB,196kB / 234kB
1775422133,dds26-team9-order-web-15,6.82%,258.5MiB / 1GiB,204kB / 11.7MB
1775422133,dds26-team9-order-web-24,8.29%,239.2MiB / 1GiB,201kB / 242kB
1775422133,dds26-team9-order-worker-2,6.47%,36.07MiB / 512MiB,680kB / 972kB
1775422133,dds26-team9-order-worker-7,6.52%,36.21MiB / 512MiB,666kB / 953kB
1775422133,dds26-team9-order-web-1,7.93%,239MiB / 1GiB,198kB / 240kB
1775422133,dds26-team9-order-web-18,6.99%,241MiB / 1GiB,199kB / 243kB
1775422133,dds26-team9-order-web-13,13.30%,239MiB / 1GiB,191kB / 231kB
1775422133,dds26-team9-order-web-23,14.56%,238.8MiB / 1GiB,195kB / 240kB
1775422133,dds26-team9-order-worker-6,6.40%,36.45MiB / 512MiB,667kB / 951kB
1775422133,dds26-team9-order-web-17,6.98%,239.8MiB / 1GiB,197kB / 243kB
1775422133,dds26-team9-order-web-6,6.39%,239.2MiB / 1GiB,194kB / 239kB
1775422133,dds26-team9-order-web-8,7.47%,239.3MiB / 1GiB,197kB / 243kB
1775422133,dds26-team9-order-web-12,7.02%,239.2MiB / 1GiB,196kB / 243kB
1775422133,dds26-team9-order-web-5,7.78%,239MiB / 1GiB,187kB / 229kB
1775422133,dds26-team9-order-web-9,8.39%,238.9MiB / 1GiB,196kB / 241kB
1775422133,dds26-team9-order-web-11,6.57%,238.8MiB / 1GiB,188kB / 232kB
1775422133,dds26-team9-order-worker-1,6.87%,35.96MiB / 512MiB,656kB / 937kB
1775422133,dds26-team9-order-web-19,5.79%,238.7MiB / 1GiB,145kB / 176kB
1775422133,dds26-team9-order-web-16,7.07%,238.9MiB / 1GiB,189kB / 237kB
1775422133,dds26-team9-order-web-4,8.55%,241.6MiB / 1GiB,193kB / 246kB
1775422133,dds26-team9-order-web-22,6.66%,240.7MiB / 1GiB,187kB / 231kB
1775422133,dds26-team9-order-web-21,8.28%,238.6MiB / 1GiB,193kB / 240kB
1775422133,dds26-team9-orchestrator-worker-25,10.03%,37.1MiB / 512MiB,787kB / 1.29MB
1775422133,dds26-team9-order-web-3,6.50%,239MiB / 1GiB,186kB / 234kB
1775422133,dds26-team9-order-web-20,6.32%,239MiB / 1GiB,184kB / 233kB
1775422133,dds26-team9-order-web-2,7.29%,239.2MiB / 1GiB,193kB / 247kB
1775422133,dds26-team9-orchestrator-worker-24,10.11%,33MiB / 512MiB,778kB / 1.29MB
1775422133,dds26-team9-order-worker-4,6.76%,33.99MiB / 512MiB,647kB / 927kB
1775422133,dds26-team9-orchestrator-worker-1,10.49%,33.17MiB / 512MiB,762kB / 1.26MB
1775422133,dds26-team9-orchestrator-worker-17,10.42%,35.14MiB / 512MiB,757kB / 1.24MB
1775422133,dds26-team9-orchestrator-worker-3,9.13%,35.18MiB / 512MiB,745kB / 1.23MB
1775422133,dds26-team9-orchestrator-worker-14,10.07%,35.17MiB / 512MiB,742kB / 1.23MB
1775422133,dds26-team9-orchestrator-worker-21,9.85%,35.15MiB / 512MiB,739kB / 1.22MB
1775422133,dds26-team9-order-web-25,6.55%,238.9MiB / 1GiB,189kB / 241kB
1775422133,dds26-team9-orchestrator-worker-7,9.59%,35.2MiB / 512MiB,717kB / 1.19MB
1775422133,dds26-team9-order-web-10,8.02%,239.1MiB / 1GiB,184kB / 236kB
1775422133,dds26-team9-orchestrator-worker-16,10.10%,34.95MiB / 512MiB,719kB / 1.2MB
1775422133,dds26-team9-orchestrator-worker-6,10.51%,35.06MiB / 512MiB,726kB / 1.2MB
1775422133,dds26-team9-orchestrator-worker-23,10.05%,33.35MiB / 512MiB,745kB / 1.23MB
1775422133,dds26-team9-orchestrator-worker-20,10.68%,35.22MiB / 512MiB,732kB / 1.22MB
1775422133,dds26-team9-order-worker-8,7.24%,34.11MiB / 512MiB,645kB / 924kB
1775422133,dds26-team9-orchestrator-worker-15,9.46%,34.97MiB / 512MiB,711kB / 1.18MB
1775422133,dds26-team9-orchestrator-worker-22,10.32%,32.98MiB / 512MiB,707kB / 1.17MB
1775422133,dds26-team9-orchestrator-worker-13,10.28%,35.17MiB / 512MiB,709kB / 1.18MB
1775422133,dds26-team9-orchestrator-worker-8,10.13%,35.07MiB / 512MiB,706kB / 1.18MB
1775422133,dds26-team9-orchestrator-worker-19,9.21%,33.23MiB / 512MiB,693kB / 1.15MB
1775422133,dds26-team9-orchestrator-worker-10,9.74%,32.99MiB / 512MiB,707kB / 1.17MB
1775422133,dds26-team9-orchestrator-worker-18,9.72%,34.96MiB / 512MiB,700kB / 1.16MB
1775422133,dds26-team9-orchestrator-worker-2,8.96%,32.98MiB / 512MiB,686kB / 1.13MB
1775422133,dds26-team9-orchestrator-worker-11,9.88%,33.2MiB / 512MiB,689kB / 1.14MB
1775422133,dds26-team9-orchestrator-worker-12,9.68%,35.17MiB / 512MiB,676kB / 1.13MB
1775422133,dds26-team9-orchestrator-worker-4,10.20%,35.19MiB / 512MiB,696kB / 1.17MB
1775422133,dds26-team9-orchestrator-worker-9,10.12%,32.98MiB / 512MiB,683kB / 1.15MB
1775422133,dds26-team9-stock-worker-7,6.77%,33.29MiB / 512MiB,694kB / 1.02MB
1775422133,dds26-team9-stock-web-1,0.32%,211.5MiB / 512MiB,20.7kB / 2.02kB
1775422133,dds26-team9-stock-worker-1,9.26%,35.24MiB / 512MiB,706kB / 1.03MB
1775422133,dds26-team9-stock-worker-3,8.05%,33.2MiB / 512MiB,658kB / 972kB
1775422133,dds26-team9-orchestrator-worker-5,10.85%,35.21MiB / 512MiB,698kB / 1.16MB
1775422133,dds26-team9-stock-worker-6,8.38%,35.02MiB / 512MiB,674kB / 992kB
1775422133,dds26-team9-stock-web-3,0.33%,212.3MiB / 512MiB,20.9kB / 3.1kB
1775422133,dds26-team9-stock-web-2,0.33%,212.2MiB / 512MiB,18.9kB / 2.56kB
1775422133,dds26-team9-stock-worker-2,8.18%,33.27MiB / 512MiB,659kB / 973kB
1775422133,dds26-team9-stock-worker-5,8.03%,35.01MiB / 512MiB,677kB / 993kB
1775422133,dds26-team9-stock-web-4,0.32%,224.7MiB / 512MiB,20.6kB / 3.7MB
1775422133,dds26-team9-stock-worker-8,7.87%,35.26MiB / 512MiB,647kB / 956kB
1775422133,dds26-team9-stock-worker-4,6.70%,35.41MiB / 512MiB,658kB / 967kB
1775422133,dds26-team9-user-worker-4,13.55%,35.44MiB / 512MiB,876kB / 1.29MB
1775422133,dds26-team9-user-web-2,0.31%,212.4MiB / 512MiB,21kB / 2.56kB
1775422133,dds26-team9-user-worker-2,11.35%,33.32MiB / 512MiB,906kB / 1.32MB
1775422133,dds26-team9-user-worker-3,10.38%,35.24MiB / 512MiB,862kB / 1.27MB
1775422133,dds26-team9-user-worker-1,13.14%,35.08MiB / 512MiB,914kB / 1.33MB
1775422133,dds26-team9-user-web-4,0.38%,211.2MiB / 512MiB,19.9kB / 2.56kB
1775422133,dds26-team9-user-web-3,0.30%,224.1MiB / 512MiB,21.2kB / 3.1MB
1775422133,dds26-team9-user-web-1,0.39%,210.7MiB / 512MiB,17.4kB / 2.56kB
1775422133,dds26-team9-redis-stock-1,3.60%,28.71MiB / 512MiB,4.08MB / 428kB
1775422133,dds26-team9-redis-payment-1,3.48%,28.46MiB / 512MiB,3.45MB / 411kB
1775422133,dds26-team9-redis-order-1,10.91%,31.46MiB / 512MiB,15.4MB / 3.87MB
1775422133,dds26-team9-redis-orchestrator-1,8.44%,33.98MiB / 512MiB,5.29MB / 3.4MB
1775422133,dds26-team9-redis-bus-1,68.13%,29.47MiB / 2GiB,45.8MB / 27.2MB
1775422137,dds26-team9-gateway-1,4.72%,18.54MiB / 354.3GiB,3.32MB / 3MB
1775422137,dds26-team9-order-worker-5,7.77%,34.01MiB / 512MiB,890kB / 1.25MB
1775422137,dds26-team9-order-worker-3,7.39%,33.98MiB / 512MiB,891kB / 1.25MB
1775422137,dds26-team9-order-web-14,7.15%,240.4MiB / 1GiB,336kB / 412kB
1775422137,dds26-team9-order-web-7,7.61%,242MiB / 1GiB,335kB / 413kB
1775422137,dds26-team9-order-web-15,7.03%,259.5MiB / 1GiB,341kB / 11.9MB
1775422137,dds26-team9-order-web-24,7.31%,240MiB / 1GiB,333kB / 413kB
1775422137,dds26-team9-order-worker-2,7.20%,35.97MiB / 512MiB,880kB / 1.23MB
1775422137,dds26-team9-order-worker-7,7.25%,35.96MiB / 512MiB,875kB / 1.23MB
1775422137,dds26-team9-order-web-1,6.98%,239.6MiB / 1GiB,331kB / 410kB
1775422137,dds26-team9-order-web-18,7.70%,242MiB / 1GiB,330kB / 411kB
1775422137,dds26-team9-order-web-13,6.95%,240.1MiB / 1GiB,331kB / 413kB
1775422137,dds26-team9-order-web-23,6.96%,239.4MiB / 1GiB,330kB / 414kB
1775422137,dds26-team9-order-worker-6,7.39%,35.97MiB / 512MiB,870kB / 1.22MB
1775422137,dds26-team9-order-web-17,7.05%,240MiB / 1GiB,327kB / 412kB
1775422137,dds26-team9-order-web-6,7.32%,240MiB / 1GiB,328kB / 409kB
1775422137,dds26-team9-order-web-8,8.23%,240.6MiB / 1GiB,330kB / 415kB
1775422137,dds26-team9-order-web-12,6.87%,239.6MiB / 1GiB,326kB / 408kB
1775422137,dds26-team9-order-web-5,7.28%,240MiB / 1GiB,326kB / 407kB
1775422137,dds26-team9-order-web-9,7.81%,240.4MiB / 1GiB,327kB / 410kB
1775422137,dds26-team9-order-web-11,7.93%,239.3MiB / 1GiB,324kB / 407kB
1775422137,dds26-team9-order-worker-1,8.14%,36.16MiB / 512MiB,866kB / 1.21MB
1775422137,dds26-team9-order-web-19,7.23%,239.6MiB / 1GiB,326kB / 410kB
1775422137,dds26-team9-order-web-16,11.24%,239.8MiB / 1GiB,325kB / 411kB
1775422137,dds26-team9-order-web-4,14.55%,242.1MiB / 1GiB,326kB / 418kB
1775422137,dds26-team9-order-web-22,13.91%,241.3MiB / 1GiB,323kB / 406kB
1775422137,dds26-team9-order-web-21,14.40%,239.6MiB / 1GiB,324kB / 408kB
1775422137,dds26-team9-orchestrator-worker-25,12.55%,36.95MiB / 512MiB,1.05MB / 1.73MB
1775422137,dds26-team9-order-web-3,7.41%,240MiB / 1GiB,324kB / 411kB
1775422137,dds26-team9-order-web-20,7.03%,240MiB / 1GiB,324kB / 412kB
1775422137,dds26-team9-order-web-2,6.91%,239.9MiB / 1GiB,323kB / 415kB
1775422137,dds26-team9-orchestrator-worker-24,11.98%,33.47MiB / 512MiB,1.08MB / 1.78MB
1775422137,dds26-team9-order-worker-4,7.53%,34.02MiB / 512MiB,874kB / 1.22MB
1775422137,dds26-team9-orchestrator-worker-1,12.44%,33MiB / 512MiB,1.02MB / 1.68MB
1775422137,dds26-team9-orchestrator-worker-17,10.57%,34.95MiB / 512MiB,1.02MB / 1.69MB
1775422137,dds26-team9-orchestrator-worker-3,13.63%,35.15MiB / 512MiB,1.03MB / 1.68MB
1775422137,dds26-team9-orchestrator-worker-14,12.29%,35.2MiB / 512MiB,1.02MB / 1.68MB
1775422137,dds26-team9-orchestrator-worker-21,11.79%,34.95MiB / 512MiB,1MB / 1.64MB
1775422137,dds26-team9-order-web-25,6.98%,239.5MiB / 1GiB,322kB / 410kB
1775422137,dds26-team9-orchestrator-worker-7,11.83%,35.16MiB / 512MiB,987kB / 1.63MB
1775422137,dds26-team9-order-web-10,7.68%,240.1MiB / 1GiB,322kB / 412kB
1775422137,dds26-team9-orchestrator-worker-16,13.93%,34.96MiB / 512MiB,996kB / 1.65MB
1775422137,dds26-team9-orchestrator-worker-6,11.67%,35.19MiB / 512MiB,1.02MB / 1.68MB
1775422137,dds26-team9-orchestrator-worker-23,11.93%,32.98MiB / 512MiB,1.02MB / 1.69MB
1775422137,dds26-team9-orchestrator-worker-20,10.83%,34.98MiB / 512MiB,996kB / 1.65MB
1775422137,dds26-team9-order-worker-8,7.70%,34.02MiB / 512MiB,871kB / 1.21MB
1775422137,dds26-team9-orchestrator-worker-15,12.27%,34.96MiB / 512MiB,977kB / 1.61MB
1775422137,dds26-team9-orchestrator-worker-22,14.18%,32.98MiB / 512MiB,984kB / 1.63MB
1775422137,dds26-team9-orchestrator-worker-13,11.78%,35.16MiB / 512MiB,981kB / 1.62MB
1775422137,dds26-team9-orchestrator-worker-8,10.41%,35.16MiB / 512MiB,962kB / 1.6MB
1775422137,dds26-team9-orchestrator-worker-19,11.34%,33.23MiB / 512MiB,970kB / 1.61MB
1775422137,dds26-team9-orchestrator-worker-10,10.54%,33.2MiB / 512MiB,984kB / 1.63MB
1775422137,dds26-team9-orchestrator-worker-18,13.41%,35.04MiB / 512MiB,966kB / 1.6MB
1775422137,dds26-team9-orchestrator-worker-2,12.54%,33.22MiB / 512MiB,963kB / 1.59MB
1775422137,dds26-team9-orchestrator-worker-11,13.41%,33.22MiB / 512MiB,958kB / 1.59MB
1775422137,dds26-team9-orchestrator-worker-12,11.13%,35MiB / 512MiB,951kB / 1.59MB
1775422137,dds26-team9-orchestrator-worker-4,10.89%,34.98MiB / 512MiB,966kB / 1.61MB
1775422137,dds26-team9-orchestrator-worker-9,11.90%,33.02MiB / 512MiB,954kB / 1.59MB
1775422137,dds26-team9-stock-worker-7,8.98%,33.44MiB / 512MiB,899kB / 1.31MB
1775422137,dds26-team9-stock-web-1,0.35%,211.5MiB / 512MiB,20.7kB / 2.02kB
1775422137,dds26-team9-stock-worker-1,8.64%,35.19MiB / 512MiB,911kB / 1.32MB
1775422137,dds26-team9-stock-worker-3,9.74%,33.26MiB / 512MiB,848kB / 1.24MB
1775422137,dds26-team9-orchestrator-worker-5,12.77%,35.19MiB / 512MiB,945kB / 1.57MB
1775422137,dds26-team9-stock-worker-6,8.47%,35.02MiB / 512MiB,872kB / 1.27MB
1775422137,dds26-team9-stock-web-3,0.33%,212.3MiB / 512MiB,20.9kB / 3.1kB
1775422137,dds26-team9-stock-web-2,0.32%,212.2MiB / 512MiB,18.9kB / 2.56kB
1775422137,dds26-team9-stock-worker-2,11.37%,33.38MiB / 512MiB,860kB / 1.25MB
1775422137,dds26-team9-stock-worker-5,7.38%,35.27MiB / 512MiB,883kB / 1.28MB
1775422137,dds26-team9-stock-web-4,0.31%,224.7MiB / 512MiB,20.6kB / 3.7MB
1775422137,dds26-team9-stock-worker-8,10.12%,35.03MiB / 512MiB,907kB / 1.31MB
1775422137,dds26-team9-stock-worker-4,8.86%,35.02MiB / 512MiB,865kB / 1.26MB
1775422137,dds26-team9-user-worker-4,13.65%,35.05MiB / 512MiB,1.25MB / 1.81MB
1775422137,dds26-team9-user-web-2,0.34%,212.4MiB / 512MiB,21kB / 2.56kB
1775422137,dds26-team9-user-worker-2,13.10%,33.27MiB / 512MiB,1.26MB / 1.81MB
1775422137,dds26-team9-user-worker-3,13.85%,35.28MiB / 512MiB,1.23MB / 1.78MB
1775422137,dds26-team9-user-worker-1,13.44%,35.09MiB / 512MiB,1.31MB / 1.88MB
1775422137,dds26-team9-user-web-4,0.44%,211.2MiB / 512MiB,19.9kB / 2.56kB
1775422137,dds26-team9-user-web-3,0.34%,224.1MiB / 512MiB,21.2kB / 3.1MB
1775422137,dds26-team9-user-web-1,0.42%,210.7MiB / 512MiB,17.4kB / 2.56kB
1775422137,dds26-team9-redis-stock-1,1.76%,28.66MiB / 512MiB,4.35MB / 761kB
1775422137,dds26-team9-redis-payment-1,1.62%,28.43MiB / 512MiB,3.7MB / 727kB
1775422137,dds26-team9-redis-order-1,9.35%,27.93MiB / 512MiB,18.2MB / 6.73MB
1775422137,dds26-team9-redis-orchestrator-1,9.04%,34MiB / 512MiB,9.3MB / 6.04MB
1775422137,dds26-team9-redis-bus-1,71.67%,31.31MiB / 2GiB,59.5MB / 35.1MB
1775422140,dds26-team9-gateway-1,7.81%,22.02MiB / 354.3GiB,6.31MB / 5.74MB
1775422140,dds26-team9-order-worker-5,10.08%,34.02MiB / 512MiB,1.05MB / 1.46MB
1775422140,dds26-team9-order-worker-3,9.95%,34.45MiB / 512MiB,1.15MB / 1.59MB
1775422140,dds26-team9-order-web-14,8.96%,240.9MiB / 1GiB,524kB / 654kB
1775422140,dds26-team9-order-web-7,17.12%,243.1MiB / 1GiB,514kB / 641kB
1775422140,dds26-team9-order-web-15,10.07%,259.9MiB / 1GiB,530kB / 12.1MB
1775422140,dds26-team9-order-web-24,9.09%,240.9MiB / 1GiB,518kB / 650kB
1775422140,dds26-team9-order-worker-2,10.22%,35.99MiB / 512MiB,1.13MB / 1.56MB
1775422140,dds26-team9-order-worker-7,10.00%,36.2MiB / 512MiB,1.14MB / 1.57MB
1775422140,dds26-team9-order-web-1,10.72%,240.5MiB / 1GiB,511kB / 639kB
1775422140,dds26-team9-order-web-18,10.13%,243.1MiB / 1GiB,510kB / 641kB
1775422140,dds26-team9-order-web-13,10.68%,240.9MiB / 1GiB,521kB / 660kB
1775422140,dds26-team9-order-web-23,8.77%,239.9MiB / 1GiB,514kB / 648kB
1775422140,dds26-team9-order-worker-6,10.14%,35.99MiB / 512MiB,1.13MB / 1.56MB
1775422140,dds26-team9-order-web-17,9.97%,240.5MiB / 1GiB,506kB / 643kB
1775422140,dds26-team9-order-web-6,12.44%,240.5MiB / 1GiB,520kB / 654kB
1775422140,dds26-team9-order-web-8,10.82%,241.4MiB / 1GiB,522kB / 664kB
1775422140,dds26-team9-order-web-12,8.92%,239.9MiB / 1GiB,513kB / 645kB
1775422140,dds26-team9-order-web-5,9.20%,240.9MiB / 1GiB,515kB / 649kB
1775422140,dds26-team9-order-web-9,11.35%,240.4MiB / 1GiB,519kB / 654kB
1775422140,dds26-team9-order-web-11,8.83%,240.4MiB / 1GiB,511kB / 645kB
1775422140,dds26-team9-order-worker-1,9.55%,35.98MiB / 512MiB,1.11MB / 1.54MB
1775422140,dds26-team9-order-web-19,9.24%,240.1MiB / 1GiB,511kB / 645kB
1775422140,dds26-team9-order-web-16,10.65%,240.3MiB / 1GiB,507kB / 645kB
1775422140,dds26-team9-order-web-4,8.83%,242.6MiB / 1GiB,511kB / 656kB
1775422140,dds26-team9-order-web-22,9.03%,242.4MiB / 1GiB,513kB / 652kB
1775422140,dds26-team9-order-web-21,10.80%,240MiB / 1GiB,515kB / 653kB
1775422140,dds26-team9-orchestrator-worker-25,14.89%,37.12MiB / 512MiB,1.4MB / 2.3MB
1775422140,dds26-team9-order-web-3,10.97%,240.4MiB / 1GiB,516kB / 658kB
1775422140,dds26-team9-order-web-20,9.03%,240.4MiB / 1GiB,510kB / 652kB
1775422140,dds26-team9-order-web-2,9.36%,240.6MiB / 1GiB,516kB / 663kB
1775422140,dds26-team9-orchestrator-worker-24,15.66%,33.04MiB / 512MiB,1.42MB / 2.34MB
1775422140,dds26-team9-order-worker-4,9.78%,34.04MiB / 512MiB,1.13MB / 1.56MB
1775422140,dds26-team9-orchestrator-worker-1,16.12%,33.02MiB / 512MiB,1.36MB / 2.26MB
1775422140,dds26-team9-orchestrator-worker-17,16.48%,35.17MiB / 512MiB,1.4MB / 2.31MB
1775422140,dds26-team9-orchestrator-worker-3,14.13%,35.24MiB / 512MiB,1.38MB / 2.26MB
1775422140,dds26-team9-orchestrator-worker-14,13.63%,35.23MiB / 512MiB,1.36MB / 2.25MB
1775422140,dds26-team9-orchestrator-worker-21,14.02%,35.2MiB / 512MiB,1.35MB / 2.22MB
1775422140,dds26-team9-order-web-25,9.71%,240.1MiB / 1GiB,502kB / 638kB
1775422140,dds26-team9-orchestrator-worker-7,14.21%,35.01MiB / 512MiB,1.34MB / 2.21MB
1775422140,dds26-team9-order-web-10,8.76%,240.6MiB / 1GiB,508kB / 651kB
1775422140,dds26-team9-orchestrator-worker-16,14.24%,35MiB / 512MiB,1.36MB / 2.27MB
1775422140,dds26-team9-orchestrator-worker-6,14.30%,35.05MiB / 512MiB,1.36MB / 2.24MB
1775422140,dds26-team9-orchestrator-worker-23,14.34%,33.25MiB / 512MiB,1.37MB / 2.25MB
1775422140,dds26-team9-orchestrator-worker-20,15.16%,35.46MiB / 512MiB,1.35MB / 2.22MB
1775422140,dds26-team9-order-worker-8,10.04%,34.28MiB / 512MiB,1.13MB / 1.55MB
1775422140,dds26-team9-orchestrator-worker-15,14.93%,35.22MiB / 512MiB,1.33MB / 2.19MB
1775422140,dds26-team9-orchestrator-worker-22,15.43%,33.03MiB / 512MiB,1.32MB / 2.18MB
1775422140,dds26-team9-orchestrator-worker-13,16.21%,35.21MiB / 512MiB,1.33MB / 2.2MB
1775422140,dds26-team9-orchestrator-worker-8,14.98%,35.02MiB / 512MiB,1.32MB / 2.19MB
1775422140,dds26-team9-orchestrator-worker-19,14.20%,33.05MiB / 512MiB,1.32MB / 2.2MB
1775422140,dds26-team9-orchestrator-worker-10,17.48%,33.5MiB / 512MiB,1.35MB / 2.23MB
1775422140,dds26-team9-orchestrator-worker-18,14.60%,35.2MiB / 512MiB,1.31MB / 2.16MB
1775422140,dds26-team9-orchestrator-worker-2,14.48%,33.27MiB / 512MiB,1.29MB / 2.13MB
1775422140,dds26-team9-orchestrator-worker-11,14.75%,33.04MiB / 512MiB,1.32MB / 2.19MB
1775422140,dds26-team9-orchestrator-worker-12,14.73%,35.27MiB / 512MiB,1.29MB / 2.13MB
1775422140,dds26-team9-orchestrator-worker-4,15.29%,35.13MiB / 512MiB,1.33MB / 2.21MB
1775422140,dds26-team9-orchestrator-worker-9,14.00%,33.05MiB / 512MiB,1.3MB / 2.16MB
1775422140,dds26-team9-stock-worker-7,12.11%,33.07MiB / 512MiB,1.17MB / 1.69MB
1775422140,dds26-team9-stock-web-1,0.39%,211.5MiB / 512MiB,20.8kB / 2.16kB
1775422140,dds26-team9-stock-worker-1,11.76%,35.02MiB / 512MiB,1.17MB / 1.69MB
1775422140,dds26-team9-stock-worker-3,11.86%,33.34MiB / 512MiB,1.1MB / 1.59MB
1775422140,dds26-team9-orchestrator-worker-5,14.00%,35.5MiB / 512MiB,1.29MB / 2.14MB
1775422140,dds26-team9-stock-worker-6,11.57%,35.06MiB / 512MiB,1.14MB / 1.65MB
1775422140,dds26-team9-stock-web-3,7.66%,212.5MiB / 512MiB,21.4kB / 3.78kB
1775422140,dds26-team9-stock-web-2,0.34%,212.2MiB / 512MiB,18.9kB / 2.56kB
1775422140,dds26-team9-stock-worker-2,11.26%,33.05MiB / 512MiB,1.13MB / 1.64MB
1775422140,dds26-team9-stock-worker-5,12.85%,35.29MiB / 512MiB,1.18MB / 1.7MB
1775422140,dds26-team9-stock-web-4,0.35%,224.7MiB / 512MiB,20.6kB / 3.7MB
1775422140,dds26-team9-stock-worker-8,12.48%,35.09MiB / 512MiB,1.2MB / 1.72MB
1775422140,dds26-team9-stock-worker-4,11.42%,35.28MiB / 512MiB,1.14MB / 1.65MB
1775422140,dds26-team9-user-worker-4,19.57%,35.32MiB / 512MiB,1.77MB / 2.52MB
1775422140,dds26-team9-user-web-2,0.39%,212.4MiB / 512MiB,21.1kB / 2.7kB
1775422140,dds26-team9-user-worker-2,16.91%,33.11MiB / 512MiB,1.7MB / 2.42MB
1775422140,dds26-team9-user-worker-3,16.96%,35.6MiB / 512MiB,1.66MB / 2.37MB
1775422140,dds26-team9-user-worker-1,17.57%,35.29MiB / 512MiB,1.77MB / 2.51MB
1775422140,dds26-team9-user-web-4,7.93%,211.7MiB / 512MiB,20.3kB / 3.24kB
1775422140,dds26-team9-user-web-3,0.35%,224.1MiB / 512MiB,21.2kB / 3.1MB
1775422140,dds26-team9-user-web-1,0.41%,210.7MiB / 512MiB,17.4kB / 2.56kB
1775422140,dds26-team9-redis-stock-1,4.36%,28.73MiB / 512MiB,4.68MB / 1.19MB
1775422140,dds26-team9-redis-payment-1,4.11%,28.46MiB / 512MiB,4.01MB / 1.13MB
1775422140,dds26-team9-redis-order-1,15.16%,28.43MiB / 512MiB,21.9MB / 10.6MB
1775422140,dds26-team9-redis-orchestrator-1,14.97%,34.01MiB / 512MiB,14.4MB / 9.37MB
1775422140,dds26-team9-redis-bus-1,93.77%,36.14MiB / 2GiB,77.4MB / 45.4MB
1775422143,dds26-team9-gateway-1,9.12%,24.77MiB / 354.3GiB,7.95MB / 7.24MB
1775422143,dds26-team9-order-worker-5,11.94%,34.01MiB / 512MiB,1.47MB / 2MB
1775422143,dds26-team9-order-worker-3,11.29%,34MiB / 512MiB,1.47MB / 2MB
1775422143,dds26-team9-order-web-14,10.63%,241.3MiB / 1GiB,724kB / 907kB
1775422143,dds26-team9-order-web-7,10.73%,243.4MiB / 1GiB,728kB / 913kB
1775422143,dds26-team9-order-web-15,10.82%,260MiB / 1GiB,733kB / 12.4MB
1775422143,dds26-team9-order-web-24,10.30%,241.4MiB / 1GiB,722kB / 910kB
1775422143,dds26-team9-order-worker-2,11.52%,36.19MiB / 512MiB,1.45MB / 1.98MB
1775422143,dds26-team9-order-worker-7,10.60%,35.96MiB / 512MiB,1.45MB / 1.98MB
1775422143,dds26-team9-order-web-1,10.14%,240.9MiB / 1GiB,723kB / 907kB
1775422143,dds26-team9-order-web-18,10.24%,243.4MiB / 1GiB,723kB / 913kB
1775422143,dds26-team9-order-web-13,18.19%,241.5MiB / 1GiB,722kB / 917kB
1775422143,dds26-team9-order-web-23,17.12%,242.3MiB / 1GiB,723kB / 916kB
1775422143,dds26-team9-order-worker-6,11.67%,36.2MiB / 512MiB,1.45MB / 1.97MB
1775422143,dds26-team9-order-web-17,10.63%,240.8MiB / 1GiB,719kB / 914kB
1775422143,dds26-team9-order-web-6,10.64%,240.9MiB / 1GiB,717kB / 907kB
1775422143,dds26-team9-order-web-8,10.31%,241.7MiB / 1GiB,721kB / 922kB
1775422143,dds26-team9-order-web-12,9.79%,240.4MiB / 1GiB,716kB / 898kB
1775422143,dds26-team9-order-web-5,10.71%,241.5MiB / 1GiB,717kB / 907kB
1775422143,dds26-team9-order-web-9,10.51%,241.2MiB / 1GiB,719kB / 911kB
1775422143,dds26-team9-order-web-11,10.19%,241MiB / 1GiB,717kB / 911kB
1775422143,dds26-team9-order-worker-1,10.86%,35.96MiB / 512MiB,1.44MB / 1.96MB
1775422143,dds26-team9-order-web-19,10.76%,240.8MiB / 1GiB,718kB / 909kB
1775422143,dds26-team9-order-web-16,9.86%,241.2MiB / 1GiB,718kB / 915kB
1775422143,dds26-team9-order-web-4,10.54%,243MiB / 1GiB,716kB / 916kB
1775422143,dds26-team9-order-web-22,10.60%,242.9MiB / 1GiB,715kB / 908kB
1775422143,dds26-team9-order-web-21,10.50%,240.7MiB / 1GiB,715kB / 910kB
1775422143,dds26-team9-orchestrator-worker-25,17.14%,37.01MiB / 512MiB,1.81MB / 2.99MB
1775422143,dds26-team9-order-web-3,10.12%,240.8MiB / 1GiB,715kB / 914kB
1775422143,dds26-team9-order-web-20,10.08%,240.8MiB / 1GiB,714kB / 910kB
1775422143,dds26-team9-order-web-2,10.75%,241.1MiB / 1GiB,715kB / 920kB
1775422143,dds26-team9-orchestrator-worker-24,17.80%,33.29MiB / 512MiB,1.83MB / 3.01MB
1775422143,dds26-team9-order-worker-4,11.86%,34.02MiB / 512MiB,1.45MB / 1.97MB
1775422143,dds26-team9-orchestrator-worker-1,17.29%,33.01MiB / 512MiB,1.76MB / 2.91MB
1775422143,dds26-team9-orchestrator-worker-17,20.28%,35.29MiB / 512MiB,1.84MB / 3.03MB
1775422143,dds26-team9-orchestrator-worker-3,16.10%,34.99MiB / 512MiB,1.78MB / 2.91MB
1775422143,dds26-team9-orchestrator-worker-14,16.99%,35.21MiB / 512MiB,1.76MB / 2.91MB
1775422143,dds26-team9-orchestrator-worker-21,16.16%,34.98MiB / 512MiB,1.76MB / 2.89MB
1775422143,dds26-team9-order-web-25,9.89%,240.8MiB / 1GiB,714kB / 908kB
1775422143,dds26-team9-orchestrator-worker-7,17.83%,35MiB / 512MiB,1.74MB / 2.87MB
1775422143,dds26-team9-order-web-10,10.38%,241MiB / 1GiB,714kB / 909kB
1775422143,dds26-team9-orchestrator-worker-16,17.00%,35.2MiB / 512MiB,1.78MB / 2.94MB
1775422143,dds26-team9-orchestrator-worker-6,16.84%,35.26MiB / 512MiB,1.76MB / 2.91MB
1775422143,dds26-team9-orchestrator-worker-23,17.50%,32.99MiB / 512MiB,1.78MB / 2.93MB
1775422143,dds26-team9-orchestrator-worker-20,16.62%,34.99MiB / 512MiB,1.76MB / 2.91MB
1775422143,dds26-team9-order-worker-8,11.92%,34.02MiB / 512MiB,1.44MB / 1.96MB
1775422143,dds26-team9-orchestrator-worker-15,15.97%,34.98MiB / 512MiB,1.74MB / 2.87MB
1775422143,dds26-team9-orchestrator-worker-22,16.99%,33.25MiB / 512MiB,1.74MB / 2.86MB
1775422143,dds26-team9-orchestrator-worker-13,18.76%,35.07MiB / 512MiB,1.76MB / 2.9MB
1775422143,dds26-team9-orchestrator-worker-8,16.87%,35.25MiB / 512MiB,1.73MB / 2.87MB
1775422143,dds26-team9-orchestrator-worker-19,16.71%,33.04MiB / 512MiB,1.71MB / 2.85MB
1775422143,dds26-team9-orchestrator-worker-10,16.75%,33.03MiB / 512MiB,1.74MB / 2.88MB
1775422143,dds26-team9-orchestrator-worker-18,17.45%,35.18MiB / 512MiB,1.74MB / 2.85MB
1775422143,dds26-team9-orchestrator-worker-2,16.40%,33.05MiB / 512MiB,1.7MB / 2.81MB
1775422143,dds26-team9-orchestrator-worker-11,15.01%,33.24MiB / 512MiB,1.72MB / 2.85MB
1775422143,dds26-team9-orchestrator-worker-12,16.42%,35.27MiB / 512MiB,1.71MB / 2.83MB
1775422143,dds26-team9-orchestrator-worker-4,16.47%,35.02MiB / 512MiB,1.75MB / 2.91MB
1775422143,dds26-team9-orchestrator-worker-9,16.57%,33.25MiB / 512MiB,1.7MB / 2.82MB
1775422143,dds26-team9-stock-worker-7,15.09%,33.09MiB / 512MiB,1.48MB / 2.13MB
1775422143,dds26-team9-stock-web-1,0.41%,211.5MiB / 512MiB,20.9kB / 2.16kB
1775422143,dds26-team9-stock-worker-1,12.34%,35MiB / 512MiB,1.47MB / 2.11MB
1775422143,dds26-team9-stock-worker-3,13.90%,33.23MiB / 512MiB,1.39MB / 2.01MB
1775422143,dds26-team9-orchestrator-worker-5,15.86%,35.01MiB / 512MiB,1.71MB / 2.84MB
1775422143,dds26-team9-stock-worker-6,13.23%,35.07MiB / 512MiB,1.45MB / 2.08MB
1775422143,dds26-team9-stock-web-3,0.36%,212.5MiB / 512MiB,21.4kB / 3.78kB
1775422143,dds26-team9-stock-web-2,0.33%,212.2MiB / 512MiB,19kB / 2.7kB
1775422143,dds26-team9-stock-worker-2,13.35%,33.06MiB / 512MiB,1.42MB / 2.05MB
1775422143,dds26-team9-stock-worker-5,13.79%,35.3MiB / 512MiB,1.52MB / 2.17MB
1775422143,dds26-team9-stock-web-4,0.36%,224.7MiB / 512MiB,20.7kB / 3.7MB
1775422143,dds26-team9-stock-worker-8,14.39%,35.29MiB / 512MiB,1.54MB / 2.2MB
1775422143,dds26-team9-stock-worker-4,12.71%,35.03MiB / 512MiB,1.43MB / 2.06MB
1775422143,dds26-team9-user-worker-4,18.10%,35.13MiB / 512MiB,2.31MB / 3.26MB
1775422143,dds26-team9-user-web-2,0.38%,212.4MiB / 512MiB,21.1kB / 2.7kB
1775422143,dds26-team9-user-worker-2,22.97%,33.16MiB / 512MiB,2.31MB / 3.26MB
1775422143,dds26-team9-user-worker-3,20.31%,35.16MiB / 512MiB,2.21MB / 3.12MB
1775422143,dds26-team9-user-worker-1,19.11%,35.15MiB / 512MiB,2.31MB / 3.25MB
1775422143,dds26-team9-user-web-4,0.37%,211.7MiB / 512MiB,20.3kB / 3.24kB
1775422143,dds26-team9-user-web-3,0.33%,224.1MiB / 512MiB,21.4kB / 3.1MB
1775422143,dds26-team9-user-web-1,0.39%,210.7MiB / 512MiB,17.4kB / 2.7kB
1775422143,dds26-team9-redis-stock-1,10.27%,29.17MiB / 512MiB,5.07MB / 1.7MB
1775422143,dds26-team9-redis-payment-1,10.37%,29.22MiB / 512MiB,4.39MB / 1.63MB
1775422143,dds26-team9-redis-order-1,21.53%,29.14MiB / 512MiB,26.3MB / 15.1MB
1775422143,dds26-team9-redis-orchestrator-1,25.14%,34.5MiB / 512MiB,20.8MB / 13.6MB
1775422143,dds26-team9-redis-bus-1,109.02%,35.36MiB / 2GiB,98MB / 57.2MB
1775422146,dds26-team9-gateway-1,10.29%,28.65MiB / 354.3GiB,12.2MB / 11.2MB
1775422146,dds26-team9-order-worker-5,16.27%,34.21MiB / 512MiB,1.84MB / 2.48MB
1775422146,dds26-team9-order-worker-3,16.57%,34.22MiB / 512MiB,1.84MB / 2.49MB
1775422146,dds26-team9-order-web-14,12.99%,241.7MiB / 1GiB,997kB / 1.25MB
1775422146,dds26-team9-order-web-7,13.26%,243.9MiB / 1GiB,1e+03kB / 1.26MB
1775422146,dds26-team9-order-web-15,13.52%,260.3MiB / 1GiB,1MB / 12.7MB
1775422146,dds26-team9-order-web-24,14.58%,242MiB / 1GiB,996kB / 1.26MB
1775422146,dds26-team9-order-worker-2,15.31%,36.45MiB / 512MiB,1.83MB / 2.47MB
1775422146,dds26-team9-order-worker-7,16.15%,36.46MiB / 512MiB,1.83MB / 2.47MB
1775422146,dds26-team9-order-web-1,12.79%,241.4MiB / 1GiB,996kB / 1.25MB
1775422146,dds26-team9-order-web-18,14.63%,243.7MiB / 1GiB,913kB / 1.15MB
1775422146,dds26-team9-order-web-13,13.12%,241.9MiB / 1GiB,993kB / 1.26MB
1775422146,dds26-team9-order-web-23,13.99%,242MiB / 1GiB,996kB / 1.27MB
1775422146,dds26-team9-order-worker-6,15.43%,36MiB / 512MiB,1.82MB / 2.46MB
1775422146,dds26-team9-order-web-17,12.44%,241.3MiB / 1GiB,990kB / 1.26MB
1775422146,dds26-team9-order-web-6,13.93%,241.3MiB / 1GiB,988kB / 1.25MB
1775422146,dds26-team9-order-web-8,12.21%,242.1MiB / 1GiB,994kB / 1.27MB
1775422146,dds26-team9-order-web-12,13.75%,240.7MiB / 1GiB,989kB / 1.24MB
1775422146,dds26-team9-order-web-5,13.72%,242.2MiB / 1GiB,990kB / 1.25MB
1775422146,dds26-team9-order-web-9,14.75%,241.7MiB / 1GiB,990kB / 1.25MB
1775422146,dds26-team9-order-web-11,14.09%,241.5MiB / 1GiB,988kB / 1.26MB
1775422146,dds26-team9-order-worker-1,16.46%,36.22MiB / 512MiB,1.81MB / 2.44MB
1775422146,dds26-team9-order-web-19,20.31%,241.4MiB / 1GiB,989kB / 1.25MB
1775422146,dds26-team9-order-web-16,19.74%,241.8MiB / 1GiB,989kB / 1.26MB
1775422146,dds26-team9-order-web-4,20.44%,243.8MiB / 1GiB,989kB / 1.26MB
1775422146,dds26-team9-order-web-22,19.17%,243.5MiB / 1GiB,988kB / 1.25MB
1775422146,dds26-team9-order-web-21,13.18%,245.1MiB / 1GiB,986kB / 1.25MB
1775422146,dds26-team9-orchestrator-worker-25,21.78%,37.02MiB / 512MiB,2.33MB / 3.83MB
1775422146,dds26-team9-order-web-3,12.89%,241.7MiB / 1GiB,987kB / 1.26MB
1775422146,dds26-team9-order-web-20,12.56%,241.2MiB / 1GiB,986kB / 1.25MB
1775422146,dds26-team9-order-web-2,12.62%,241.6MiB / 1GiB,987kB / 1.27MB
1775422146,dds26-team9-orchestrator-worker-24,22.40%,33.06MiB / 512MiB,2.34MB / 3.85MB
1775422146,dds26-team9-order-worker-4,16.35%,34.04MiB / 512MiB,1.82MB / 2.45MB
1775422146,dds26-team9-orchestrator-worker-1,24.31%,33.06MiB / 512MiB,2.25MB / 3.73MB
1775422146,dds26-team9-orchestrator-worker-17,21.07%,35.31MiB / 512MiB,2.35MB / 3.87MB
1775422146,dds26-team9-orchestrator-worker-3,23.09%,35.02MiB / 512MiB,2.29MB / 3.75MB
1775422146,dds26-team9-orchestrator-worker-14,24.59%,35.25MiB / 512MiB,2.27MB / 3.74MB
1775422146,dds26-team9-orchestrator-worker-21,23.30%,35.28MiB / 512MiB,2.28MB / 3.75MB
1775422146,dds26-team9-order-web-25,13.77%,241.2MiB / 1GiB,987kB / 1.26MB
1775422146,dds26-team9-orchestrator-worker-7,23.56%,35.03MiB / 512MiB,2.24MB / 3.69MB
1775422146,dds26-team9-order-web-10,12.11%,241.7MiB / 1GiB,988kB / 1.26MB
1775422146,dds26-team9-orchestrator-worker-16,22.72%,35.2MiB / 512MiB,2.28MB / 3.78MB
1775422146,dds26-team9-orchestrator-worker-6,22.47%,35.22MiB / 512MiB,2.26MB / 3.74MB
1775422146,dds26-team9-orchestrator-worker-23,22.89%,33.05MiB / 512MiB,2.28MB / 3.74MB
1775422146,dds26-team9-orchestrator-worker-20,20.94%,35.05MiB / 512MiB,2.26MB / 3.73MB
1775422146,dds26-team9-order-worker-8,14.87%,34.26MiB / 512MiB,1.81MB / 2.44MB
1775422146,dds26-team9-orchestrator-worker-15,21.90%,35.23MiB / 512MiB,2.23MB / 3.68MB
1775422146,dds26-team9-orchestrator-worker-22,23.90%,33.04MiB / 512MiB,2.23MB / 3.68MB
1775422146,dds26-team9-orchestrator-worker-13,23.30%,35.26MiB / 512MiB,2.26MB / 3.73MB
1775422146,dds26-team9-orchestrator-worker-8,22.16%,35.29MiB / 512MiB,2.23MB / 3.71MB
1775422146,dds26-team9-orchestrator-worker-19,23.98%,33.09MiB / 512MiB,2.23MB / 3.69MB
1775422146,dds26-team9-orchestrator-worker-10,22.01%,33.32MiB / 512MiB,2.25MB / 3.73MB
1775422146,dds26-team9-orchestrator-worker-18,22.89%,35.04MiB / 512MiB,2.24MB / 3.67MB
1775422146,dds26-team9-orchestrator-worker-2,22.45%,33.08MiB / 512MiB,2.21MB / 3.64MB
1775422146,dds26-team9-orchestrator-worker-11,20.53%,33.32MiB / 512MiB,2.23MB / 3.69MB
1775422146,dds26-team9-orchestrator-worker-12,21.69%,35.05MiB / 512MiB,2.22MB / 3.66MB
1775422146,dds26-team9-orchestrator-worker-4,22.96%,35.29MiB / 512MiB,2.25MB / 3.73MB
1775422146,dds26-team9-orchestrator-worker-9,21.57%,33.08MiB / 512MiB,2.21MB / 3.66MB
1775422146,dds26-team9-stock-worker-7,16.82%,33.12MiB / 512MiB,1.85MB / 2.65MB
1775422146,dds26-team9-stock-web-1,0.42%,211.5MiB / 512MiB,20.9kB / 2.16kB
1775422146,dds26-team9-stock-worker-1,18.36%,35.27MiB / 512MiB,1.87MB / 2.67MB
1775422146,dds26-team9-stock-worker-3,17.22%,33.07MiB / 512MiB,1.76MB / 2.53MB
1775422146,dds26-team9-orchestrator-worker-5,21.61%,35.07MiB / 512MiB,2.21MB / 3.66MB
1775422146,dds26-team9-stock-worker-6,16.94%,35.32MiB / 512MiB,1.8MB / 2.59MB
1775422146,dds26-team9-stock-web-3,0.44%,212.5MiB / 512MiB,21.4kB / 3.78kB
1775422146,dds26-team9-stock-web-2,0.44%,212.2MiB / 512MiB,19kB / 2.7kB
1775422146,dds26-team9-stock-worker-2,19.88%,33.1MiB / 512MiB,1.83MB / 2.61MB
1775422146,dds26-team9-stock-worker-5,16.28%,35.11MiB / 512MiB,1.9MB / 2.71MB
1775422146,dds26-team9-stock-web-4,0.43%,224.7MiB / 512MiB,20.7kB / 3.7MB
1775422146,dds26-team9-stock-worker-8,16.85%,35.09MiB / 512MiB,1.94MB / 2.75MB
1775422146,dds26-team9-stock-worker-4,17.45%,35.06MiB / 512MiB,1.81MB / 2.59MB
1775422146,dds26-team9-user-worker-4,26.91%,35.47MiB / 512MiB,2.93MB / 4.1MB
1775422146,dds26-team9-user-web-2,0.43%,212.4MiB / 512MiB,21.1kB / 2.7kB
1775422146,dds26-team9-user-worker-2,25.58%,33.43MiB / 512MiB,3.01MB / 4.2MB
1775422146,dds26-team9-user-worker-3,28.01%,35.57MiB / 512MiB,2.9MB / 4.04MB
1775422146,dds26-team9-user-worker-1,24.95%,35.43MiB / 512MiB,2.97MB / 4.13MB
1775422146,dds26-team9-user-web-4,0.46%,211.7MiB / 512MiB,20.3kB / 3.24kB
1775422146,dds26-team9-user-web-3,0.42%,224.1MiB / 512MiB,21.4kB / 3.1MB
1775422146,dds26-team9-user-web-1,0.42%,210.7MiB / 512MiB,17.4kB / 2.7kB
1775422146,dds26-team9-redis-stock-1,5.67%,29.33MiB / 512MiB,5.56MB / 2.34MB
1775422146,dds26-team9-redis-payment-1,5.42%,29.13MiB / 512MiB,4.86MB / 2.25MB
1775422146,dds26-team9-redis-order-1,20.42%,29.63MiB / 512MiB,31.8MB / 20.9MB
1775422146,dds26-team9-redis-orchestrator-1,21.47%,34.8MiB / 512MiB,28.7MB / 18.8MB
1775422146,dds26-team9-redis-bus-1,123.69%,34.88MiB / 2GiB,123MB / 71.6MB
1775422150,dds26-team9-gateway-1,12.21%,29.69MiB / 354.3GiB,15.8MB / 14.4MB
1775422150,dds26-team9-order-worker-5,14.61%,34.01MiB / 512MiB,2.22MB / 2.99MB
1775422150,dds26-team9-order-worker-3,15.23%,34.23MiB / 512MiB,2.23MB / 3MB
1775422150,dds26-team9-order-web-14,15.64%,242.1MiB / 1GiB,1.28MB / 1.62MB
1775422150,dds26-team9-order-web-7,21.69%,244.2MiB / 1GiB,1.28MB / 1.61MB
1775422150,dds26-team9-order-web-15,15.55%,260.5MiB / 1GiB,1.29MB / 13.1MB
1775422150,dds26-team9-order-web-24,15.57%,242.2MiB / 1GiB,1.28MB / 1.62MB
1775422150,dds26-team9-order-worker-2,14.06%,35.97MiB / 512MiB,2.22MB / 2.98MB
1775422150,dds26-team9-order-worker-7,14.35%,35.98MiB / 512MiB,2.23MB / 2.99MB
1775422150,dds26-team9-order-web-1,14.41%,242MiB / 1GiB,1.27MB / 1.59MB
1775422150,dds26-team9-order-web-18,13.91%,244.2MiB / 1GiB,1.27MB / 1.6MB
1775422150,dds26-team9-order-web-13,15.24%,242.3MiB / 1GiB,1.28MB / 1.63MB
1775422150,dds26-team9-order-web-23,14.38%,242.3MiB / 1GiB,1.27MB / 1.62MB
1775422150,dds26-team9-order-worker-6,14.20%,35.97MiB / 512MiB,2.22MB / 2.98MB
1775422150,dds26-team9-order-web-17,14.21%,241.6MiB / 1GiB,1.27MB / 1.61MB
1775422150,dds26-team9-order-web-6,15.48%,241.8MiB / 1GiB,1.27MB / 1.61MB
1775422150,dds26-team9-order-web-8,14.90%,242.4MiB / 1GiB,1.28MB / 1.63MB
1775422150,dds26-team9-order-web-12,15.07%,241.1MiB / 1GiB,1.26MB / 1.59MB
1775422150,dds26-team9-order-web-5,14.06%,242.6MiB / 1GiB,1.26MB / 1.6MB
1775422150,dds26-team9-order-web-9,14.86%,242MiB / 1GiB,1.27MB / 1.6MB
1775422150,dds26-team9-order-web-11,14.67%,241.9MiB / 1GiB,1.26MB / 1.6MB
1775422150,dds26-team9-order-worker-1,14.39%,36.2MiB / 512MiB,2.2MB / 2.96MB
1775422150,dds26-team9-order-web-19,13.62%,241.7MiB / 1GiB,1.26MB / 1.6MB
1775422150,dds26-team9-order-web-16,13.96%,242.2MiB / 1GiB,1.26MB / 1.61MB
1775422150,dds26-team9-order-web-4,15.51%,244.2MiB / 1GiB,1.27MB / 1.61MB
1775422150,dds26-team9-order-web-22,16.53%,243.9MiB / 1GiB,1.27MB / 1.62MB
1775422150,dds26-team9-order-web-21,15.00%,241.7MiB / 1GiB,1.27MB / 1.61MB
1775422150,dds26-team9-orchestrator-worker-25,21.35%,37.3MiB / 512MiB,2.85MB / 4.69MB
1775422150,dds26-team9-order-web-3,15.07%,242.1MiB / 1GiB,1.27MB / 1.62MB
1775422150,dds26-team9-order-web-20,14.14%,241.6MiB / 1GiB,1.26MB / 1.6MB
1775422150,dds26-team9-order-web-2,13.70%,242MiB / 1GiB,1.26MB / 1.61MB
1775422150,dds26-team9-orchestrator-worker-24,21.31%,33.05MiB / 512MiB,2.84MB / 4.68MB
1775422150,dds26-team9-order-worker-4,14.67%,34.26MiB / 512MiB,2.21MB / 2.96MB
1775422150,dds26-team9-orchestrator-worker-1,21.94%,33.07MiB / 512MiB,2.77MB / 4.57MB
1775422150,dds26-team9-orchestrator-worker-17,20.58%,35.29MiB / 512MiB,2.85MB / 4.7MB
1775422150,dds26-team9-orchestrator-worker-3,23.14%,35.16MiB / 512MiB,2.81MB / 4.6MB
1775422150,dds26-team9-orchestrator-worker-14,23.28%,35.05MiB / 512MiB,2.81MB / 4.63MB
1775422150,dds26-team9-orchestrator-worker-21,20.88%,35.25MiB / 512MiB,2.8MB / 4.6MB
1775422150,dds26-team9-order-web-25,15.38%,241.7MiB / 1GiB,1.27MB / 1.62MB
1775422150,dds26-team9-orchestrator-worker-7,22.90%,35.06MiB / 512MiB,2.76MB / 4.56MB
1775422150,dds26-team9-order-web-10,14.03%,242.1MiB / 1GiB,1.26MB / 1.6MB
1775422150,dds26-team9-orchestrator-worker-16,21.19%,35.39MiB / 512MiB,2.79MB / 4.61MB
1775422150,dds26-team9-orchestrator-worker-6,21.62%,35.3MiB / 512MiB,2.77MB / 4.57MB
1775422150,dds26-team9-orchestrator-worker-23,21.32%,33.3MiB / 512MiB,2.8MB / 4.59MB
1775422150,dds26-team9-orchestrator-worker-20,20.84%,35.25MiB / 512MiB,2.78MB / 4.58MB
1775422150,dds26-team9-order-worker-8,15.96%,34.47MiB / 512MiB,2.2MB / 2.95MB
1775422150,dds26-team9-orchestrator-worker-15,22.18%,35.51MiB / 512MiB,2.75MB / 4.53MB
1775422150,dds26-team9-orchestrator-worker-22,23.20%,33.08MiB / 512MiB,2.74MB / 4.52MB
1775422150,dds26-team9-orchestrator-worker-13,23.29%,35.29MiB / 512MiB,2.79MB / 4.61MB
1775422150,dds26-team9-orchestrator-worker-8,21.94%,35.32MiB / 512MiB,2.76MB / 4.58MB
1775422150,dds26-team9-orchestrator-worker-19,22.46%,33.5MiB / 512MiB,2.75MB / 4.55MB
1775422150,dds26-team9-orchestrator-worker-10,22.11%,33.54MiB / 512MiB,2.79MB / 4.61MB
1775422150,dds26-team9-orchestrator-worker-18,21.43%,35.27MiB / 512MiB,2.75MB / 4.51MB
1775422150,dds26-team9-orchestrator-worker-2,21.52%,33.32MiB / 512MiB,2.71MB / 4.47MB
1775422150,dds26-team9-orchestrator-worker-11,21.59%,33.14MiB / 512MiB,2.73MB / 4.52MB
1775422150,dds26-team9-orchestrator-worker-12,22.23%,35.25MiB / 512MiB,2.73MB / 4.48MB
1775422150,dds26-team9-orchestrator-worker-4,21.48%,35.05MiB / 512MiB,2.77MB / 4.6MB
1775422150,dds26-team9-orchestrator-worker-9,21.54%,33.09MiB / 512MiB,2.72MB / 4.49MB
1775422150,dds26-team9-stock-worker-7,17.59%,33.12MiB / 512MiB,2.24MB / 3.2MB
1775422150,dds26-team9-stock-web-1,0.41%,212MiB / 512MiB,21.3kB / 2.85kB
1775422150,dds26-team9-stock-worker-1,17.50%,35.05MiB / 512MiB,2.27MB / 3.23MB
1775422150,dds26-team9-stock-worker-3,18.02%,33.14MiB / 512MiB,2.15MB / 3.07MB
1775422150,dds26-team9-orchestrator-worker-5,22.99%,35.52MiB / 512MiB,2.75MB / 4.53MB
1775422150,dds26-team9-stock-worker-6,18.20%,35.59MiB / 512MiB,2.2MB / 3.14MB
1775422150,dds26-team9-stock-web-3,7.48%,212.5MiB / 512MiB,21.5kB / 3.93kB
1775422150,dds26-team9-stock-web-2,0.43%,212.2MiB / 512MiB,19.1kB / 2.7kB
1775422150,dds26-team9-stock-worker-2,16.28%,33.1MiB / 512MiB,2.2MB / 3.13MB
1775422150,dds26-team9-stock-worker-5,17.31%,35.13MiB / 512MiB,2.3MB / 3.27MB
1775422150,dds26-team9-stock-web-4,0.44%,224.7MiB / 512MiB,20.8kB / 3.7MB
1775422150,dds26-team9-stock-worker-8,17.66%,35.12MiB / 512MiB,2.33MB / 3.3MB
1775422150,dds26-team9-stock-worker-4,17.94%,35.31MiB / 512MiB,2.2MB / 3.14MB
1775422150,dds26-team9-user-worker-4,27.73%,35.48MiB / 512MiB,3.65MB / 5.06MB
1775422150,dds26-team9-user-web-2,0.44%,212.4MiB / 512MiB,21.2kB / 2.85kB
1775422150,dds26-team9-user-worker-2,26.78%,33.48MiB / 512MiB,3.73MB / 5.17MB
1775422150,dds26-team9-user-worker-3,23.66%,35.28MiB / 512MiB,3.59MB / 4.98MB
1775422150,dds26-team9-user-worker-1,25.20%,35.27MiB / 512MiB,3.65MB / 5.05MB
1775422150,dds26-team9-user-web-4,7.54%,211.7MiB / 512MiB,20.4kB / 3.39kB
1775422150,dds26-team9-user-web-3,0.44%,224.1MiB / 512MiB,21.4kB / 3.1MB
1775422150,dds26-team9-user-web-1,0.42%,210.7MiB / 512MiB,17.4kB / 2.7kB
1775422150,dds26-team9-redis-stock-1,3.74%,29.41MiB / 512MiB,6.07MB / 3.02MB
1775422150,dds26-team9-redis-payment-1,3.26%,29.1MiB / 512MiB,5.34MB / 2.87MB
1775422150,dds26-team9-redis-order-1,19.36%,29.16MiB / 512MiB,37.5MB / 26.9MB
1775422150,dds26-team9-redis-orchestrator-1,19.06%,35MiB / 512MiB,36.8MB / 24.1MB
1775422150,dds26-team9-redis-bus-1,118.85%,33.7MiB / 2GiB,140MB / 81MB
1775422153,dds26-team9-gateway-1,12.70%,30.62MiB / 354.3GiB,20.2MB / 18.4MB
1775422153,dds26-team9-order-worker-5,19.29%,34.21MiB / 512MiB,2.71MB / 3.62MB
1775422153,dds26-team9-order-worker-3,17.80%,34.2MiB / 512MiB,2.71MB / 3.62MB
1775422153,dds26-team9-order-web-14,15.43%,242.6MiB / 1GiB,1.63MB / 2.04MB
1775422153,dds26-team9-order-web-7,16.22%,244.7MiB / 1GiB,1.63MB / 2.05MB
1775422153,dds26-team9-order-web-15,15.96%,260.7MiB / 1GiB,1.63MB / 13.5MB
1775422153,dds26-team9-order-web-24,15.61%,242.7MiB / 1GiB,1.62MB / 2.05MB
1775422153,dds26-team9-order-worker-2,18.39%,36.01MiB / 512MiB,2.7MB / 3.6MB
1775422153,dds26-team9-order-worker-7,17.63%,36.16MiB / 512MiB,2.7MB / 3.6MB
1775422153,dds26-team9-order-web-1,22.76%,242.2MiB / 1GiB,1.51MB / 1.91MB
1775422153,dds26-team9-order-web-18,21.77%,244.7MiB / 1GiB,1.62MB / 2.05MB
1775422153,dds26-team9-order-web-13,23.52%,242.9MiB / 1GiB,1.62MB / 2.07MB
1775422153,dds26-team9-order-web-23,14.90%,242.7MiB / 1GiB,1.62MB / 2.06MB
1775422153,dds26-team9-order-worker-6,17.64%,36.07MiB / 512MiB,2.7MB / 3.61MB
1775422153,dds26-team9-order-web-17,15.43%,242.5MiB / 1GiB,1.62MB / 2.05MB
1775422153,dds26-team9-order-web-6,16.41%,242.3MiB / 1GiB,1.62MB / 2.05MB
1775422153,dds26-team9-order-web-8,15.05%,242.9MiB / 1GiB,1.62MB / 2.06MB
1775422153,dds26-team9-order-web-12,15.84%,241.8MiB / 1GiB,1.62MB / 2.03MB
1775422153,dds26-team9-order-web-5,16.25%,243MiB / 1GiB,1.62MB / 2.05MB
1775422153,dds26-team9-order-web-9,15.53%,242.5MiB / 1GiB,1.62MB / 2.05MB
1775422153,dds26-team9-order-web-11,15.21%,242.4MiB / 1GiB,1.62MB / 2.05MB
1775422153,dds26-team9-order-worker-1,18.25%,36.19MiB / 512MiB,2.69MB / 3.58MB
1775422153,dds26-team9-order-web-19,15.90%,242.6MiB / 1GiB,1.62MB / 2.05MB
1775422153,dds26-team9-order-web-16,15.27%,242.5MiB / 1GiB,1.62MB / 2.05MB
1775422153,dds26-team9-order-web-4,14.81%,244.7MiB / 1GiB,1.62MB / 2.06MB
1775422153,dds26-team9-order-web-22,16.40%,244.3MiB / 1GiB,1.62MB / 2.06MB
1775422153,dds26-team9-order-web-21,16.38%,242.1MiB / 1GiB,1.61MB / 2.05MB
1775422153,dds26-team9-orchestrator-worker-25,25.43%,37.3MiB / 512MiB,3.49MB / 5.73MB
1775422153,dds26-team9-order-web-3,15.66%,242.5MiB / 1GiB,1.62MB / 2.06MB
1775422153,dds26-team9-order-web-20,15.51%,242MiB / 1GiB,1.61MB / 2.05MB
1775422153,dds26-team9-order-web-2,14.92%,242.3MiB / 1GiB,1.62MB / 2.06MB
1775422153,dds26-team9-orchestrator-worker-24,26.53%,33.3MiB / 512MiB,3.49MB / 5.74MB
1775422153,dds26-team9-order-worker-4,18.49%,34.15MiB / 512MiB,2.7MB / 3.6MB
1775422153,dds26-team9-orchestrator-worker-1,26.92%,33.09MiB / 512MiB,3.41MB / 5.63MB
1775422153,dds26-team9-orchestrator-worker-17,26.11%,35.07MiB / 512MiB,3.51MB / 5.78MB
1775422153,dds26-team9-orchestrator-worker-3,25.48%,35.27MiB / 512MiB,3.47MB / 5.68MB
1775422153,dds26-team9-orchestrator-worker-14,25.33%,35.35MiB / 512MiB,3.46MB / 5.7MB
1775422153,dds26-team9-orchestrator-worker-21,25.34%,35.42MiB / 512MiB,3.45MB / 5.66MB
1775422153,dds26-team9-order-web-25,14.91%,242MiB / 1GiB,1.61MB / 2.05MB
1775422153,dds26-team9-orchestrator-worker-7,25.58%,35.27MiB / 512MiB,3.4MB / 5.6MB
1775422153,dds26-team9-order-web-10,15.93%,242.6MiB / 1GiB,1.61MB / 2.05MB
1775422153,dds26-team9-orchestrator-worker-16,25.60%,35.26MiB / 512MiB,3.45MB / 5.68MB
1775422153,dds26-team9-orchestrator-worker-6,26.18%,35.29MiB / 512MiB,3.41MB / 5.63MB
1775422153,dds26-team9-orchestrator-worker-23,26.17%,33.34MiB / 512MiB,3.45MB / 5.65MB
1775422153,dds26-team9-orchestrator-worker-20,24.48%,35.34MiB / 512MiB,3.42MB / 5.64MB
1775422153,dds26-team9-order-worker-8,17.68%,34.05MiB / 512MiB,2.68MB / 3.57MB
1775422153,dds26-team9-orchestrator-worker-15,24.70%,35.25MiB / 512MiB,3.39MB / 5.6MB
1775422153,dds26-team9-orchestrator-worker-22,27.38%,33.32MiB / 512MiB,3.38MB / 5.58MB
1775422153,dds26-team9-orchestrator-worker-13,26.45%,35.07MiB / 512MiB,3.44MB / 5.67MB
1775422153,dds26-team9-orchestrator-worker-8,25.91%,35.31MiB / 512MiB,3.43MB / 5.66MB
1775422153,dds26-team9-orchestrator-worker-19,25.66%,33.3MiB / 512MiB,3.41MB / 5.63MB
1775422153,dds26-team9-orchestrator-worker-10,24.92%,33.31MiB / 512MiB,3.43MB / 5.66MB
1775422153,dds26-team9-orchestrator-worker-18,24.32%,35.24MiB / 512MiB,3.42MB / 5.61MB
1775422153,dds26-team9-orchestrator-worker-2,25.38%,33.32MiB / 512MiB,3.35MB / 5.52MB
1775422153,dds26-team9-orchestrator-worker-11,25.79%,33.14MiB / 512MiB,3.38MB / 5.59MB
1775422153,dds26-team9-orchestrator-worker-12,25.92%,35.08MiB / 512MiB,3.38MB / 5.56MB
1775422153,dds26-team9-orchestrator-worker-4,25.60%,35.28MiB / 512MiB,3.44MB / 5.69MB
1775422153,dds26-team9-orchestrator-worker-9,24.45%,33.18MiB / 512MiB,3.37MB / 5.57MB
1775422153,dds26-team9-stock-worker-7,20.04%,33.39MiB / 512MiB,2.75MB / 3.9MB
1775422153,dds26-team9-stock-web-1,0.42%,212MiB / 512MiB,21.3kB / 2.85kB
1775422153,dds26-team9-stock-worker-1,19.94%,35.28MiB / 512MiB,2.77MB / 3.91MB
1775422153,dds26-team9-stock-worker-3,19.71%,33.14MiB / 512MiB,2.62MB / 3.72MB
1775422153,dds26-team9-orchestrator-worker-5,25.97%,35.13MiB / 512MiB,3.4MB / 5.6MB
1775422153,dds26-team9-stock-worker-6,18.33%,35.14MiB / 512MiB,2.68MB / 3.81MB
1775422153,dds26-team9-stock-web-3,0.40%,212.5MiB / 512MiB,21.5kB / 3.93kB
1775422153,dds26-team9-stock-web-2,0.45%,212.2MiB / 512MiB,19.1kB / 2.85kB
1775422153,dds26-team9-stock-worker-2,21.61%,33.5MiB / 512MiB,2.71MB / 3.84MB
1775422153,dds26-team9-stock-worker-5,18.14%,35.39MiB / 512MiB,2.78MB / 3.94MB
1775422153,dds26-team9-stock-web-4,0.46%,224.7MiB / 512MiB,20.9kB / 3.7MB
1775422153,dds26-team9-stock-worker-8,17.93%,35.11MiB / 512MiB,2.81MB / 3.97MB
1775422153,dds26-team9-stock-worker-4,19.38%,35.11MiB / 512MiB,2.68MB / 3.81MB
1775422153,dds26-team9-user-worker-4,29.89%,35.58MiB / 512MiB,4.5MB / 6.21MB
1775422153,dds26-team9-user-web-2,0.44%,212.4MiB / 512MiB,21.2kB / 2.85kB
1775422153,dds26-team9-user-worker-2,31.59%,33.37MiB / 512MiB,4.61MB / 6.34MB
1775422153,dds26-team9-user-worker-3,32.25%,35.36MiB / 512MiB,4.39MB / 6.06MB
1775422153,dds26-team9-user-worker-1,30.06%,35.53MiB / 512MiB,4.57MB / 6.29MB
1775422153,dds26-team9-user-web-4,0.45%,211.7MiB / 512MiB,20.4kB / 3.39kB
1775422153,dds26-team9-user-web-3,0.43%,224.1MiB / 512MiB,21.4kB / 3.1MB
1775422153,dds26-team9-user-web-1,0.44%,210.9MiB / 512MiB,17.9kB / 3.39kB
1775422153,dds26-team9-redis-stock-1,4.07%,29.06MiB / 512MiB,6.69MB / 3.84MB
1775422153,dds26-team9-redis-payment-1,3.96%,29.37MiB / 512MiB,5.95MB / 3.68MB
1775422153,dds26-team9-redis-order-1,22.03%,29.04MiB / 512MiB,44.8MB / 34.4MB
1775422153,dds26-team9-redis-orchestrator-1,22.78%,34.96MiB / 512MiB,46.8MB / 30.8MB
1775422153,dds26-team9-redis-bus-1,141.59%,35.4MiB / 2GiB,181MB / 105MB
1775422156,dds26-team9-gateway-1,15.13%,33.47MiB / 354.3GiB,24.9MB / 22.7MB
1775422156,dds26-team9-order-worker-5,19.55%,34.24MiB / 512MiB,3.21MB / 4.27MB
1775422156,dds26-team9-order-worker-3,18.84%,34.25MiB / 512MiB,3.22MB / 4.28MB
1775422156,dds26-team9-order-web-14,19.51%,243MiB / 1GiB,1.99MB / 2.51MB
1775422156,dds26-team9-order-web-7,19.26%,245.1MiB / 1GiB,1.99MB / 2.52MB
1775422156,dds26-team9-order-web-15,18.99%,261MiB / 1GiB,2.02MB / 14MB
1775422156,dds26-team9-order-web-24,20.47%,243.4MiB / 1GiB,2.01MB / 2.54MB
1775422156,dds26-team9-order-worker-2,17.73%,36.23MiB / 512MiB,3.21MB / 4.26MB
1775422156,dds26-team9-order-worker-7,17.13%,36.23MiB / 512MiB,3.22MB / 4.27MB
1775422156,dds26-team9-order-web-1,19.85%,242.9MiB / 1GiB,2MB / 2.52MB
1775422156,dds26-team9-order-web-18,20.18%,247.5MiB / 1GiB,1.99MB / 2.52MB
1775422156,dds26-team9-order-web-13,19.55%,243.6MiB / 1GiB,2.01MB / 2.56MB
1775422156,dds26-team9-order-web-23,19.56%,243MiB / 1GiB,2.01MB / 2.55MB
1775422156,dds26-team9-order-worker-6,17.62%,35.99MiB / 512MiB,3.21MB / 4.26MB
1775422156,dds26-team9-order-web-17,18.68%,242.9MiB / 1GiB,1.99MB / 2.52MB
1775422156,dds26-team9-order-web-6,20.09%,242.7MiB / 1GiB,1.99MB / 2.52MB
1775422156,dds26-team9-order-web-8,20.45%,243.2MiB / 1GiB,2MB / 2.55MB
1775422156,dds26-team9-order-web-12,19.75%,242.3MiB / 1GiB,1.99MB / 2.5MB
1775422156,dds26-team9-order-web-5,20.47%,243.3MiB / 1GiB,2MB / 2.54MB
1775422156,dds26-team9-order-web-9,19.38%,243MiB / 1GiB,1.99MB / 2.52MB
1775422156,dds26-team9-order-web-11,21.94%,242.7MiB / 1GiB,1.98MB / 2.52MB
1775422156,dds26-team9-order-worker-1,18.38%,36.19MiB / 512MiB,3.2MB / 4.25MB
1775422156,dds26-team9-order-web-19,26.88%,243.1MiB / 1GiB,1.99MB / 2.52MB
1775422156,dds26-team9-order-web-16,26.82%,242.9MiB / 1GiB,2MB / 2.54MB
1775422156,dds26-team9-order-web-4,26.85%,245.1MiB / 1GiB,2MB / 2.55MB
1775422156,dds26-team9-order-web-22,26.49%,244.9MiB / 1GiB,2MB / 2.54MB
1775422156,dds26-team9-order-web-21,20.29%,242.8MiB / 1GiB,2MB / 2.54MB
1775422156,dds26-team9-orchestrator-worker-25,28.16%,37.25MiB / 512MiB,4.16MB / 6.85MB
1775422156,dds26-team9-order-web-3,21.22%,243MiB / 1GiB,2MB / 2.55MB
1775422156,dds26-team9-order-web-20,18.95%,242.5MiB / 1GiB,1.98MB / 2.51MB
1775422156,dds26-team9-order-web-2,19.71%,242.7MiB / 1GiB,2MB / 2.54MB
1775422156,dds26-team9-orchestrator-worker-24,28.69%,33.12MiB / 512MiB,4.16MB / 6.84MB
1775422156,dds26-team9-order-worker-4,17.89%,34.04MiB / 512MiB,3.2MB / 4.24MB
1775422156,dds26-team9-orchestrator-worker-1,29.10%,33.13MiB / 512MiB,4.09MB / 6.74MB
1775422156,dds26-team9-orchestrator-worker-17,28.09%,35.1MiB / 512MiB,4.18MB / 6.87MB
1775422156,dds26-team9-orchestrator-worker-3,29.74%,35.3MiB / 512MiB,4.14MB / 6.79MB
1775422156,dds26-team9-orchestrator-worker-14,29.82%,35.12MiB / 512MiB,4.16MB / 6.84MB
1775422156,dds26-team9-orchestrator-worker-21,28.75%,35.34MiB / 512MiB,4.13MB / 6.79MB
1775422156,dds26-team9-order-web-25,18.62%,242.2MiB / 1GiB,1.85MB / 2.35MB
1775422156,dds26-team9-orchestrator-worker-7,28.68%,35.29MiB / 512MiB,4.06MB / 6.67MB
1775422156,dds26-team9-order-web-10,20.16%,243MiB / 1GiB,1.99MB / 2.53MB
1775422156,dds26-team9-orchestrator-worker-16,27.24%,35.06MiB / 512MiB,4.1MB / 6.76MB
1775422156,dds26-team9-orchestrator-worker-6,27.97%,35.29MiB / 512MiB,4.08MB / 6.72MB
1775422156,dds26-team9-orchestrator-worker-23,28.51%,33.34MiB / 512MiB,4.11MB / 6.74MB
1775422156,dds26-team9-orchestrator-worker-20,30.54%,35.34MiB / 512MiB,4.13MB / 6.81MB
1775422156,dds26-team9-order-worker-8,18.51%,34.05MiB / 512MiB,3.18MB / 4.22MB
1775422156,dds26-team9-orchestrator-worker-15,28.25%,35.3MiB / 512MiB,4.07MB / 6.69MB
1775422156,dds26-team9-orchestrator-worker-22,29.75%,33.13MiB / 512MiB,4.06MB / 6.7MB
1775422156,dds26-team9-orchestrator-worker-13,28.88%,35.51MiB / 512MiB,4.09MB / 6.74MB
1775422156,dds26-team9-orchestrator-worker-8,29.99%,35.37MiB / 512MiB,4.11MB / 6.79MB
1775422156,dds26-team9-orchestrator-worker-19,29.37%,33.38MiB / 512MiB,4.08MB / 6.73MB
1775422156,dds26-team9-orchestrator-worker-10,27.42%,33.11MiB / 512MiB,4.09MB / 6.75MB
1775422156,dds26-team9-orchestrator-worker-18,28.46%,35.5MiB / 512MiB,4.11MB / 6.74MB
1775422156,dds26-team9-orchestrator-worker-2,28.93%,33.4MiB / 512MiB,4.05MB / 6.67MB
1775422156,dds26-team9-orchestrator-worker-11,27.70%,33.14MiB / 512MiB,4.03MB / 6.65MB
1775422156,dds26-team9-orchestrator-worker-12,29.38%,35.36MiB / 512MiB,4.07MB / 6.69MB
1775422156,dds26-team9-orchestrator-worker-4,28.84%,35.32MiB / 512MiB,4.11MB / 6.8MB
1775422156,dds26-team9-orchestrator-worker-9,27.62%,33.32MiB / 512MiB,4.04MB / 6.66MB
1775422156,dds26-team9-stock-worker-7,24.37%,33.68MiB / 512MiB,3.29MB / 4.64MB
1775422156,dds26-team9-stock-web-1,0.44%,212.5MiB / 512MiB,21.3kB / 2.85kB
1775422156,dds26-team9-stock-worker-1,22.29%,35.32MiB / 512MiB,3.26MB / 4.6MB
1775422156,dds26-team9-stock-worker-3,23.74%,33.63MiB / 512MiB,3.12MB / 4.42MB
1775422156,dds26-team9-orchestrator-worker-5,27.22%,35.3MiB / 512MiB,4.07MB / 6.69MB
1775422156,dds26-team9-stock-worker-6,23.09%,35.66MiB / 512MiB,3.2MB / 4.52MB
1775422156,dds26-team9-stock-web-3,0.45%,212.5MiB / 512MiB,21.5kB / 3.93kB
1775422156,dds26-team9-stock-web-2,0.47%,212.2MiB / 512MiB,19.1kB / 2.85kB
1775422156,dds26-team9-stock-worker-2,23.43%,33.39MiB / 512MiB,3.2MB / 4.52MB
1775422156,dds26-team9-stock-worker-5,21.70%,35.47MiB / 512MiB,3.27MB / 4.61MB
1775422156,dds26-team9-stock-web-4,0.46%,224.7MiB / 512MiB,20.9kB / 3.7MB
1775422156,dds26-team9-stock-worker-8,22.70%,35.38MiB / 512MiB,3.34MB / 4.69MB
1775422156,dds26-team9-stock-worker-4,21.43%,35.39MiB / 512MiB,3.15MB / 4.46MB
1775422156,dds26-team9-user-worker-4,33.12%,35.59MiB / 512MiB,5.41MB / 7.42MB
1775422156,dds26-team9-user-web-2,0.47%,212.4MiB / 512MiB,21.2kB / 2.85kB
1775422156,dds26-team9-user-worker-2,36.05%,33.62MiB / 512MiB,5.57MB / 7.63MB
1775422156,dds26-team9-user-worker-3,31.41%,35.39MiB / 512MiB,5.29MB / 7.26MB
1775422156,dds26-team9-user-worker-1,33.81%,35.91MiB / 512MiB,5.51MB / 7.54MB
1775422156,dds26-team9-user-web-4,0.45%,211.7MiB / 512MiB,20.4kB / 3.39kB
1775422156,dds26-team9-user-web-3,0.47%,224.1MiB / 512MiB,21.4kB / 3.1MB
1775422156,dds26-team9-user-web-1,0.49%,210.9MiB / 512MiB,17.9kB / 3.39kB
1775422156,dds26-team9-redis-stock-1,6.76%,29.12MiB / 512MiB,7.35MB / 4.73MB
1775422156,dds26-team9-redis-payment-1,6.31%,28.86MiB / 512MiB,6.59MB / 4.52MB
1775422156,dds26-team9-redis-order-1,28.74%,29.23MiB / 512MiB,52.6MB / 42.7MB
1775422156,dds26-team9-redis-orchestrator-1,26.55%,35.08MiB / 512MiB,57.3MB / 37.7MB
1775422156,dds26-team9-redis-bus-1,151.98%,37.2MiB / 2GiB,214MB / 124MB
1775422160,dds26-team9-gateway-1,15.20%,34.51MiB / 354.3GiB,30MB / 27.3MB
1775422160,dds26-team9-order-worker-5,21.05%,34.04MiB / 512MiB,3.79MB / 5.02MB
1775422160,dds26-team9-order-worker-3,20.54%,34.01MiB / 512MiB,3.8MB / 5.03MB
1775422160,dds26-team9-order-web-14,18.97%,243.3MiB / 1GiB,2.41MB / 3.04MB
1775422160,dds26-team9-order-web-7,26.12%,245.9MiB / 1GiB,2.42MB / 3.06MB
1775422160,dds26-team9-order-web-15,18.66%,261.3MiB / 1GiB,2.42MB / 14.5MB
1775422160,dds26-team9-order-web-24,20.51%,243.6MiB / 1GiB,2.41MB / 3.06MB
1775422160,dds26-team9-order-worker-2,19.54%,35.97MiB / 512MiB,3.79MB / 5.02MB
1775422160,dds26-team9-order-worker-7,20.32%,36MiB / 512MiB,3.8MB / 5.02MB
1775422160,dds26-team9-order-web-1,18.34%,243.3MiB / 1GiB,2.4MB / 3.03MB
1775422160,dds26-team9-order-web-18,18.70%,247.9MiB / 1GiB,2.41MB / 3.05MB
1775422160,dds26-team9-order-web-13,18.27%,243.8MiB / 1GiB,2.4MB / 3.06MB
1775422160,dds26-team9-order-web-23,20.17%,243.3MiB / 1GiB,2.4MB / 3.05MB
1775422160,dds26-team9-order-worker-6,20.41%,36.48MiB / 512MiB,3.79MB / 5.02MB
1775422160,dds26-team9-order-web-17,19.50%,243.4MiB / 1GiB,2.41MB / 3.06MB
1775422160,dds26-team9-order-web-6,19.47%,243.1MiB / 1GiB,2.41MB / 3.05MB
1775422160,dds26-team9-order-web-8,18.10%,243.5MiB / 1GiB,2.4MB / 3.06MB
1775422160,dds26-team9-order-web-12,19.58%,242.7MiB / 1GiB,2.4MB / 3.03MB
1775422160,dds26-team9-order-web-5,19.29%,243.8MiB / 1GiB,2.41MB / 3.05MB
1775422160,dds26-team9-order-web-9,19.71%,243.3MiB / 1GiB,2.4MB / 3.03MB
1775422160,dds26-team9-order-web-11,18.42%,243MiB / 1GiB,2.39MB / 3.03MB
1775422160,dds26-team9-order-worker-1,21.89%,36.46MiB / 512MiB,3.58MB / 4.74MB
1775422160,dds26-team9-order-web-19,19.45%,243.2MiB / 1GiB,2.4MB / 3.04MB
1775422160,dds26-team9-order-web-16,17.73%,243.3MiB / 1GiB,2.4MB / 3.04MB
1775422160,dds26-team9-order-web-4,19.96%,245.4MiB / 1GiB,2.41MB / 3.06MB
1775422160,dds26-team9-order-web-22,19.17%,245.3MiB / 1GiB,2.4MB / 3.06MB
1775422160,dds26-team9-order-web-21,18.45%,242.8MiB / 1GiB,2.39MB / 3.03MB
1775422160,dds26-team9-orchestrator-worker-25,30.79%,37.33MiB / 512MiB,4.91MB / 8.09MB
1775422160,dds26-team9-order-web-3,17.98%,243.3MiB / 1GiB,2.39MB / 3.05MB
1775422160,dds26-team9-order-web-20,18.17%,242.7MiB / 1GiB,2.39MB / 3.03MB
1775422160,dds26-team9-order-web-2,18.04%,243.1MiB / 1GiB,2.39MB / 3.04MB
1775422160,dds26-team9-orchestrator-worker-24,29.41%,33.14MiB / 512MiB,4.92MB / 8.08MB
1775422160,dds26-team9-order-worker-4,21.70%,34.18MiB / 512MiB,3.78MB / 5MB
1775422160,dds26-team9-orchestrator-worker-1,29.67%,33.36MiB / 512MiB,4.86MB / 7.99MB
1775422160,dds26-team9-orchestrator-worker-17,29.40%,35.29MiB / 512MiB,4.95MB / 8.12MB
1775422160,dds26-team9-orchestrator-worker-3,27.40%,35.33MiB / 512MiB,4.9MB / 8MB
1775422160,dds26-team9-orchestrator-worker-14,29.69%,35.12MiB / 512MiB,4.91MB / 8.09MB
1775422160,dds26-team9-orchestrator-worker-21,29.52%,35.28MiB / 512MiB,4.89MB / 8.03MB
1775422160,dds26-team9-order-web-25,19.13%,243.2MiB / 1GiB,2.39MB / 3.03MB
1775422160,dds26-team9-orchestrator-worker-7,31.24%,35.27MiB / 512MiB,4.83MB / 7.92MB
1775422160,dds26-team9-order-web-10,18.13%,243.4MiB / 1GiB,2.39MB / 3.04MB
1775422160,dds26-team9-orchestrator-worker-16,28.29%,35.06MiB / 512MiB,4.87MB / 8MB
1775422160,dds26-team9-orchestrator-worker-6,29.96%,35.15MiB / 512MiB,4.85MB / 7.99MB
1775422160,dds26-team9-orchestrator-worker-23,30.93%,33.24MiB / 512MiB,4.87MB / 7.99MB
1775422160,dds26-team9-orchestrator-worker-20,28.71%,35.14MiB / 512MiB,4.88MB / 8.05MB
1775422160,dds26-team9-order-worker-8,20.27%,34.05MiB / 512MiB,3.77MB / 4.99MB
1775422160,dds26-team9-orchestrator-worker-15,30.05%,35.51MiB / 512MiB,4.83MB / 7.95MB
1775422160,dds26-team9-orchestrator-worker-22,31.23%,33.15MiB / 512MiB,4.81MB / 7.93MB
1775422160,dds26-team9-orchestrator-worker-13,29.10%,35.31MiB / 512MiB,4.86MB / 8MB
1775422160,dds26-team9-orchestrator-worker-8,29.44%,35.14MiB / 512MiB,4.87MB / 8.02MB
1775422160,dds26-team9-orchestrator-worker-19,30.62%,33.37MiB / 512MiB,4.84MB / 7.97MB
1775422160,dds26-team9-orchestrator-worker-10,31.06%,33.13MiB / 512MiB,4.87MB / 8.02MB
1775422160,dds26-team9-orchestrator-worker-18,31.18%,35.33MiB / 512MiB,4.87MB / 7.97MB
1775422160,dds26-team9-orchestrator-worker-2,29.29%,33.35MiB / 512MiB,4.81MB / 7.9MB
1775422160,dds26-team9-orchestrator-worker-11,29.28%,33.38MiB / 512MiB,4.8MB / 7.95MB
1775422160,dds26-team9-orchestrator-worker-12,29.88%,35.62MiB / 512MiB,4.83MB / 7.95MB
1775422160,dds26-team9-orchestrator-worker-4,29.25%,35.34MiB / 512MiB,4.88MB / 8.06MB
1775422160,dds26-team9-orchestrator-worker-9,29.45%,33.36MiB / 512MiB,4.83MB / 7.96MB
1775422160,dds26-team9-stock-worker-7,22.32%,33.71MiB / 512MiB,3.84MB / 5.4MB
1775422160,dds26-team9-stock-web-1,0.48%,212.5MiB / 512MiB,21.4kB / 3kB
1775422160,dds26-team9-stock-worker-1,22.18%,35.11MiB / 512MiB,3.83MB / 5.39MB
1775422160,dds26-team9-stock-worker-3,25.07%,33.4MiB / 512MiB,3.71MB / 5.23MB
1775422160,dds26-team9-orchestrator-worker-5,31.70%,35.36MiB / 512MiB,4.85MB / 7.99MB
1775422160,dds26-team9-stock-worker-6,22.13%,35.2MiB / 512MiB,3.74MB / 5.28MB
1775422160,dds26-team9-stock-web-3,7.95%,212.5MiB / 512MiB,21.6kB / 4.07kB
1775422160,dds26-team9-stock-web-2,0.49%,212.2MiB / 512MiB,19.1kB / 2.85kB
1775422160,dds26-team9-stock-worker-2,23.61%,33.21MiB / 512MiB,3.77MB / 5.31MB
1775422160,dds26-team9-stock-worker-5,22.69%,35.21MiB / 512MiB,3.83MB / 5.39MB
1775422160,dds26-team9-stock-web-4,0.46%,224.7MiB / 512MiB,20.9kB / 3.7MB
1775422160,dds26-team9-stock-worker-8,24.05%,35.45MiB / 512MiB,3.95MB / 5.53MB
1775422160,dds26-team9-stock-worker-4,23.21%,35.2MiB / 512MiB,3.73MB / 5.26MB
1775422160,dds26-team9-user-worker-4,34.71%,35.43MiB / 512MiB,6.36MB / 8.71MB
1775422160,dds26-team9-user-web-2,7.39%,212.5MiB / 512MiB,21.3kB / 3kB
1775422160,dds26-team9-user-worker-2,34.91%,33.72MiB / 512MiB,6.6MB / 9.01MB
1775422160,dds26-team9-user-worker-3,35.40%,35.57MiB / 512MiB,6.36MB / 8.7MB
1775422160,dds26-team9-user-worker-1,35.22%,35.46MiB / 512MiB,6.57MB / 8.96MB
1775422160,dds26-team9-user-web-4,7.87%,212.3MiB / 512MiB,20.5kB / 3.53kB
1775422160,dds26-team9-user-web-3,0.48%,224.1MiB / 512MiB,21.4kB / 3.1MB
1775422160,dds26-team9-user-web-1,0.48%,210.9MiB / 512MiB,17.9kB / 3.39kB
1775422160,dds26-team9-redis-stock-1,5.04%,29.05MiB / 512MiB,8.08MB / 5.71MB
1775422160,dds26-team9-redis-payment-1,5.05%,28.85MiB / 512MiB,7.32MB / 5.5MB
1775422160,dds26-team9-redis-order-1,25.65%,29.07MiB / 512MiB,60.9MB / 51.4MB
1775422160,dds26-team9-redis-orchestrator-1,26.01%,34.94MiB / 512MiB,69.8MB / 46MB
1775422160,dds26-team9-redis-bus-1,156.27%,36.79MiB / 2GiB,251MB / 145MB
1775422163,dds26-team9-gateway-1,17.38%,39.97MiB / 354.3GiB,36.1MB / 32.8MB
1775422163,dds26-team9-order-worker-5,23.18%,34.26MiB / 512MiB,4.39MB / 5.8MB
1775422163,dds26-team9-order-worker-3,23.62%,34.21MiB / 512MiB,4.4MB / 5.81MB
1775422163,dds26-team9-order-web-14,21.04%,243.7MiB / 1GiB,2.89MB / 3.65MB
1775422163,dds26-team9-order-web-7,22.28%,245.8MiB / 1GiB,2.89MB / 3.65MB
1775422163,dds26-team9-order-web-15,22.63%,262.3MiB / 1GiB,2.89MB / 15.1MB
1775422163,dds26-team9-order-web-24,20.64%,244MiB / 1GiB,2.88MB / 3.65MB
1775422163,dds26-team9-order-worker-2,22.16%,35.99MiB / 512MiB,4.4MB / 5.8MB
1775422163,dds26-team9-order-worker-7,21.87%,36.19MiB / 512MiB,4.4MB / 5.8MB
1775422163,dds26-team9-order-web-1,30.92%,244.5MiB / 1GiB,2.74MB / 3.46MB
1775422163,dds26-team9-order-web-18,31.00%,248.2MiB / 1GiB,2.88MB / 3.65MB
1775422163,dds26-team9-order-web-13,27.50%,244.3MiB / 1GiB,2.89MB / 3.68MB
1775422163,dds26-team9-order-web-23,22.33%,243.7MiB / 1GiB,2.88MB / 3.66MB
1775422163,dds26-team9-order-worker-6,22.29%,36.2MiB / 512MiB,4.4MB / 5.8MB
1775422163,dds26-team9-order-web-17,22.43%,243.9MiB / 1GiB,2.88MB / 3.66MB
1775422163,dds26-team9-order-web-6,21.71%,243.7MiB / 1GiB,2.88MB / 3.64MB
1775422163,dds26-team9-order-web-8,22.52%,244MiB / 1GiB,2.88MB / 3.67MB
1775422163,dds26-team9-order-web-12,20.69%,243.6MiB / 1GiB,2.88MB / 3.63MB
1775422163,dds26-team9-order-web-5,20.05%,244.5MiB / 1GiB,2.88MB / 3.64MB
1775422163,dds26-team9-order-web-9,21.02%,243.8MiB / 1GiB,2.88MB / 3.64MB
1775422163,dds26-team9-order-web-11,21.65%,243.6MiB / 1GiB,2.88MB / 3.65MB
1775422163,dds26-team9-order-worker-1,22.39%,36.11MiB / 512MiB,4.37MB / 5.76MB
1775422163,dds26-team9-order-web-19,20.00%,243.7MiB / 1GiB,2.88MB / 3.65MB
1775422163,dds26-team9-order-web-16,21.86%,243.8MiB / 1GiB,2.88MB / 3.65MB
1775422163,dds26-team9-order-web-4,22.68%,245.6MiB / 1GiB,2.88MB / 3.65MB
1775422163,dds26-team9-order-web-22,22.45%,245.8MiB / 1GiB,2.88MB / 3.67MB
1775422163,dds26-team9-order-web-21,19.81%,243.4MiB / 1GiB,2.87MB / 3.65MB
1775422163,dds26-team9-orchestrator-worker-25,33.91%,37.32MiB / 512MiB,5.75MB / 9.47MB
1775422163,dds26-team9-order-web-3,22.85%,243.8MiB / 1GiB,2.87MB / 3.65MB
1775422163,dds26-team9-order-web-20,22.32%,243.2MiB / 1GiB,2.87MB / 3.64MB
1775422163,dds26-team9-order-web-2,20.73%,243.6MiB / 1GiB,2.88MB / 3.65MB
1775422163,dds26-team9-orchestrator-worker-24,36.17%,33.4MiB / 512MiB,5.75MB / 9.47MB
1775422163,dds26-team9-order-worker-4,23.33%,34.27MiB / 512MiB,4.4MB / 5.8MB
1775422163,dds26-team9-orchestrator-worker-1,34.21%,33.17MiB / 512MiB,5.72MB / 9.41MB
1775422163,dds26-team9-orchestrator-worker-17,34.00%,35.14MiB / 512MiB,5.78MB / 9.47MB
1775422163,dds26-team9-orchestrator-worker-3,36.85%,35.35MiB / 512MiB,5.74MB / 9.4MB
1775422163,dds26-team9-orchestrator-worker-14,35.97%,35.61MiB / 512MiB,5.75MB / 9.45MB
1775422163,dds26-team9-orchestrator-worker-21,33.34%,35.35MiB / 512MiB,5.73MB / 9.41MB
1775422163,dds26-team9-order-web-25,22.25%,243.8MiB / 1GiB,2.87MB / 3.64MB
1775422163,dds26-team9-orchestrator-worker-7,35.57%,35.39MiB / 512MiB,5.68MB / 9.31MB
1775422163,dds26-team9-order-web-10,24.83%,243.9MiB / 1GiB,2.87MB / 3.65MB
1775422163,dds26-team9-orchestrator-worker-16,35.31%,35.24MiB / 512MiB,5.74MB / 9.42MB
1775422163,dds26-team9-orchestrator-worker-6,36.09%,35.23MiB / 512MiB,5.68MB / 9.36MB
1775422163,dds26-team9-orchestrator-worker-23,35.69%,33.59MiB / 512MiB,5.71MB / 9.37MB
1775422163,dds26-team9-orchestrator-worker-20,35.05%,35.2MiB / 512MiB,5.72MB / 9.43MB
1775422163,dds26-team9-order-worker-8,24.15%,34.29MiB / 512MiB,4.37MB / 5.76MB
1775422163,dds26-team9-orchestrator-worker-15,34.68%,35.2MiB / 512MiB,5.69MB / 9.35MB
1775422163,dds26-team9-orchestrator-worker-22,35.01%,33.17MiB / 512MiB,5.67MB / 9.33MB
1775422163,dds26-team9-orchestrator-worker-13,36.09%,35.11MiB / 512MiB,5.71MB / 9.38MB
1775422163,dds26-team9-orchestrator-worker-8,33.41%,35.44MiB / 512MiB,5.73MB / 9.43MB
1775422163,dds26-team9-orchestrator-worker-19,35.11%,33.17MiB / 512MiB,5.66MB / 9.34MB
1775422163,dds26-team9-orchestrator-worker-10,34.79%,33.3MiB / 512MiB,5.73MB / 9.44MB
1775422163,dds26-team9-orchestrator-worker-18,33.94%,35.15MiB / 512MiB,5.72MB / 9.38MB
1775422163,dds26-team9-orchestrator-worker-2,35.41%,33.18MiB / 512MiB,5.65MB / 9.28MB
1775422163,dds26-team9-orchestrator-worker-11,32.99%,33.41MiB / 512MiB,5.65MB / 9.33MB
1775422163,dds26-team9-orchestrator-worker-12,34.76%,35.14MiB / 512MiB,5.67MB / 9.33MB
1775422163,dds26-team9-orchestrator-worker-4,34.48%,35.23MiB / 512MiB,5.72MB / 9.45MB
1775422163,dds26-team9-orchestrator-worker-9,33.38%,33.16MiB / 512MiB,5.68MB / 9.36MB
1775422163,dds26-team9-stock-worker-7,27.06%,33.29MiB / 512MiB,4.47MB / 6.27MB
1775422163,dds26-team9-stock-web-1,0.50%,212.5MiB / 512MiB,21.4kB / 3kB
1775422163,dds26-team9-stock-worker-1,26.42%,35.4MiB / 512MiB,4.48MB / 6.29MB
1775422163,dds26-team9-stock-worker-3,27.00%,33.23MiB / 512MiB,4.36MB / 6.14MB
1775422163,dds26-team9-orchestrator-worker-5,34.22%,35.13MiB / 512MiB,5.7MB / 9.38MB
1775422163,dds26-team9-stock-worker-6,27.38%,35.25MiB / 512MiB,4.39MB / 6.18MB
1775422163,dds26-team9-stock-web-3,0.47%,212.5MiB / 512MiB,21.6kB / 4.07kB
1775422163,dds26-team9-stock-web-2,0.49%,212.2MiB / 512MiB,19.2kB / 3kB
1775422163,dds26-team9-stock-worker-2,28.51%,33.28MiB / 512MiB,4.42MB / 6.21MB
1775422163,dds26-team9-stock-worker-5,25.00%,35.48MiB / 512MiB,4.45MB / 6.25MB
1775422163,dds26-team9-stock-web-4,0.50%,224.7MiB / 512MiB,20.9kB / 3.7MB
1775422163,dds26-team9-stock-worker-8,27.57%,35.49MiB / 512MiB,4.59MB / 6.42MB
1775422163,dds26-team9-stock-worker-4,27.83%,35.25MiB / 512MiB,4.38MB / 6.16MB
1775422163,dds26-team9-user-worker-4,38.33%,35.68MiB / 512MiB,7.44MB / 10.1MB
1775422163,dds26-team9-user-web-2,0.51%,212.5MiB / 512MiB,21.3kB / 3kB
1775422163,dds26-team9-user-worker-2,41.88%,33.97MiB / 512MiB,7.73MB / 10.5MB
1775422163,dds26-team9-user-worker-3,37.98%,35.74MiB / 512MiB,7.51MB / 10.2MB
1775422163,dds26-team9-user-worker-1,38.93%,35.53MiB / 512MiB,7.67MB / 10.4MB
1775422163,dds26-team9-user-web-4,0.47%,211.7MiB / 512MiB,20.5kB / 3.53kB
1775422163,dds26-team9-user-web-3,0.50%,224.1MiB / 512MiB,21.5kB / 3.1MB
1775422163,dds26-team9-user-web-1,0.50%,211.4MiB / 512MiB,18.4kB / 4.07kB
1775422163,dds26-team9-redis-stock-1,8.02%,29.12MiB / 512MiB,8.93MB / 6.85MB
1775422163,dds26-team9-redis-payment-1,7.25%,28.87MiB / 512MiB,8.11MB / 6.54MB
1775422163,dds26-team9-redis-order-1,32.63%,29.11MiB / 512MiB,70.6MB / 61.6MB
1775422163,dds26-team9-redis-orchestrator-1,33.99%,35.36MiB / 512MiB,83.2MB / 54.9MB
1775422163,dds26-team9-redis-bus-1,172.76%,37.16MiB / 2GiB,292MB / 168MB
1775422166,dds26-team9-gateway-1,20.81%,39.96MiB / 354.3GiB,42.3MB / 38.4MB
1775422166,dds26-team9-order-worker-5,25.41%,34.04MiB / 512MiB,5.05MB / 6.65MB
1775422166,dds26-team9-order-worker-3,24.49%,34.01MiB / 512MiB,5.05MB / 6.65MB
1775422166,dds26-team9-order-web-14,24.52%,244MiB / 1GiB,3.37MB / 4.27MB
1775422166,dds26-team9-order-web-7,25.16%,246.1MiB / 1GiB,3.38MB / 4.28MB
1775422166,dds26-team9-order-web-15,25.75%,262.3MiB / 1GiB,3.4MB / 15.7MB
1775422166,dds26-team9-order-web-24,24.40%,244.4MiB / 1GiB,3.38MB / 4.28MB
1775422166,dds26-team9-order-worker-2,23.71%,36.2MiB / 512MiB,5.07MB / 6.67MB
1775422166,dds26-team9-order-worker-7,24.09%,35.98MiB / 512MiB,5.07MB / 6.67MB
1775422166,dds26-team9-order-web-1,24.73%,244.2MiB / 1GiB,3.37MB / 4.25MB
1775422166,dds26-team9-order-web-18,24.98%,248.4MiB / 1GiB,3.37MB / 4.26MB
1775422166,dds26-team9-order-web-13,25.76%,244.6MiB / 1GiB,3.37MB / 4.3MB
1775422166,dds26-team9-order-web-23,25.23%,244MiB / 1GiB,3.38MB / 4.29MB
1775422166,dds26-team9-order-worker-6,24.13%,35.99MiB / 512MiB,4.85MB / 6.38MB
1775422166,dds26-team9-order-web-17,24.12%,244.1MiB / 1GiB,3.37MB / 4.29MB
1775422166,dds26-team9-order-web-6,25.85%,243.8MiB / 1GiB,3.36MB / 4.25MB
1775422166,dds26-team9-order-web-8,26.16%,244.3MiB / 1GiB,3.37MB / 4.29MB
1775422166,dds26-team9-order-web-12,25.14%,243.9MiB / 1GiB,3.36MB / 4.24MB
1775422166,dds26-team9-order-web-5,25.23%,244.7MiB / 1GiB,3.37MB / 4.26MB
1775422166,dds26-team9-order-web-9,24.85%,244MiB / 1GiB,3.37MB / 4.26MB
1775422166,dds26-team9-order-web-11,31.11%,243.8MiB / 1GiB,3.37MB / 4.28MB
1775422166,dds26-team9-order-worker-1,25.40%,36.22MiB / 512MiB,5.03MB / 6.62MB
1775422166,dds26-team9-order-web-19,31.79%,244MiB / 1GiB,3.38MB / 4.29MB
1775422166,dds26-team9-order-web-16,32.01%,244MiB / 1GiB,3.38MB / 4.29MB
1775422166,dds26-team9-order-web-4,30.75%,245.9MiB / 1GiB,3.36MB / 4.27MB
1775422166,dds26-team9-order-web-22,25.68%,246.1MiB / 1GiB,3.37MB / 4.28MB
1775422166,dds26-team9-order-web-21,24.63%,243.5MiB / 1GiB,3.36MB / 4.26MB
1775422166,dds26-team9-orchestrator-worker-25,37.86%,37.31MiB / 512MiB,6.63MB / 10.9MB
1775422166,dds26-team9-order-web-3,26.06%,243.9MiB / 1GiB,3.36MB / 4.27MB
1775422166,dds26-team9-order-web-20,24.99%,243.9MiB / 1GiB,3.35MB / 4.25MB
1775422166,dds26-team9-order-web-2,25.66%,243.8MiB / 1GiB,3.36MB / 4.27MB
1775422166,dds26-team9-orchestrator-worker-24,40.90%,33.21MiB / 512MiB,6.65MB / 10.9MB
1775422166,dds26-team9-order-worker-4,24.02%,34.26MiB / 512MiB,5.05MB / 6.64MB
1775422166,dds26-team9-orchestrator-worker-1,37.69%,33.69MiB / 512MiB,6.57MB / 10.8MB
1775422166,dds26-team9-orchestrator-worker-17,37.94%,35.4MiB / 512MiB,6.67MB / 10.9MB
1775422166,dds26-team9-orchestrator-worker-3,38.48%,35.34MiB / 512MiB,6.64MB / 10.9MB
1775422166,dds26-team9-orchestrator-worker-14,37.30%,35.63MiB / 512MiB,6.59MB / 10.9MB
1775422166,dds26-team9-orchestrator-worker-21,38.36%,35.16MiB / 512MiB,6.63MB / 10.9MB
1775422166,dds26-team9-order-web-25,25.10%,244MiB / 1GiB,3.37MB / 4.27MB
1775422166,dds26-team9-orchestrator-worker-7,39.16%,35.53MiB / 512MiB,6.56MB / 10.8MB
1775422166,dds26-team9-order-web-10,24.89%,244.1MiB / 1GiB,3.37MB / 4.28MB
1775422166,dds26-team9-orchestrator-worker-16,38.79%,35.57MiB / 512MiB,6.62MB / 10.9MB
1775422166,dds26-team9-orchestrator-worker-6,38.68%,35.16MiB / 512MiB,6.55MB / 10.8MB
1775422166,dds26-team9-orchestrator-worker-23,37.75%,33.4MiB / 512MiB,6.57MB / 10.8MB
1775422166,dds26-team9-orchestrator-worker-20,36.99%,35.21MiB / 512MiB,6.61MB / 10.9MB
1775422166,dds26-team9-order-worker-8,24.32%,34.05MiB / 512MiB,5.03MB / 6.62MB
1775422166,dds26-team9-orchestrator-worker-15,38.22%,35.32MiB / 512MiB,6.58MB / 10.8MB
1775422166,dds26-team9-orchestrator-worker-22,38.38%,33.19MiB / 512MiB,6.53MB / 10.8MB
1775422166,dds26-team9-orchestrator-worker-13,38.83%,35.18MiB / 512MiB,6.59MB / 10.8MB
1775422166,dds26-team9-orchestrator-worker-8,40.04%,35.38MiB / 512MiB,6.63MB / 10.9MB
1775422166,dds26-team9-orchestrator-worker-19,38.89%,33.43MiB / 512MiB,6.55MB / 10.8MB
1775422166,dds26-team9-orchestrator-worker-10,38.92%,33.66MiB / 512MiB,6.62MB / 10.9MB
1775422166,dds26-team9-orchestrator-worker-18,38.25%,35.38MiB / 512MiB,6.62MB / 10.8MB
1775422166,dds26-team9-orchestrator-worker-2,38.11%,33.38MiB / 512MiB,6.53MB / 10.7MB
1775422166,dds26-team9-orchestrator-worker-11,38.30%,33.48MiB / 512MiB,6.57MB / 10.8MB
1775422166,dds26-team9-orchestrator-worker-12,38.05%,35.41MiB / 512MiB,6.53MB / 10.7MB
1775422166,dds26-team9-orchestrator-worker-4,37.55%,35.12MiB / 512MiB,6.59MB / 10.9MB
1775422166,dds26-team9-orchestrator-worker-9,37.72%,33.42MiB / 512MiB,6.54MB / 10.8MB
1775422166,dds26-team9-stock-worker-7,30.61%,33.59MiB / 512MiB,5.14MB / 7.2MB
1775422166,dds26-team9-stock-web-1,0.49%,212.5MiB / 512MiB,21.4kB / 3kB
1775422166,dds26-team9-stock-worker-1,29.47%,35.64MiB / 512MiB,5.15MB / 7.2MB
1775422166,dds26-team9-stock-worker-3,29.76%,33.49MiB / 512MiB,5MB / 7.01MB
1775422166,dds26-team9-orchestrator-worker-5,37.10%,35.13MiB / 512MiB,6.6MB / 10.8MB
1775422166,dds26-team9-stock-worker-6,28.88%,35.5MiB / 512MiB,5.05MB / 7.08MB
1775422166,dds26-team9-stock-web-3,0.48%,212.5MiB / 512MiB,21.6kB / 4.07kB
1775422166,dds26-team9-stock-web-2,0.52%,212.2MiB / 512MiB,19.2kB / 3kB
1775422166,dds26-team9-stock-worker-2,31.01%,33.3MiB / 512MiB,5.07MB / 7.1MB
1775422166,dds26-team9-stock-worker-5,30.15%,35.29MiB / 512MiB,5.11MB / 7.16MB
1775422166,dds26-team9-stock-web-4,0.50%,224.7MiB / 512MiB,20.9kB / 3.7MB
1775422166,dds26-team9-stock-worker-8,31.22%,35.28MiB / 512MiB,5.25MB / 7.32MB
1775422166,dds26-team9-stock-worker-4,30.46%,35.53MiB / 512MiB,5.02MB / 7.04MB
1775422166,dds26-team9-user-worker-4,42.20%,35.69MiB / 512MiB,8.59MB / 11.6MB
1775422166,dds26-team9-user-web-2,0.53%,212.5MiB / 512MiB,21.3kB / 3kB
1775422166,dds26-team9-user-worker-2,45.03%,33.74MiB / 512MiB,8.9MB / 12MB
1775422166,dds26-team9-user-worker-3,40.49%,35.55MiB / 512MiB,8.71MB / 11.8MB
1775422166,dds26-team9-user-worker-1,40.29%,35.46MiB / 512MiB,8.83MB / 11.9MB
1775422166,dds26-team9-user-web-4,0.48%,211.7MiB / 512MiB,20.5kB / 3.53kB
1775422166,dds26-team9-user-web-3,0.51%,224.1MiB / 512MiB,21.5kB / 3.1MB
1775422166,dds26-team9-user-web-1,0.47%,211.4MiB / 512MiB,18.4kB / 4.07kB
1775422166,dds26-team9-redis-stock-1,6.60%,29.01MiB / 512MiB,9.81MB / 8.05MB
1775422166,dds26-team9-redis-payment-1,5.52%,28.87MiB / 512MiB,8.96MB / 7.67MB
1775422166,dds26-team9-redis-order-1,33.85%,29.62MiB / 512MiB,80.5MB / 72.1MB
1775422166,dds26-team9-redis-orchestrator-1,34.24%,35.09MiB / 512MiB,97.5MB / 64.3MB
1775422166,dds26-team9-redis-bus-1,183.18%,36.85MiB / 2GiB,335MB / 193MB
1775422170,dds26-team9-gateway-1,18.24%,44.49MiB / 354.3GiB,48.4MB / 43.8MB
1775422170,dds26-team9-order-worker-5,24.89%,34.04MiB / 512MiB,5.7MB / 7.49MB
1775422170,dds26-team9-order-worker-3,25.35%,34.01MiB / 512MiB,5.73MB / 7.53MB
1775422170,dds26-team9-order-web-14,26.30%,244.4MiB / 1GiB,3.88MB / 4.91MB
1775422170,dds26-team9-order-web-7,23.87%,246.4MiB / 1GiB,3.73MB / 4.72MB
1775422170,dds26-team9-order-web-15,24.71%,262.6MiB / 1GiB,3.89MB / 16.4MB
1775422170,dds26-team9-order-web-24,22.84%,244.8MiB / 1GiB,3.88MB / 4.91MB
1775422170,dds26-team9-order-worker-2,23.55%,35.99MiB / 512MiB,5.73MB / 7.54MB
1775422170,dds26-team9-order-worker-7,23.74%,35.98MiB / 512MiB,5.73MB / 7.53MB
1775422170,dds26-team9-order-web-1,22.70%,244.7MiB / 1GiB,3.88MB / 4.9MB
1775422170,dds26-team9-order-web-18,23.35%,249MiB / 1GiB,3.88MB / 4.9MB
1775422170,dds26-team9-order-web-13,21.87%,245.1MiB / 1GiB,3.88MB / 4.94MB
1775422170,dds26-team9-order-web-23,24.10%,244.7MiB / 1GiB,3.89MB / 4.93MB
1775422170,dds26-team9-order-worker-6,24.55%,35.99MiB / 512MiB,5.73MB / 7.53MB
1775422170,dds26-team9-order-web-17,22.78%,244.2MiB / 1GiB,3.87MB / 4.92MB
1775422170,dds26-team9-order-web-6,24.44%,244.3MiB / 1GiB,3.87MB / 4.89MB
1775422170,dds26-team9-order-web-8,25.22%,244.8MiB / 1GiB,3.89MB / 4.95MB
1775422170,dds26-team9-order-web-12,23.93%,244.2MiB / 1GiB,3.88MB / 4.88MB
1775422170,dds26-team9-order-web-5,22.87%,245.5MiB / 1GiB,3.88MB / 4.89MB
1775422170,dds26-team9-order-web-9,23.59%,244.5MiB / 1GiB,3.89MB / 4.91MB
1775422170,dds26-team9-order-web-11,23.27%,244.2MiB / 1GiB,3.88MB / 4.91MB
1775422170,dds26-team9-order-worker-1,24.10%,35.98MiB / 512MiB,5.7MB / 7.5MB
1775422170,dds26-team9-order-web-19,21.77%,244.4MiB / 1GiB,3.87MB / 4.91MB
1775422170,dds26-team9-order-web-16,23.30%,244.3MiB / 1GiB,3.87MB / 4.92MB
1775422170,dds26-team9-order-web-4,21.92%,246.3MiB / 1GiB,3.87MB / 4.9MB
1775422170,dds26-team9-order-web-22,23.77%,246.8MiB / 1GiB,3.89MB / 4.94MB
1775422170,dds26-team9-order-web-21,22.97%,244MiB / 1GiB,3.87MB / 4.91MB
1775422170,dds26-team9-orchestrator-worker-25,36.00%,37.12MiB / 512MiB,7.55MB / 12.4MB
1775422170,dds26-team9-order-web-3,23.11%,244.5MiB / 1GiB,3.88MB / 4.91MB
1775422170,dds26-team9-order-web-20,23.42%,244.2MiB / 1GiB,3.87MB / 4.91MB
1775422170,dds26-team9-order-web-2,24.16%,244.3MiB / 1GiB,3.88MB / 4.92MB
1775422170,dds26-team9-orchestrator-worker-24,37.57%,33.43MiB / 512MiB,7.58MB / 12.5MB
1775422170,dds26-team9-order-worker-4,25.85%,34.17MiB / 512MiB,5.7MB / 7.49MB
1775422170,dds26-team9-orchestrator-worker-1,37.30%,33.36MiB / 512MiB,7.49MB / 12.3MB
1775422170,dds26-team9-orchestrator-worker-17,35.47%,35.6MiB / 512MiB,7.57MB / 12.4MB
1775422170,dds26-team9-orchestrator-worker-3,35.89%,35.38MiB / 512MiB,7.55MB / 12.4MB
1775422170,dds26-team9-orchestrator-worker-14,35.72%,35.42MiB / 512MiB,7.49MB / 12.3MB
1775422170,dds26-team9-orchestrator-worker-21,34.71%,35.21MiB / 512MiB,7.53MB / 12.4MB
1775422170,dds26-team9-order-web-25,24.94%,244.5MiB / 1GiB,3.88MB / 4.92MB
1775422170,dds26-team9-orchestrator-worker-7,36.98%,35.3MiB / 512MiB,7.45MB / 12.2MB
1775422170,dds26-team9-order-web-10,22.35%,244.6MiB / 1GiB,3.87MB / 4.91MB
1775422170,dds26-team9-orchestrator-worker-16,35.61%,35.61MiB / 512MiB,7.52MB / 12.3MB
1775422170,dds26-team9-orchestrator-worker-6,36.49%,35.38MiB / 512MiB,7.45MB / 12.3MB
1775422170,dds26-team9-orchestrator-worker-23,36.63%,33.17MiB / 512MiB,7.5MB / 12.3MB
1775422170,dds26-team9-orchestrator-worker-20,35.88%,35.21MiB / 512MiB,7.52MB / 12.4MB
1775422170,dds26-team9-order-worker-8,25.66%,34.05MiB / 512MiB,5.69MB / 7.47MB
1775422170,dds26-team9-orchestrator-worker-15,35.13%,35.34MiB / 512MiB,7.47MB / 12.3MB
1775422170,dds26-team9-orchestrator-worker-22,35.57%,33.46MiB / 512MiB,7.42MB / 12.2MB
1775422170,dds26-team9-orchestrator-worker-13,38.27%,35.55MiB / 512MiB,7.48MB / 12.3MB
1775422170,dds26-team9-orchestrator-worker-8,37.83%,35.47MiB / 512MiB,7.53MB / 12.4MB
1775422170,dds26-team9-orchestrator-worker-19,35.80%,33.41MiB / 512MiB,7.47MB / 12.3MB
1775422170,dds26-team9-orchestrator-worker-10,36.66%,33.23MiB / 512MiB,7.51MB / 12.4MB
1775422170,dds26-team9-orchestrator-worker-18,35.94%,35.35MiB / 512MiB,7.5MB / 12.3MB
1775422170,dds26-team9-orchestrator-worker-2,37.00%,33.4MiB / 512MiB,7.43MB / 12.2MB
1775422170,dds26-team9-orchestrator-worker-11,35.23%,33.26MiB / 512MiB,7.46MB / 12.3MB
1775422170,dds26-team9-orchestrator-worker-12,35.94%,35.66MiB / 512MiB,7.45MB / 12.3MB
1775422170,dds26-team9-orchestrator-worker-4,36.78%,35.34MiB / 512MiB,7.5MB / 12.4MB
1775422170,dds26-team9-orchestrator-worker-9,36.08%,33.64MiB / 512MiB,7.41MB / 12.2MB
1775422170,dds26-team9-stock-worker-7,27.46%,33.34MiB / 512MiB,5.82MB / 8.14MB
1775422170,dds26-team9-stock-web-1,3.26%,212.5MiB / 512MiB,21.4kB / 3.14kB
1775422170,dds26-team9-stock-worker-1,28.33%,35.25MiB / 512MiB,5.86MB / 8.18MB
1775422170,dds26-team9-stock-worker-3,28.86%,33.29MiB / 512MiB,5.71MB / 7.98MB
1775422170,dds26-team9-orchestrator-worker-5,36.17%,35.41MiB / 512MiB,7.51MB / 12.3MB
1775422170,dds26-team9-stock-worker-6,27.05%,35.32MiB / 512MiB,5.76MB / 8.05MB
1775422170,dds26-team9-stock-web-3,8.15%,212.5MiB / 512MiB,21.6kB / 4.22kB
1775422170,dds26-team9-stock-web-2,0.51%,212.2MiB / 512MiB,19.2kB / 3kB
1775422170,dds26-team9-stock-worker-2,26.61%,33.27MiB / 512MiB,5.74MB / 8.03MB
1775422170,dds26-team9-stock-worker-5,26.87%,35.52MiB / 512MiB,5.79MB / 8.09MB
1775422170,dds26-team9-stock-web-4,0.50%,224.7MiB / 512MiB,20.9kB / 3.7MB
1775422170,dds26-team9-stock-worker-8,26.05%,35.26MiB / 512MiB,5.92MB / 8.25MB
1775422170,dds26-team9-stock-worker-4,27.10%,35.33MiB / 512MiB,5.7MB / 7.97MB
1775422170,dds26-team9-user-worker-4,42.79%,35.46MiB / 512MiB,9.77MB / 13.2MB
1775422170,dds26-team9-user-web-2,7.55%,212.5MiB / 512MiB,21.4kB / 3.14kB
1775422170,dds26-team9-user-worker-2,41.23%,33.75MiB / 512MiB,10.1MB / 13.6MB
1775422170,dds26-team9-user-worker-3,39.63%,35.75MiB / 512MiB,9.89MB / 13.3MB
1775422170,dds26-team9-user-worker-1,42.15%,35.59MiB / 512MiB,9.99MB / 13.4MB
1775422170,dds26-team9-user-web-4,2.44%,215MiB / 512MiB,20.5kB / 3.53kB
1775422170,dds26-team9-user-web-3,0.54%,224.1MiB / 512MiB,21.5kB / 3.1MB
1775422170,dds26-team9-user-web-1,0.50%,211.4MiB / 512MiB,18.4kB / 4.07kB
1775422170,dds26-team9-redis-stock-1,7.98%,28.96MiB / 512MiB,10.7MB / 9.26MB
1775422170,dds26-team9-redis-payment-1,7.58%,28.88MiB / 512MiB,9.78MB / 8.79MB
1775422170,dds26-team9-redis-order-1,35.37%,29.73MiB / 512MiB,91.2MB / 83.5MB
1775422170,dds26-team9-redis-orchestrator-1,34.20%,35.55MiB / 512MiB,112MB / 74.1MB
1775422170,dds26-team9-redis-bus-1,176.88%,38.46MiB / 2GiB,378MB / 217MB
1775422173,dds26-team9-gateway-1,20.26%,50.7MiB / 354.3GiB,52.8MB / 47.8MB
1775422173,dds26-team9-order-worker-5,24.11%,34.16MiB / 512MiB,6.33MB / 8.32MB
1775422173,dds26-team9-order-worker-3,24.47%,34.16MiB / 512MiB,6.35MB / 8.34MB
1775422173,dds26-team9-order-web-14,24.18%,245.3MiB / 1GiB,4.44MB / 5.6MB
1775422173,dds26-team9-order-web-7,26.53%,247.4MiB / 1GiB,4.44MB / 5.59MB
1775422173,dds26-team9-order-web-15,23.93%,263.6MiB / 1GiB,4.45MB / 17MB
1775422173,dds26-team9-order-web-24,25.97%,245.2MiB / 1GiB,4.44MB / 5.59MB
1775422173,dds26-team9-order-worker-2,23.65%,35.99MiB / 512MiB,6.35MB / 8.34MB
1775422173,dds26-team9-order-worker-7,23.04%,36.19MiB / 512MiB,6.37MB / 8.36MB
1775422173,dds26-team9-order-web-1,34.08%,245.4MiB / 1GiB,4.44MB / 5.57MB
1775422173,dds26-team9-order-web-18,33.83%,249.6MiB / 1GiB,4.44MB / 5.57MB
1775422173,dds26-team9-order-web-13,34.22%,245.9MiB / 1GiB,4.44MB / 5.62MB
1775422173,dds26-team9-order-web-23,25.95%,245.1MiB / 1GiB,4.44MB / 5.59MB
1775422173,dds26-team9-order-worker-6,23.07%,36.2MiB / 512MiB,6.35MB / 8.34MB
1775422173,dds26-team9-order-web-17,26.19%,245.1MiB / 1GiB,4.43MB / 5.6MB
1775422173,dds26-team9-order-web-6,24.74%,245.6MiB / 1GiB,4.43MB / 5.57MB
1775422173,dds26-team9-order-web-8,25.23%,245.5MiB / 1GiB,4.43MB / 5.61MB
1775422173,dds26-team9-order-web-12,24.39%,244.9MiB / 1GiB,4.43MB / 5.56MB
1775422173,dds26-team9-order-web-5,26.63%,245.8MiB / 1GiB,4.43MB / 5.56MB
1775422173,dds26-team9-order-web-9,25.16%,245.3MiB / 1GiB,4.43MB / 5.57MB
1775422173,dds26-team9-order-web-11,25.20%,245MiB / 1GiB,4.43MB / 5.59MB
1775422173,dds26-team9-order-worker-1,24.17%,35.98MiB / 512MiB,6.32MB / 8.3MB
1775422173,dds26-team9-order-web-19,24.24%,245.1MiB / 1GiB,4.43MB / 5.59MB
1775422173,dds26-team9-order-web-16,26.16%,245MiB / 1GiB,4.43MB / 5.59MB
1775422173,dds26-team9-order-web-4,26.76%,247.3MiB / 1GiB,4.43MB / 5.58MB
1775422173,dds26-team9-order-web-22,26.11%,247.1MiB / 1GiB,4.43MB / 5.61MB
1775422173,dds26-team9-order-web-21,26.00%,244.7MiB / 1GiB,4.43MB / 5.59MB
1775422173,dds26-team9-orchestrator-worker-25,38.92%,37.59MiB / 512MiB,8.46MB / 13.9MB
1775422173,dds26-team9-order-web-3,27.11%,245.1MiB / 1GiB,4.43MB / 5.58MB
1775422173,dds26-team9-order-web-20,26.08%,244.9MiB / 1GiB,4.43MB / 5.59MB
1775422173,dds26-team9-order-web-2,27.05%,244.9MiB / 1GiB,4.43MB / 5.59MB
1775422173,dds26-team9-orchestrator-worker-24,40.78%,33.52MiB / 512MiB,8.51MB / 14MB
1775422173,dds26-team9-order-worker-4,23.99%,34.24MiB / 512MiB,6.35MB / 8.33MB
1775422173,dds26-team9-orchestrator-worker-1,38.49%,33.45MiB / 512MiB,8.35MB / 13.8MB
1775422173,dds26-team9-orchestrator-worker-17,37.68%,35.55MiB / 512MiB,8.47MB / 13.9MB
1775422173,dds26-team9-orchestrator-worker-3,38.40%,35.14MiB / 512MiB,8.44MB / 13.8MB
1775422173,dds26-team9-orchestrator-worker-14,39.32%,35.43MiB / 512MiB,8.39MB / 13.8MB
1775422173,dds26-team9-orchestrator-worker-21,37.17%,35.43MiB / 512MiB,8.43MB / 13.9MB
1775422173,dds26-team9-order-web-25,25.88%,245MiB / 1GiB,4.42MB / 5.58MB
1775422173,dds26-team9-orchestrator-worker-7,37.79%,35.25MiB / 512MiB,8.34MB / 13.7MB
1775422173,dds26-team9-order-web-10,23.86%,245.5MiB / 1GiB,4.43MB / 5.59MB
1775422173,dds26-team9-orchestrator-worker-16,37.49%,35.33MiB / 512MiB,8.41MB / 13.8MB
1775422173,dds26-team9-orchestrator-worker-6,38.88%,35.42MiB / 512MiB,8.35MB / 13.8MB
1775422173,dds26-team9-orchestrator-worker-23,38.33%,33.44MiB / 512MiB,8.4MB / 13.8MB
1775422173,dds26-team9-orchestrator-worker-20,37.48%,35.33MiB / 512MiB,8.44MB / 13.9MB
1775422173,dds26-team9-order-worker-8,24.25%,34.25MiB / 512MiB,6.31MB / 8.28MB
1775422173,dds26-team9-orchestrator-worker-15,38.15%,35.46MiB / 512MiB,8.39MB / 13.8MB
1775422173,dds26-team9-orchestrator-worker-22,38.51%,33.46MiB / 512MiB,8.33MB / 13.7MB
1775422173,dds26-team9-orchestrator-worker-13,39.13%,35.21MiB / 512MiB,8.4MB / 13.8MB
1775422173,dds26-team9-orchestrator-worker-8,37.59%,35.48MiB / 512MiB,8.44MB / 13.9MB
1775422173,dds26-team9-orchestrator-worker-19,37.98%,33.43MiB / 512MiB,8.39MB / 13.8MB
1775422173,dds26-team9-orchestrator-worker-10,37.76%,33.25MiB / 512MiB,8.41MB / 13.9MB
1775422173,dds26-team9-orchestrator-worker-18,36.61%,35.39MiB / 512MiB,8.4MB / 13.8MB
1775422173,dds26-team9-orchestrator-worker-2,38.08%,33.48MiB / 512MiB,8.34MB / 13.7MB
1775422173,dds26-team9-orchestrator-worker-11,39.38%,33.46MiB / 512MiB,8.41MB / 13.9MB
1775422173,dds26-team9-orchestrator-worker-12,37.98%,35.25MiB / 512MiB,8.35MB / 13.8MB
1775422173,dds26-team9-orchestrator-worker-4,37.68%,35.54MiB / 512MiB,8.42MB / 13.9MB
1775422173,dds26-team9-orchestrator-worker-9,39.42%,33.47MiB / 512MiB,8.32MB / 13.7MB
1775422173,dds26-team9-stock-worker-7,31.26%,33.6MiB / 512MiB,6.53MB / 9.11MB
1775422173,dds26-team9-stock-web-1,0.49%,212.5MiB / 512MiB,21.4kB / 3.14kB
1775422173,dds26-team9-stock-worker-1,29.84%,35.27MiB / 512MiB,6.54MB / 9.12MB
1775422173,dds26-team9-stock-worker-3,32.03%,33.54MiB / 512MiB,6.39MB / 8.93MB
1775422173,dds26-team9-orchestrator-worker-5,38.90%,35.23MiB / 512MiB,8.41MB / 13.8MB
1775422173,dds26-team9-stock-worker-6,29.43%,35.33MiB / 512MiB,6.46MB / 9.01MB
1775422173,dds26-team9-stock-web-3,0.48%,212.5MiB / 512MiB,21.6kB / 4.22kB
1775422173,dds26-team9-stock-web-2,0.54%,212.2MiB / 512MiB,19.3kB / 3.14kB
1775422173,dds26-team9-stock-worker-2,31.14%,33.59MiB / 512MiB,6.43MB / 8.99MB
1775422173,dds26-team9-stock-worker-5,30.20%,35.59MiB / 512MiB,6.48MB / 9.05MB
1775422173,dds26-team9-stock-web-4,0.52%,224.8MiB / 512MiB,21kB / 3.7MB
1775422173,dds26-team9-stock-worker-8,31.08%,35.78MiB / 512MiB,6.62MB / 9.22MB
1775422173,dds26-team9-stock-worker-4,31.29%,35.62MiB / 512MiB,6.39MB / 8.92MB
1775422173,dds26-team9-user-worker-4,41.15%,35.76MiB / 512MiB,10.9MB / 14.7MB
1775422173,dds26-team9-user-web-2,0.51%,212.5MiB / 512MiB,21.4kB / 3.14kB
1775422173,dds26-team9-user-worker-2,40.55%,33.79MiB / 512MiB,11.2MB / 15.1MB
1775422173,dds26-team9-user-worker-3,38.57%,35.78MiB / 512MiB,11MB / 14.8MB
1775422173,dds26-team9-user-worker-1,39.61%,35.75MiB / 512MiB,11.1MB / 15MB
1775422173,dds26-team9-user-web-4,0.44%,211.7MiB / 512MiB,20.6kB / 3.68kB
1775422173,dds26-team9-user-web-3,0.47%,224.2MiB / 512MiB,21.6kB / 3.1MB
1775422173,dds26-team9-user-web-1,0.47%,211.4MiB / 512MiB,18.4kB / 4.22kB
1775422173,dds26-team9-redis-stock-1,6.50%,29.01MiB / 512MiB,11.6MB / 10.5MB
1775422173,dds26-team9-redis-payment-1,5.39%,28.87MiB / 512MiB,10.6MB / 9.91MB
1775422173,dds26-team9-redis-order-1,35.08%,29.46MiB / 512MiB,102MB / 95.2MB
1775422173,dds26-team9-redis-orchestrator-1,34.12%,35.4MiB / 512MiB,127MB / 83.7MB
1775422173,dds26-team9-redis-bus-1,177.49%,37.55MiB / 2GiB,422MB / 242MB
1775422176,dds26-team9-gateway-1,20.21%,56.3MiB / 354.3GiB,60.7MB / 54.9MB
1775422176,dds26-team9-order-worker-5,25.57%,34.04MiB / 512MiB,6.95MB / 9.12MB
1775422176,dds26-team9-order-worker-3,25.21%,34.01MiB / 512MiB,6.99MB / 9.17MB
1775422176,dds26-team9-order-web-14,25.45%,245.9MiB / 1GiB,4.98MB / 6.24MB
1775422176,dds26-team9-order-web-7,28.11%,247.8MiB / 1GiB,4.98MB / 6.24MB
1775422176,dds26-team9-order-web-15,27.22%,263.9MiB / 1GiB,4.98MB / 17.7MB
1775422176,dds26-team9-order-web-24,26.86%,245.7MiB / 1GiB,4.97MB / 6.22MB
1775422176,dds26-team9-order-worker-2,24.48%,35.99MiB / 512MiB,7MB / 9.18MB
1775422176,dds26-team9-order-worker-7,22.95%,35.98MiB / 512MiB,7MB / 9.18MB
1775422176,dds26-team9-order-web-1,26.51%,245.7MiB / 1GiB,4.98MB / 6.22MB
1775422176,dds26-team9-order-web-18,25.52%,249.8MiB / 1GiB,4.78MB / 5.99MB
1775422176,dds26-team9-order-web-13,25.92%,246MiB / 1GiB,4.98MB / 6.27MB
1775422176,dds26-team9-order-web-23,26.75%,245.7MiB / 1GiB,4.98MB / 6.24MB
1775422176,dds26-team9-order-worker-6,23.72%,35.99MiB / 512MiB,6.99MB / 9.17MB
1775422176,dds26-team9-order-web-17,26.60%,245.5MiB / 1GiB,4.97MB / 6.24MB
1775422176,dds26-team9-order-web-6,26.74%,245.9MiB / 1GiB,4.96MB / 6.2MB
1775422176,dds26-team9-order-web-8,27.78%,245.8MiB / 1GiB,4.96MB / 6.25MB
1775422176,dds26-team9-order-web-12,26.85%,245.6MiB / 1GiB,4.96MB / 6.2MB
1775422176,dds26-team9-order-web-5,25.93%,246.3MiB / 1GiB,4.96MB / 6.19MB
1775422176,dds26-team9-order-web-9,25.67%,246.1MiB / 1GiB,4.97MB / 6.21MB
1775422176,dds26-team9-order-web-11,34.68%,245.5MiB / 1GiB,4.96MB / 6.24MB
1775422176,dds26-team9-order-worker-1,24.09%,35.98MiB / 512MiB,6.97MB / 9.14MB
1775422176,dds26-team9-order-web-19,34.43%,245.7MiB / 1GiB,4.96MB / 6.24MB
1775422176,dds26-team9-order-web-16,34.75%,246.4MiB / 1GiB,4.97MB / 6.24MB
1775422176,dds26-team9-order-web-4,32.11%,247.8MiB / 1GiB,4.97MB / 6.22MB
1775422176,dds26-team9-order-web-22,27.27%,251.5MiB / 1GiB,4.97MB / 6.26MB
1775422176,dds26-team9-order-web-21,26.39%,245.1MiB / 1GiB,4.97MB / 6.23MB
1775422176,dds26-team9-orchestrator-worker-25,37.61%,37.12MiB / 512MiB,9.31MB / 15.3MB
1775422176,dds26-team9-order-web-3,28.54%,245.7MiB / 1GiB,4.96MB / 6.22MB
1775422176,dds26-team9-order-web-20,27.08%,245.5MiB / 1GiB,4.95MB / 6.22MB
1775422176,dds26-team9-order-web-2,26.32%,245.5MiB / 1GiB,4.96MB / 6.22MB
1775422176,dds26-team9-orchestrator-worker-24,39.46%,33.29MiB / 512MiB,9.37MB / 15.4MB
1775422176,dds26-team9-order-worker-4,24.20%,34.04MiB / 512MiB,6.96MB / 9.13MB
1775422176,dds26-team9-orchestrator-worker-1,39.31%,33.45MiB / 512MiB,9.25MB / 15.3MB
1775422176,dds26-team9-orchestrator-worker-17,38.16%,35.39MiB / 512MiB,9.34MB / 15.3MB
1775422176,dds26-team9-orchestrator-worker-3,38.49%,35.55MiB / 512MiB,9.31MB / 15.3MB
1775422176,dds26-team9-orchestrator-worker-14,40.71%,35.5MiB / 512MiB,9.26MB / 15.3MB
1775422176,dds26-team9-orchestrator-worker-21,38.92%,35.48MiB / 512MiB,9.28MB / 15.2MB
1775422176,dds26-team9-order-web-25,28.60%,245.9MiB / 1GiB,4.95MB / 6.21MB
1775422176,dds26-team9-orchestrator-worker-7,39.64%,35.43MiB / 512MiB,9.22MB / 15.1MB
1775422176,dds26-team9-order-web-10,27.15%,246MiB / 1GiB,4.97MB / 6.24MB
1775422176,dds26-team9-orchestrator-worker-16,39.88%,35.34MiB / 512MiB,9.3MB / 15.3MB
1775422176,dds26-team9-orchestrator-worker-6,40.71%,35.45MiB / 512MiB,9.22MB / 15.2MB
1775422176,dds26-team9-orchestrator-worker-23,39.79%,33.43MiB / 512MiB,9.25MB / 15.2MB
1775422176,dds26-team9-orchestrator-worker-20,39.06%,35.28MiB / 512MiB,9.32MB / 15.4MB
1775422176,dds26-team9-order-worker-8,24.38%,34.05MiB / 512MiB,6.95MB / 9.12MB
1775422176,dds26-team9-orchestrator-worker-15,38.52%,35.49MiB / 512MiB,9.25MB / 15.2MB
1775422176,dds26-team9-orchestrator-worker-22,40.15%,33.25MiB / 512MiB,9.21MB / 15.2MB
1775422176,dds26-team9-orchestrator-worker-13,39.00%,35.21MiB / 512MiB,9.28MB / 15.3MB
1775422176,dds26-team9-orchestrator-worker-8,39.81%,35.3MiB / 512MiB,9.3MB / 15.3MB
1775422176,dds26-team9-orchestrator-worker-19,37.84%,33.24MiB / 512MiB,9.24MB / 15.2MB
1775422176,dds26-team9-orchestrator-worker-10,38.31%,33.51MiB / 512MiB,9.27MB / 15.3MB
1775422176,dds26-team9-orchestrator-worker-18,37.75%,35.41MiB / 512MiB,9.26MB / 15.2MB
1775422176,dds26-team9-orchestrator-worker-2,39.35%,33.5MiB / 512MiB,9.24MB / 15.2MB
1775422176,dds26-team9-orchestrator-worker-11,39.68%,33.54MiB / 512MiB,9.27MB / 15.3MB
1775422176,dds26-team9-orchestrator-worker-12,38.66%,35.44MiB / 512MiB,9.22MB / 15.2MB
1775422176,dds26-team9-orchestrator-worker-4,39.32%,35.18MiB / 512MiB,9.28MB / 15.3MB
1775422176,dds26-team9-orchestrator-worker-9,37.00%,33.5MiB / 512MiB,9.2MB / 15.2MB
1775422176,dds26-team9-stock-worker-7,31.00%,33.67MiB / 512MiB,7.17MB / 10MB
1775422176,dds26-team9-stock-web-1,0.52%,212.5MiB / 512MiB,21.4kB / 3.14kB
1775422176,dds26-team9-stock-worker-1,30.19%,35.54MiB / 512MiB,7.19MB / 10MB
1775422176,dds26-team9-stock-worker-3,32.12%,33.83MiB / 512MiB,7.06MB / 9.86MB
1775422176,dds26-team9-orchestrator-worker-5,39.96%,35.27MiB / 512MiB,9.31MB / 15.3MB
1775422176,dds26-team9-stock-worker-6,31.65%,35.42MiB / 512MiB,7.11MB / 9.92MB
1775422176,dds26-team9-stock-web-3,0.51%,212.5MiB / 512MiB,21.6kB / 4.22kB
1775422176,dds26-team9-stock-web-2,0.57%,212.2MiB / 512MiB,19.3kB / 3.14kB
1775422176,dds26-team9-stock-worker-2,32.91%,33.64MiB / 512MiB,7.09MB / 9.9MB
1775422176,dds26-team9-stock-worker-5,28.62%,35.37MiB / 512MiB,7.12MB / 9.94MB
1775422176,dds26-team9-stock-web-4,0.53%,224.8MiB / 512MiB,21kB / 3.7MB
1775422176,dds26-team9-stock-worker-8,31.58%,35.59MiB / 512MiB,7.28MB / 10.1MB
1775422176,dds26-team9-stock-worker-4,30.89%,35.62MiB / 512MiB,7.07MB / 9.87MB
1775422176,dds26-team9-user-worker-4,41.11%,35.76MiB / 512MiB,12MB / 16.2MB
1775422176,dds26-team9-user-web-2,0.53%,212.9MiB / 512MiB,21.4kB / 3.14kB
1775422176,dds26-team9-user-worker-2,40.32%,33.76MiB / 512MiB,12.3MB / 16.6MB
1775422176,dds26-team9-user-worker-3,38.72%,35.78MiB / 512MiB,12.2MB / 16.3MB
1775422176,dds26-team9-user-worker-1,40.05%,35.52MiB / 512MiB,12.3MB / 16.5MB
1775422176,dds26-team9-user-web-4,0.47%,211.7MiB / 512MiB,20.6kB / 3.68kB
1775422176,dds26-team9-user-web-3,0.53%,224.2MiB / 512MiB,21.6kB / 3.1MB
1775422176,dds26-team9-user-web-1,0.50%,211.4MiB / 512MiB,18.4kB / 4.22kB
1775422176,dds26-team9-redis-stock-1,8.35%,29.13MiB / 512MiB,12.5MB / 11.7MB
1775422176,dds26-team9-redis-payment-1,7.40%,28.91MiB / 512MiB,11.4MB / 11MB
1775422176,dds26-team9-redis-order-1,38.64%,29.84MiB / 512MiB,113MB / 107MB
1775422176,dds26-team9-redis-orchestrator-1,35.32%,35.16MiB / 512MiB,141MB / 93.1MB
1775422176,dds26-team9-redis-bus-1,181.57%,37.18MiB / 2GiB,465MB / 267MB
1775422180,dds26-team9-gateway-1,18.19%,60.9MiB / 354.3GiB,66.4MB / 60.1MB
1775422180,dds26-team9-order-worker-5,24.57%,34.26MiB / 512MiB,7.56MB / 9.92MB
1775422180,dds26-team9-order-worker-3,24.52%,34.01MiB / 512MiB,7.59MB / 9.95MB
1775422180,dds26-team9-order-web-14,33.29%,246.4MiB / 1GiB,5.52MB / 6.89MB
1775422180,dds26-team9-order-web-7,33.87%,248.2MiB / 1GiB,5.51MB / 6.86MB
1775422180,dds26-team9-order-web-15,24.10%,264.5MiB / 1GiB,5.52MB / 18.3MB
1775422180,dds26-team9-order-web-24,25.48%,246.1MiB / 1GiB,5.51MB / 6.86MB
1775422180,dds26-team9-order-worker-2,23.16%,35.99MiB / 512MiB,7.61MB / 9.97MB
1775422180,dds26-team9-order-worker-7,23.81%,36.23MiB / 512MiB,7.6MB / 9.96MB
1775422180,dds26-team9-order-web-1,26.30%,246.3MiB / 1GiB,5.53MB / 6.87MB
1775422180,dds26-team9-order-web-18,29.89%,250.4MiB / 1GiB,5.5MB / 6.83MB
1775422180,dds26-team9-order-web-13,25.31%,246.4MiB / 1GiB,5.33MB / 6.69MB
1775422180,dds26-team9-order-web-23,25.82%,246.1MiB / 1GiB,5.51MB / 6.88MB
1775422180,dds26-team9-order-worker-6,22.72%,35.99MiB / 512MiB,7.61MB / 9.97MB
1775422180,dds26-team9-order-web-17,25.45%,246.1MiB / 1GiB,5.5MB / 6.86MB
1775422180,dds26-team9-order-web-6,26.10%,246.2MiB / 1GiB,5.51MB / 6.84MB
1775422180,dds26-team9-order-web-8,25.61%,246.5MiB / 1GiB,5.5MB / 6.89MB
1775422180,dds26-team9-order-web-12,26.51%,245.8MiB / 1GiB,5.5MB / 6.84MB
1775422180,dds26-team9-order-web-5,26.23%,246.7MiB / 1GiB,5.5MB / 6.82MB
1775422180,dds26-team9-order-web-9,27.28%,246.2MiB / 1GiB,5.52MB / 6.85MB
1775422180,dds26-team9-order-web-11,25.48%,246.3MiB / 1GiB,5.5MB / 6.88MB
1775422180,dds26-team9-order-worker-1,25.01%,36.22MiB / 512MiB,7.57MB / 9.92MB
1775422180,dds26-team9-order-web-19,26.50%,246.5MiB / 1GiB,5.5MB / 6.87MB
1775422180,dds26-team9-order-web-16,25.85%,246.1MiB / 1GiB,5.51MB / 6.88MB
1775422180,dds26-team9-order-web-4,26.44%,248.2MiB / 1GiB,5.5MB / 6.84MB
1775422180,dds26-team9-order-web-22,26.22%,248.3MiB / 1GiB,5.51MB / 6.9MB
1775422180,dds26-team9-order-web-21,25.52%,246MiB / 1GiB,5.49MB / 6.86MB
1775422180,dds26-team9-orchestrator-worker-25,35.32%,37.36MiB / 512MiB,10.2MB / 16.7MB
1775422180,dds26-team9-order-web-3,26.87%,246.6MiB / 1GiB,5.5MB / 6.86MB
1775422180,dds26-team9-order-web-20,27.88%,245.9MiB / 1GiB,5.5MB / 6.87MB
1775422180,dds26-team9-order-web-2,25.42%,246.1MiB / 1GiB,5.52MB / 6.88MB
1775422180,dds26-team9-orchestrator-worker-24,36.75%,33.29MiB / 512MiB,10.2MB / 16.8MB
1775422180,dds26-team9-order-worker-4,24.07%,34.04MiB / 512MiB,7.57MB / 9.92MB
1775422180,dds26-team9-orchestrator-worker-1,35.89%,33.47MiB / 512MiB,10.1MB / 16.6MB
1775422180,dds26-team9-orchestrator-worker-17,36.08%,35.19MiB / 512MiB,10.2MB / 16.7MB
1775422180,dds26-team9-orchestrator-worker-3,34.85%,35.18MiB / 512MiB,10.2MB / 16.7MB
1775422180,dds26-team9-orchestrator-worker-14,35.42%,35.25MiB / 512MiB,10.1MB / 16.7MB
1775422180,dds26-team9-orchestrator-worker-21,35.25%,35.52MiB / 512MiB,10.2MB / 16.7MB
1775422180,dds26-team9-order-web-25,24.95%,246.6MiB / 1GiB,5.5MB / 6.86MB
1775422180,dds26-team9-orchestrator-worker-7,35.46%,35.53MiB / 512MiB,10.1MB / 16.6MB
1775422180,dds26-team9-order-web-10,24.97%,246.4MiB / 1GiB,5.5MB / 6.86MB
1775422180,dds26-team9-orchestrator-worker-16,35.52%,35.16MiB / 512MiB,10.2MB / 16.7MB
1775422180,dds26-team9-orchestrator-worker-6,35.72%,35.44MiB / 512MiB,10.1MB / 16.6MB
1775422180,dds26-team9-orchestrator-worker-23,36.27%,33.46MiB / 512MiB,10.1MB / 16.6MB
1775422180,dds26-team9-orchestrator-worker-20,35.58%,35.28MiB / 512MiB,10.2MB / 16.8MB
1775422180,dds26-team9-order-worker-8,23.47%,34.05MiB / 512MiB,7.55MB / 9.89MB
1775422180,dds26-team9-orchestrator-worker-15,35.67%,35.25MiB / 512MiB,10.1MB / 16.6MB
1775422180,dds26-team9-orchestrator-worker-22,37.50%,33.48MiB / 512MiB,10.1MB / 16.6MB
1775422180,dds26-team9-orchestrator-worker-13,35.51%,35.21MiB / 512MiB,10.1MB / 16.6MB
1775422180,dds26-team9-orchestrator-worker-8,35.09%,35.52MiB / 512MiB,10.2MB / 16.7MB
1775422180,dds26-team9-orchestrator-worker-19,34.77%,33.46MiB / 512MiB,10.1MB / 16.6MB
1775422180,dds26-team9-orchestrator-worker-10,34.70%,33.47MiB / 512MiB,10.1MB / 16.7MB
1775422180,dds26-team9-orchestrator-worker-18,35.04%,35.17MiB / 512MiB,10.1MB / 16.6MB
1775422180,dds26-team9-orchestrator-worker-2,36.05%,33.49MiB / 512MiB,10.1MB / 16.6MB
1775422180,dds26-team9-orchestrator-worker-11,36.25%,33.54MiB / 512MiB,10.1MB / 16.7MB
1775422180,dds26-team9-orchestrator-worker-12,34.81%,35.25MiB / 512MiB,10.1MB / 16.6MB
1775422180,dds26-team9-orchestrator-worker-4,35.30%,35.19MiB / 512MiB,10.1MB / 16.7MB
1775422180,dds26-team9-orchestrator-worker-9,33.96%,33.25MiB / 512MiB,10MB / 16.5MB
1775422180,dds26-team9-stock-worker-7,29.19%,33.42MiB / 512MiB,7.84MB / 10.9MB
1775422180,dds26-team9-stock-web-1,7.67%,212.5MiB / 512MiB,21.5kB / 3.29kB
1775422180,dds26-team9-stock-worker-1,26.86%,35.55MiB / 512MiB,7.84MB / 10.9MB
1775422180,dds26-team9-stock-worker-3,30.29%,33.38MiB / 512MiB,7.69MB / 10.7MB
1775422180,dds26-team9-orchestrator-worker-5,36.42%,35.27MiB / 512MiB,10.2MB / 16.7MB
1775422180,dds26-team9-stock-worker-6,26.39%,35.42MiB / 512MiB,7.76MB / 10.8MB
1775422180,dds26-team9-stock-web-3,7.59%,212.5MiB / 512MiB,21.7kB / 4.37kB
1775422180,dds26-team9-stock-web-2,0.57%,212.2MiB / 512MiB,19.3kB / 3.14kB
1775422180,dds26-team9-stock-worker-2,28.95%,33.62MiB / 512MiB,7.73MB / 10.8MB
1775422180,dds26-team9-stock-worker-5,26.83%,35.41MiB / 512MiB,7.79MB / 10.9MB
1775422180,dds26-team9-stock-web-4,0.53%,224.8MiB / 512MiB,21kB / 3.7MB
1775422180,dds26-team9-stock-worker-8,28.67%,35.56MiB / 512MiB,7.93MB / 11MB
1775422180,dds26-team9-stock-worker-4,29.80%,35.69MiB / 512MiB,7.72MB / 10.8MB
1775422180,dds26-team9-user-worker-4,40.89%,35.52MiB / 512MiB,13.1MB / 17.6MB
1775422180,dds26-team9-user-web-2,9.02%,213.1MiB / 512MiB,21.8kB / 3.89kB
1775422180,dds26-team9-user-worker-2,39.59%,33.77MiB / 512MiB,13.5MB / 18MB
1775422180,dds26-team9-user-worker-3,38.69%,35.81MiB / 512MiB,13.2MB / 17.7MB
1775422180,dds26-team9-user-worker-1,39.61%,35.76MiB / 512MiB,13.4MB / 17.9MB
1775422180,dds26-team9-user-web-4,0.50%,211.7MiB / 512MiB,20.6kB / 3.68kB
1775422180,dds26-team9-user-web-3,0.52%,224.2MiB / 512MiB,21.6kB / 3.1MB
1775422180,dds26-team9-user-web-1,0.50%,211.4MiB / 512MiB,18.4kB / 4.22kB
1775422180,dds26-team9-redis-stock-1,7.67%,29.01MiB / 512MiB,13.3MB / 12.8MB
1775422180,dds26-team9-redis-payment-1,7.48%,28.79MiB / 512MiB,12.2MB / 12.1MB
1775422180,dds26-team9-redis-order-1,36.86%,29.79MiB / 512MiB,123MB / 119MB
1775422180,dds26-team9-redis-orchestrator-1,30.54%,35.2MiB / 512MiB,154MB / 102MB
1775422180,dds26-team9-redis-bus-1,173.56%,37.64MiB / 2GiB,506MB / 290MB
1775422183,dds26-team9-gateway-1,18.85%,67.86MiB / 354.3GiB,72.4MB / 65.5MB
1775422183,dds26-team9-order-worker-5,23.86%,34.27MiB / 512MiB,8.16MB / 10.7MB
1775422183,dds26-team9-order-worker-3,23.02%,34.01MiB / 512MiB,8.18MB / 10.7MB
1775422183,dds26-team9-order-web-14,24.55%,247.2MiB / 1GiB,6.07MB / 7.53MB
1775422183,dds26-team9-order-web-7,25.85%,249.3MiB / 1GiB,6.09MB / 7.54MB
1775422183,dds26-team9-order-web-15,25.88%,264.7MiB / 1GiB,6.09MB / 19MB
1775422183,dds26-team9-order-web-24,25.94%,246.7MiB / 1GiB,6.08MB / 7.52MB
1775422183,dds26-team9-order-worker-2,21.99%,35.99MiB / 512MiB,8.19MB / 10.7MB
1775422183,dds26-team9-order-worker-7,22.20%,36.22MiB / 512MiB,8.19MB / 10.7MB
1775422183,dds26-team9-order-web-1,32.00%,247.1MiB / 1GiB,6.09MB / 7.52MB
1775422183,dds26-team9-order-web-18,32.28%,250.6MiB / 1GiB,6.08MB / 7.5MB
1775422183,dds26-team9-order-web-13,26.27%,250.1MiB / 1GiB,6.08MB / 7.55MB
1775422183,dds26-team9-order-web-23,25.09%,246.8MiB / 1GiB,6.07MB / 7.52MB
1775422183,dds26-team9-order-worker-6,22.13%,35.99MiB / 512MiB,8.19MB / 10.7MB
1775422183,dds26-team9-order-web-17,26.13%,246.9MiB / 1GiB,6.07MB / 7.52MB
1775422183,dds26-team9-order-web-6,23.80%,246.7MiB / 1GiB,6.06MB / 7.49MB
1775422183,dds26-team9-order-web-8,26.26%,246.9MiB / 1GiB,6.07MB / 7.55MB
1775422183,dds26-team9-order-web-12,25.56%,246.5MiB / 1GiB,6.07MB / 7.49MB
1775422183,dds26-team9-order-web-5,26.03%,246.8MiB / 1GiB,6.07MB / 7.47MB
1775422183,dds26-team9-order-web-9,29.88%,246.9MiB / 1GiB,5.89MB / 7.28MB
1775422183,dds26-team9-order-web-11,24.95%,246.8MiB / 1GiB,6.07MB / 7.53MB
1775422183,dds26-team9-order-worker-1,22.68%,35.98MiB / 512MiB,8.16MB / 10.7MB
1775422183,dds26-team9-order-web-19,25.72%,246.8MiB / 1GiB,6.07MB / 7.54MB
1775422183,dds26-team9-order-web-16,25.33%,246.8MiB / 1GiB,6.06MB / 7.51MB
1775422183,dds26-team9-order-web-4,25.31%,251.3MiB / 1GiB,6.08MB / 7.51MB
1775422183,dds26-team9-order-web-22,24.71%,249.1MiB / 1GiB,6.06MB / 7.53MB
1775422183,dds26-team9-order-web-21,25.14%,246.9MiB / 1GiB,6.08MB / 7.53MB
1775422183,dds26-team9-orchestrator-worker-25,35.46%,37.25MiB / 512MiB,11MB / 18.1MB
1775422183,dds26-team9-order-web-3,26.30%,246.5MiB / 1GiB,6.06MB / 7.51MB
1775422183,dds26-team9-order-web-20,26.36%,246.5MiB / 1GiB,6.06MB / 7.52MB
1775422183,dds26-team9-order-web-2,26.23%,247MiB / 1GiB,6.08MB / 7.53MB
1775422183,dds26-team9-orchestrator-worker-24,37.29%,33.45MiB / 512MiB,11.1MB / 18.2MB
1775422183,dds26-team9-order-worker-4,24.00%,34.21MiB / 512MiB,8.19MB / 10.7MB
1775422183,dds26-team9-orchestrator-worker-1,36.05%,33.26MiB / 512MiB,10.9MB / 18MB
1775422183,dds26-team9-orchestrator-worker-17,35.22%,35.42MiB / 512MiB,11MB / 18.2MB
1775422183,dds26-team9-orchestrator-worker-3,35.80%,35.41MiB / 512MiB,11MB / 18.1MB
1775422183,dds26-team9-orchestrator-worker-14,36.72%,35.41MiB / 512MiB,11MB / 18.1MB
1775422183,dds26-team9-orchestrator-worker-21,34.43%,35.52MiB / 512MiB,11MB / 18.1MB
1775422183,dds26-team9-order-web-25,26.95%,247.2MiB / 1GiB,6.07MB / 7.52MB
1775422183,dds26-team9-orchestrator-worker-7,37.23%,35.3MiB / 512MiB,10.9MB / 18MB
1775422183,dds26-team9-order-web-10,24.81%,246.9MiB / 1GiB,6.07MB / 7.53MB
1775422183,dds26-team9-orchestrator-worker-16,36.66%,35.16MiB / 512MiB,11MB / 18.1MB
1775422183,dds26-team9-orchestrator-worker-6,37.56%,35.22MiB / 512MiB,10.9MB / 18MB
1775422183,dds26-team9-orchestrator-worker-23,35.27%,33.45MiB / 512MiB,11MB / 18MB
1775422183,dds26-team9-orchestrator-worker-20,35.66%,35.52MiB / 512MiB,11MB / 18.2MB
1775422183,dds26-team9-order-worker-8,23.33%,34.05MiB / 512MiB,8.13MB / 10.7MB
1775422183,dds26-team9-orchestrator-worker-15,34.56%,35.46MiB / 512MiB,10.9MB / 18MB
1775422183,dds26-team9-orchestrator-worker-22,36.71%,33.63MiB / 512MiB,10.9MB / 18MB
1775422183,dds26-team9-orchestrator-worker-13,35.01%,35.4MiB / 512MiB,10.9MB / 18MB
1775422183,dds26-team9-orchestrator-worker-8,35.45%,35.5MiB / 512MiB,11MB / 18.1MB
1775422183,dds26-team9-orchestrator-worker-19,35.74%,33.44MiB / 512MiB,10.9MB / 18MB
1775422183,dds26-team9-orchestrator-worker-10,36.15%,33.26MiB / 512MiB,11MB / 18.1MB
1775422183,dds26-team9-orchestrator-worker-18,35.53%,35.41MiB / 512MiB,11MB / 18MB
1775422183,dds26-team9-orchestrator-worker-2,35.13%,33.5MiB / 512MiB,10.9MB / 18MB
1775422183,dds26-team9-orchestrator-worker-11,34.67%,33.55MiB / 512MiB,11MB / 18.1MB
1775422183,dds26-team9-orchestrator-worker-12,37.04%,35.46MiB / 512MiB,10.9MB / 18MB
1775422183,dds26-team9-orchestrator-worker-4,35.60%,35.2MiB / 512MiB,11MB / 18.1MB
1775422183,dds26-team9-orchestrator-worker-9,34.43%,33.36MiB / 512MiB,10.9MB / 18MB
1775422183,dds26-team9-stock-worker-7,28.00%,33.42MiB / 512MiB,8.49MB / 11.8MB
1775422183,dds26-team9-stock-web-1,0.50%,212.5MiB / 512MiB,21.5kB / 3.29kB
1775422183,dds26-team9-stock-worker-1,28.04%,35.55MiB / 512MiB,8.48MB / 11.8MB
1775422183,dds26-team9-stock-worker-3,27.77%,33.56MiB / 512MiB,8.34MB / 11.6MB
1775422183,dds26-team9-orchestrator-worker-5,36.79%,35.51MiB / 512MiB,11MB / 18.1MB
1775422183,dds26-team9-stock-worker-6,28.41%,35.41MiB / 512MiB,8.44MB / 11.8MB
1775422183,dds26-team9-stock-web-3,0.49%,212.5MiB / 512MiB,21.7kB / 4.37kB
1775422183,dds26-team9-stock-web-2,0.50%,212.4MiB / 512MiB,19.7kB / 3.83kB
1775422183,dds26-team9-stock-worker-2,29.18%,33.66MiB / 512MiB,8.39MB / 11.7MB
1775422183,dds26-team9-stock-worker-5,27.82%,35.62MiB / 512MiB,8.43MB / 11.8MB
1775422183,dds26-team9-stock-web-4,0.49%,225.1MiB / 512MiB,21.4kB / 3.7MB
1775422183,dds26-team9-stock-worker-8,26.98%,35.35MiB / 512MiB,8.57MB / 11.9MB
1775422183,dds26-team9-stock-worker-4,29.45%,35.45MiB / 512MiB,8.39MB / 11.7MB
1775422183,dds26-team9-user-worker-4,40.10%,35.75MiB / 512MiB,14.2MB / 19MB
1775422183,dds26-team9-user-web-2,0.51%,213.1MiB / 512MiB,21.8kB / 3.89kB
1775422183,dds26-team9-user-worker-2,39.26%,33.55MiB / 512MiB,14.5MB / 19.4MB
1775422183,dds26-team9-user-worker-3,37.82%,35.57MiB / 512MiB,14.3MB / 19.1MB
1775422183,dds26-team9-user-worker-1,38.26%,35.76MiB / 512MiB,14.4MB / 19.3MB
1775422183,dds26-team9-user-web-4,0.49%,212.2MiB / 512MiB,21kB / 4.43kB
1775422183,dds26-team9-user-web-3,0.54%,224.2MiB / 512MiB,21.6kB / 3.1MB
1775422183,dds26-team9-user-web-1,0.46%,211.4MiB / 512MiB,18.5kB / 4.37kB
1775422183,dds26-team9-redis-stock-1,5.80%,29.02MiB / 512MiB,14.2MB / 14MB
1775422183,dds26-team9-redis-payment-1,5.37%,28.8MiB / 512MiB,13MB / 13.1MB
1775422183,dds26-team9-redis-order-1,35.51%,31.3MiB / 512MiB,134MB / 131MB
1775422183,dds26-team9-redis-orchestrator-1,30.78%,35.21MiB / 512MiB,168MB / 111MB
1775422183,dds26-team9-redis-bus-1,175.14%,37.44MiB / 2GiB,548MB / 313MB
1775422186,dds26-team9-gateway-1,18.97%,73.27MiB / 354.3GiB,78.1MB / 70.6MB
1775422186,dds26-team9-order-worker-5,24.87%,34.31MiB / 512MiB,8.75MB / 11.5MB
1775422186,dds26-team9-order-worker-3,23.95%,34.24MiB / 512MiB,8.77MB / 11.5MB
1775422186,dds26-team9-order-web-14,26.81%,248.1MiB / 1GiB,6.65MB / 8.19MB
1775422186,dds26-team9-order-web-7,26.49%,250.1MiB / 1GiB,6.66MB / 8.18MB
1775422186,dds26-team9-order-web-15,26.42%,265.1MiB / 1GiB,6.66MB / 19.6MB
1775422186,dds26-team9-order-web-24,27.06%,247.1MiB / 1GiB,6.65MB / 8.17MB
1775422186,dds26-team9-order-worker-2,22.28%,36.17MiB / 512MiB,8.79MB / 11.5MB
1775422186,dds26-team9-order-worker-7,23.42%,36.17MiB / 512MiB,8.79MB / 11.5MB
1775422186,dds26-team9-order-web-1,25.10%,247.8MiB / 1GiB,6.65MB / 8.16MB
1775422186,dds26-team9-order-web-18,26.52%,250.8MiB / 1GiB,6.65MB / 8.15MB
1775422186,dds26-team9-order-web-13,26.68%,247.9MiB / 1GiB,6.65MB / 8.2MB
1775422186,dds26-team9-order-web-23,28.31%,247.2MiB / 1GiB,6.63MB / 8.16MB
1775422186,dds26-team9-order-worker-6,22.42%,35.99MiB / 512MiB,8.77MB / 11.5MB
1775422186,dds26-team9-order-web-17,26.12%,247.1MiB / 1GiB,6.63MB / 8.17MB
1775422186,dds26-team9-order-web-6,26.34%,247.3MiB / 1GiB,6.65MB / 8.15MB
1775422186,dds26-team9-order-web-8,26.60%,247.6MiB / 1GiB,6.65MB / 8.21MB
1775422186,dds26-team9-order-web-12,26.07%,247MiB / 1GiB,6.65MB / 8.15MB
1775422186,dds26-team9-order-web-5,26.16%,247.2MiB / 1GiB,6.64MB / 8.13MB
1775422186,dds26-team9-order-web-9,26.22%,247.5MiB / 1GiB,6.64MB / 8.14MB
1775422186,dds26-team9-order-web-11,33.80%,247.5MiB / 1GiB,6.65MB / 8.2MB
1775422186,dds26-team9-order-worker-1,24.39%,35.98MiB / 512MiB,8.74MB / 11.4MB
1775422186,dds26-team9-order-web-19,33.37%,247.3MiB / 1GiB,6.63MB / 8.17MB
1775422186,dds26-team9-order-web-16,33.00%,247.3MiB / 1GiB,6.64MB / 8.17MB
1775422186,dds26-team9-order-web-4,32.91%,252MiB / 1GiB,6.64MB / 8.15MB
1775422186,dds26-team9-order-web-22,26.13%,249.5MiB / 1GiB,6.64MB / 8.2MB
1775422186,dds26-team9-order-web-21,26.07%,247.3MiB / 1GiB,6.64MB / 8.18MB
1775422186,dds26-team9-orchestrator-worker-25,36.11%,37.14MiB / 512MiB,11.8MB / 19.5MB
1775422186,dds26-team9-order-web-3,25.53%,247.1MiB / 1GiB,6.44MB / 7.95MB
1775422186,dds26-team9-order-web-20,26.50%,247.3MiB / 1GiB,6.63MB / 8.17MB
1775422186,dds26-team9-order-web-2,26.43%,247.4MiB / 1GiB,6.65MB / 8.18MB
1775422186,dds26-team9-orchestrator-worker-24,36.05%,33.3MiB / 512MiB,11.9MB / 19.6MB
1775422186,dds26-team9-order-worker-4,24.07%,34.27MiB / 512MiB,8.79MB / 11.5MB
1775422186,dds26-team9-orchestrator-worker-1,36.25%,33.26MiB / 512MiB,11.8MB / 19.4MB
1775422186,dds26-team9-orchestrator-worker-17,35.00%,35.42MiB / 512MiB,11.9MB / 19.5MB
1775422186,dds26-team9-orchestrator-worker-3,35.98%,35.44MiB / 512MiB,11.8MB / 19.5MB
1775422186,dds26-team9-orchestrator-worker-14,35.36%,35.5MiB / 512MiB,11.8MB / 19.5MB
1775422186,dds26-team9-orchestrator-worker-21,35.25%,35.5MiB / 512MiB,11.8MB / 19.4MB
1775422186,dds26-team9-order-web-25,26.53%,247.5MiB / 1GiB,6.63MB / 8.15MB
1775422186,dds26-team9-orchestrator-worker-7,36.18%,35.3MiB / 512MiB,11.8MB / 19.3MB
1775422186,dds26-team9-order-web-10,25.32%,247.9MiB / 1GiB,6.64MB / 8.17MB
1775422186,dds26-team9-orchestrator-worker-16,35.94%,35.63MiB / 512MiB,11.9MB / 19.5MB
1775422186,dds26-team9-orchestrator-worker-6,37.28%,35.43MiB / 512MiB,11.8MB / 19.4MB
1775422186,dds26-team9-orchestrator-worker-23,36.78%,33.4MiB / 512MiB,11.8MB / 19.4MB
1775422186,dds26-team9-orchestrator-worker-20,37.06%,35.52MiB / 512MiB,11.9MB / 19.6MB
1775422186,dds26-team9-order-worker-8,24.78%,34.05MiB / 512MiB,8.73MB / 11.4MB
1775422186,dds26-team9-orchestrator-worker-15,35.01%,35.26MiB / 512MiB,11.8MB / 19.4MB
1775422186,dds26-team9-orchestrator-worker-22,37.93%,33.5MiB / 512MiB,11.8MB / 19.5MB
1775422186,dds26-team9-orchestrator-worker-13,37.02%,35.34MiB / 512MiB,11.8MB / 19.4MB
1775422186,dds26-team9-orchestrator-worker-8,35.43%,35.55MiB / 512MiB,11.8MB / 19.5MB
1775422186,dds26-team9-orchestrator-worker-19,35.78%,33.24MiB / 512MiB,11.8MB / 19.4MB
1775422186,dds26-team9-orchestrator-worker-10,36.42%,33.46MiB / 512MiB,11.8MB / 19.5MB
1775422186,dds26-team9-orchestrator-worker-18,35.03%,35.18MiB / 512MiB,11.8MB / 19.4MB
1775422186,dds26-team9-orchestrator-worker-2,35.35%,33.26MiB / 512MiB,11.8MB / 19.4MB
1775422186,dds26-team9-orchestrator-worker-11,34.69%,33.75MiB / 512MiB,11.8MB / 19.5MB
1775422186,dds26-team9-orchestrator-worker-12,35.51%,35.45MiB / 512MiB,11.8MB / 19.4MB
1775422186,dds26-team9-orchestrator-worker-4,34.45%,35.68MiB / 512MiB,11.8MB / 19.5MB
1775422186,dds26-team9-orchestrator-worker-9,35.87%,33.25MiB / 512MiB,11.7MB / 19.3MB
1775422186,dds26-team9-stock-worker-7,29.70%,33.61MiB / 512MiB,9.14MB / 12.7MB
1775422186,dds26-team9-stock-web-1,0.53%,212.5MiB / 512MiB,21.5kB / 3.29kB
1775422186,dds26-team9-stock-worker-1,28.80%,35.32MiB / 512MiB,9.14MB / 12.7MB
1775422186,dds26-team9-stock-worker-3,28.26%,33.64MiB / 512MiB,8.94MB / 12.5MB
1775422186,dds26-team9-orchestrator-worker-5,35.72%,35.27MiB / 512MiB,11.9MB / 19.5MB
1775422186,dds26-team9-stock-worker-6,26.21%,35.61MiB / 512MiB,9.07MB / 12.7MB
1775422186,dds26-team9-stock-web-3,0.48%,212.5MiB / 512MiB,21.7kB / 4.37kB
1775422186,dds26-team9-stock-web-2,0.56%,212.4MiB / 512MiB,19.7kB / 3.83kB
1775422186,dds26-team9-stock-worker-2,29.40%,33.59MiB / 512MiB,9.01MB / 12.6MB
1775422186,dds26-team9-stock-worker-5,26.62%,35.65MiB / 512MiB,9.05MB / 12.6MB
1775422186,dds26-team9-stock-web-4,0.51%,225.1MiB / 512MiB,21.4kB / 3.7MB
1775422186,dds26-team9-stock-worker-8,28.33%,35.57MiB / 512MiB,9.22MB / 12.8MB
1775422186,dds26-team9-stock-worker-4,28.74%,35.45MiB / 512MiB,9.05MB / 12.6MB
1775422186,dds26-team9-user-worker-4,40.71%,35.94MiB / 512MiB,15.3MB / 20.4MB
1775422186,dds26-team9-user-web-2,0.52%,213.1MiB / 512MiB,21.8kB / 3.89kB
1775422186,dds26-team9-user-worker-2,38.79%,34.01MiB / 512MiB,15.6MB / 20.8MB
1775422186,dds26-team9-user-worker-3,37.92%,35.8MiB / 512MiB,15.4MB / 20.5MB
1775422186,dds26-team9-user-worker-1,39.40%,35.76MiB / 512MiB,15.5MB / 20.7MB
1775422186,dds26-team9-user-web-4,0.48%,212.2MiB / 512MiB,21kB / 4.43kB
1775422186,dds26-team9-user-web-3,0.51%,224.2MiB / 512MiB,21.6kB / 3.1MB
1775422186,dds26-team9-user-web-1,0.48%,211.4MiB / 512MiB,18.5kB / 4.37kB
1775422186,dds26-team9-redis-stock-1,7.99%,29.04MiB / 512MiB,15MB / 15.1MB
1775422186,dds26-team9-redis-payment-1,7.22%,28.8MiB / 512MiB,13.8MB / 14.1MB
1775422186,dds26-team9-redis-order-1,38.76%,31.95MiB / 512MiB,145MB / 144MB
1775422186,dds26-team9-redis-orchestrator-1,32.84%,35.23MiB / 512MiB,181MB / 120MB
1775422186,dds26-team9-redis-bus-1,175.04%,37.68MiB / 2GiB,589MB / 337MB
1775422190,dds26-team9-gateway-1,18.21%,74.98MiB / 354.3GiB,81.8MB / 73.9MB
1775422190,dds26-team9-order-worker-5,23.50%,34.08MiB / 512MiB,9.33MB / 12.2MB
1775422190,dds26-team9-order-worker-3,23.08%,34.25MiB / 512MiB,9.35MB / 12.2MB
1775422190,dds26-team9-order-web-14,35.45%,248.8MiB / 1GiB,7.23MB / 8.84MB
1775422190,dds26-team9-order-web-7,37.16%,250.3MiB / 1GiB,7.24MB / 8.84MB
1775422190,dds26-team9-order-web-15,28.60%,265.6MiB / 1GiB,7.26MB / 20.3MB
1775422190,dds26-team9-order-web-24,28.18%,247.5MiB / 1GiB,7.23MB / 8.82MB
1775422190,dds26-team9-order-worker-2,22.56%,35.99MiB / 512MiB,9.37MB / 12.3MB
1775422190,dds26-team9-order-worker-7,22.29%,36.21MiB / 512MiB,9.38MB / 12.3MB
1775422190,dds26-team9-order-web-1,28.69%,248.1MiB / 1GiB,7.23MB / 8.82MB
1775422190,dds26-team9-order-web-18,29.18%,251.6MiB / 1GiB,7.23MB / 8.8MB
1775422190,dds26-team9-order-web-13,27.13%,248.3MiB / 1GiB,7.24MB / 8.86MB
1775422190,dds26-team9-order-web-23,27.48%,248MiB / 1GiB,7.24MB / 8.84MB
1775422190,dds26-team9-order-worker-6,23.07%,35.99MiB / 512MiB,9.35MB / 12.2MB
1775422190,dds26-team9-order-web-17,28.06%,247.9MiB / 1GiB,7.24MB / 8.85MB
1775422190,dds26-team9-order-web-6,24.15%,248.2MiB / 1GiB,7.21MB / 8.79MB
1775422190,dds26-team9-order-web-8,31.26%,248.2MiB / 1GiB,7.22MB / 8.85MB
1775422190,dds26-team9-order-web-12,27.34%,247.5MiB / 1GiB,7.22MB / 8.79MB
1775422190,dds26-team9-order-web-5,29.46%,247.8MiB / 1GiB,7.22MB / 8.78MB
1775422190,dds26-team9-order-web-9,25.39%,247.8MiB / 1GiB,7.21MB / 8.78MB
1775422190,dds26-team9-order-web-11,28.17%,247.9MiB / 1GiB,7.24MB / 8.87MB
1775422190,dds26-team9-order-worker-1,22.19%,36.22MiB / 512MiB,9.34MB / 12.2MB
1775422190,dds26-team9-order-web-19,28.84%,248.1MiB / 1GiB,7.22MB / 8.84MB
1775422190,dds26-team9-order-web-16,27.16%,247.7MiB / 1GiB,7.21MB / 8.82MB
1775422190,dds26-team9-order-web-4,28.49%,252.3MiB / 1GiB,7.24MB / 8.81MB
1775422190,dds26-team9-order-web-22,27.80%,250.3MiB / 1GiB,7.22MB / 8.85MB
1775422190,dds26-team9-order-web-21,27.48%,248.2MiB / 1GiB,7.23MB / 8.84MB
1775422190,dds26-team9-orchestrator-worker-25,35.26%,37.14MiB / 512MiB,12.7MB / 20.9MB
1775422190,dds26-team9-order-web-3,28.33%,248MiB / 1GiB,7.23MB / 8.84MB
1775422190,dds26-team9-order-web-20,27.46%,247.9MiB / 1GiB,7.22MB / 8.84MB
1775422190,dds26-team9-order-web-2,29.20%,247.9MiB / 1GiB,7.24MB / 8.84MB
1775422190,dds26-team9-orchestrator-worker-24,35.25%,33.3MiB / 512MiB,12.7MB / 20.9MB
1775422190,dds26-team9-order-worker-4,22.64%,34.05MiB / 512MiB,9.37MB / 12.3MB
1775422190,dds26-team9-orchestrator-worker-1,36.20%,33.46MiB / 512MiB,12.6MB / 20.8MB
1775422190,dds26-team9-orchestrator-worker-17,34.78%,35.43MiB / 512MiB,12.7MB / 20.9MB
1775422190,dds26-team9-orchestrator-worker-3,34.92%,35.68MiB / 512MiB,12.6MB / 20.8MB
1775422190,dds26-team9-orchestrator-worker-14,35.76%,35.44MiB / 512MiB,12.7MB / 20.9MB
1775422190,dds26-team9-orchestrator-worker-21,35.67%,35.27MiB / 512MiB,12.7MB / 20.8MB
1775422190,dds26-team9-order-web-25,28.79%,248MiB / 1GiB,7.22MB / 8.82MB
1775422190,dds26-team9-orchestrator-worker-7,36.00%,35.77MiB / 512MiB,12.6MB / 20.7MB
1775422190,dds26-team9-order-web-10,26.64%,248.1MiB / 1GiB,7.23MB / 8.85MB
1775422190,dds26-team9-orchestrator-worker-16,36.38%,35.41MiB / 512MiB,12.7MB / 20.9MB
1775422190,dds26-team9-orchestrator-worker-6,36.74%,35.4MiB / 512MiB,12.6MB / 20.8MB
1775422190,dds26-team9-orchestrator-worker-23,34.87%,33.21MiB / 512MiB,12.6MB / 20.8MB
1775422190,dds26-team9-orchestrator-worker-20,35.69%,35.77MiB / 512MiB,12.7MB / 20.9MB
1775422190,dds26-team9-order-worker-8,23.02%,34.05MiB / 512MiB,9.33MB / 12.2MB
1775422190,dds26-team9-orchestrator-worker-15,34.15%,35.7MiB / 512MiB,12.6MB / 20.8MB
1775422190,dds26-team9-orchestrator-worker-22,35.05%,33.39MiB / 512MiB,12.6MB / 20.8MB
1775422190,dds26-team9-orchestrator-worker-13,35.42%,35.21MiB / 512MiB,12.6MB / 20.8MB
1775422190,dds26-team9-orchestrator-worker-8,36.30%,35.53MiB / 512MiB,12.7MB / 20.9MB
1775422190,dds26-team9-orchestrator-worker-19,34.93%,33.48MiB / 512MiB,12.6MB / 20.8MB
1775422190,dds26-team9-orchestrator-worker-10,35.22%,33.27MiB / 512MiB,12.6MB / 20.9MB
1775422190,dds26-team9-orchestrator-worker-18,36.44%,35.41MiB / 512MiB,12.6MB / 20.8MB
1775422190,dds26-team9-orchestrator-worker-2,36.39%,33.27MiB / 512MiB,12.6MB / 20.7MB
1775422190,dds26-team9-orchestrator-worker-11,36.13%,33.3MiB / 512MiB,12.7MB / 20.9MB
1775422190,dds26-team9-orchestrator-worker-12,36.01%,35.5MiB / 512MiB,12.6MB / 20.8MB
1775422190,dds26-team9-orchestrator-worker-4,36.03%,35.41MiB / 512MiB,12.7MB / 20.9MB
1775422190,dds26-team9-orchestrator-worker-9,35.03%,33.26MiB / 512MiB,12.6MB / 20.8MB
1775422190,dds26-team9-stock-worker-7,28.43%,33.68MiB / 512MiB,9.77MB / 13.6MB
1775422190,dds26-team9-stock-web-1,7.14%,212.5MiB / 512MiB,21.6kB / 3.43kB
1775422190,dds26-team9-stock-worker-1,26.82%,35.56MiB / 512MiB,9.79MB / 13.6MB
1775422190,dds26-team9-stock-worker-3,30.00%,33.6MiB / 512MiB,9.58MB / 13.4MB
1775422190,dds26-team9-orchestrator-worker-5,36.08%,35.41MiB / 512MiB,12.7MB / 20.9MB
1775422190,dds26-team9-stock-worker-6,26.87%,35.43MiB / 512MiB,9.69MB / 13.5MB
1775422190,dds26-team9-stock-web-3,7.81%,212.5MiB / 512MiB,21.8kB / 4.51kB
1775422190,dds26-team9-stock-web-2,0.57%,212.4MiB / 512MiB,19.7kB / 3.83kB
1775422190,dds26-team9-stock-worker-2,28.26%,33.42MiB / 512MiB,9.66MB / 13.5MB
1775422190,dds26-team9-stock-worker-5,28.46%,35.41MiB / 512MiB,9.71MB / 13.6MB
1775422190,dds26-team9-stock-web-4,0.52%,225.1MiB / 512MiB,21.4kB / 3.7MB
1775422190,dds26-team9-stock-worker-8,26.20%,35.59MiB / 512MiB,9.83MB / 13.7MB
1775422190,dds26-team9-stock-worker-4,27.88%,35.68MiB / 512MiB,9.68MB / 13.5MB
1775422190,dds26-team9-user-worker-4,40.10%,35.52MiB / 512MiB,16.4MB / 21.8MB
1775422190,dds26-team9-user-web-2,8.73%,213.1MiB / 512MiB,21.9kB / 4.04kB
1775422190,dds26-team9-user-worker-2,39.48%,33.79MiB / 512MiB,16.7MB / 22.2MB
1775422190,dds26-team9-user-worker-3,37.29%,35.78MiB / 512MiB,16.4MB / 21.9MB
1775422190,dds26-team9-user-worker-1,38.61%,35.74MiB / 512MiB,16.6MB / 22.1MB
1775422190,dds26-team9-user-web-4,0.49%,212.2MiB / 512MiB,21kB / 4.43kB
1775422190,dds26-team9-user-web-3,0.51%,224.2MiB / 512MiB,21.6kB / 3.1MB
1775422190,dds26-team9-user-web-1,0.48%,211.4MiB / 512MiB,18.5kB / 4.37kB
1775422190,dds26-team9-redis-stock-1,5.62%,29.04MiB / 512MiB,15.9MB / 16.2MB
1775422190,dds26-team9-redis-payment-1,5.42%,28.8MiB / 512MiB,14.5MB / 15.2MB
1775422190,dds26-team9-redis-order-1,38.64%,31.99MiB / 512MiB,156MB / 157MB
1775422190,dds26-team9-redis-orchestrator-1,30.51%,35.48MiB / 512MiB,194MB / 128MB
1775422190,dds26-team9-redis-bus-1,174.27%,38.32MiB / 2GiB,630MB / 360MB
1775422193,dds26-team9-gateway-1,19.03%,83.21MiB / 354.3GiB,89.6MB / 80.8MB
1775422193,dds26-team9-order-worker-5,24.07%,34.22MiB / 512MiB,9.92MB / 13MB
1775422193,dds26-team9-order-worker-3,23.32%,34.01MiB / 512MiB,9.76MB / 12.8MB
1775422193,dds26-team9-order-web-14,27.02%,249.6MiB / 1GiB,7.85MB / 9.53MB
1775422193,dds26-team9-order-web-7,26.08%,250.7MiB / 1GiB,7.85MB / 9.52MB
1775422193,dds26-team9-order-web-15,27.94%,266.1MiB / 1GiB,7.86MB / 20.9MB
1775422193,dds26-team9-order-web-24,26.70%,248MiB / 1GiB,7.84MB / 9.5MB
1775422193,dds26-team9-order-worker-2,22.16%,35.99MiB / 512MiB,9.96MB / 13MB
1775422193,dds26-team9-order-worker-7,22.89%,35.98MiB / 512MiB,9.96MB / 13MB
1775422193,dds26-team9-order-web-1,32.86%,248.7MiB / 1GiB,7.85MB / 9.5MB
1775422193,dds26-team9-order-web-18,34.31%,251.8MiB / 1GiB,7.84MB / 9.47MB
1775422193,dds26-team9-order-web-13,27.32%,248.6MiB / 1GiB,7.85MB / 9.54MB
1775422193,dds26-team9-order-web-23,26.54%,248MiB / 1GiB,7.83MB / 9.5MB
1775422193,dds26-team9-order-worker-6,23.12%,35.99MiB / 512MiB,9.95MB / 13MB
1775422193,dds26-team9-order-web-17,27.72%,247.9MiB / 1GiB,7.84MB / 9.51MB
1775422193,dds26-team9-order-web-6,24.09%,248.1MiB / 1GiB,7.84MB / 9.48MB
1775422193,dds26-team9-order-web-8,26.81%,248.5MiB / 1GiB,7.84MB / 9.54MB
1775422193,dds26-team9-order-web-12,25.98%,247.8MiB / 1GiB,7.84MB / 9.48MB
1775422193,dds26-team9-order-web-5,27.17%,248.2MiB / 1GiB,7.83MB / 9.45MB
1775422193,dds26-team9-order-web-9,26.92%,248.2MiB / 1GiB,7.84MB / 9.48MB
1775422193,dds26-team9-order-web-11,26.91%,248.3MiB / 1GiB,7.84MB / 9.54MB
1775422193,dds26-team9-order-worker-1,23.62%,36.16MiB / 512MiB,9.93MB / 13MB
1775422193,dds26-team9-order-web-19,27.35%,248.4MiB / 1GiB,7.83MB / 9.52MB
1775422193,dds26-team9-order-web-16,26.78%,248.2MiB / 1GiB,7.84MB / 9.52MB
1775422193,dds26-team9-order-web-4,26.19%,252.7MiB / 1GiB,7.84MB / 9.47MB
1775422193,dds26-team9-order-web-22,26.72%,250.6MiB / 1GiB,7.83MB / 9.53MB
1775422193,dds26-team9-order-web-21,26.43%,248.6MiB / 1GiB,7.83MB / 9.51MB
1775422193,dds26-team9-orchestrator-worker-25,34.00%,37.15MiB / 512MiB,13.5MB / 22.3MB
1775422193,dds26-team9-order-web-3,28.81%,248.3MiB / 1GiB,7.84MB / 9.51MB
1775422193,dds26-team9-order-web-20,28.89%,248.1MiB / 1GiB,7.81MB / 9.49MB
1775422193,dds26-team9-order-web-2,26.77%,248.6MiB / 1GiB,7.84MB / 9.51MB
1775422193,dds26-team9-orchestrator-worker-24,36.14%,33.3MiB / 512MiB,13.6MB / 22.4MB
1775422193,dds26-team9-order-worker-4,23.15%,34.05MiB / 512MiB,9.96MB / 13MB
1775422193,dds26-team9-orchestrator-worker-1,35.74%,33.5MiB / 512MiB,13.4MB / 22.2MB
1775422193,dds26-team9-orchestrator-worker-17,35.08%,35.2MiB / 512MiB,13.5MB / 22.3MB
1775422193,dds26-team9-orchestrator-worker-3,35.30%,35.44MiB / 512MiB,13.5MB / 22.2MB
1775422193,dds26-team9-orchestrator-worker-14,34.97%,35.46MiB / 512MiB,13.5MB / 22.3MB
1775422193,dds26-team9-orchestrator-worker-21,35.23%,35.5MiB / 512MiB,13.5MB / 22.2MB
1775422193,dds26-team9-order-web-25,26.65%,248.7MiB / 1GiB,7.83MB / 9.49MB
1775422193,dds26-team9-orchestrator-worker-7,36.22%,35.3MiB / 512MiB,13.4MB / 22.1MB
1775422193,dds26-team9-order-web-10,25.65%,248.7MiB / 1GiB,7.83MB / 9.51MB
1775422193,dds26-team9-orchestrator-worker-16,34.76%,35.37MiB / 512MiB,13.6MB / 22.3MB
1775422193,dds26-team9-orchestrator-worker-6,35.10%,35.23MiB / 512MiB,13.4MB / 22.2MB
1775422193,dds26-team9-orchestrator-worker-23,34.90%,33.69MiB / 512MiB,13.5MB / 22.2MB
1775422193,dds26-team9-orchestrator-worker-20,35.13%,35.29MiB / 512MiB,13.6MB / 22.4MB
1775422193,dds26-team9-order-worker-8,23.16%,34.05MiB / 512MiB,9.92MB / 13MB
1775422193,dds26-team9-orchestrator-worker-15,34.85%,35.66MiB / 512MiB,13.4MB / 22.2MB
1775422193,dds26-team9-orchestrator-worker-22,36.00%,33.66MiB / 512MiB,13.4MB / 22.2MB
1775422193,dds26-team9-orchestrator-worker-13,34.89%,35.45MiB / 512MiB,13.5MB / 22.2MB
1775422193,dds26-team9-orchestrator-worker-8,35.46%,35.53MiB / 512MiB,13.6MB / 22.3MB
1775422193,dds26-team9-orchestrator-worker-19,35.68%,33.46MiB / 512MiB,13.5MB / 22.2MB
1775422193,dds26-team9-orchestrator-worker-10,34.59%,33.29MiB / 512MiB,13.5MB / 22.3MB
1775422193,dds26-team9-orchestrator-worker-18,34.72%,35.18MiB / 512MiB,13.5MB / 22.2MB
1775422193,dds26-team9-orchestrator-worker-2,35.05%,33.27MiB / 512MiB,13.5MB / 22.2MB
1775422193,dds26-team9-orchestrator-worker-11,36.38%,33.77MiB / 512MiB,13.5MB / 22.3MB
1775422193,dds26-team9-orchestrator-worker-12,34.23%,35.5MiB / 512MiB,13.4MB / 22.2MB
1775422193,dds26-team9-orchestrator-worker-4,34.13%,35.45MiB / 512MiB,13.5MB / 22.3MB
1775422193,dds26-team9-orchestrator-worker-9,35.18%,33.26MiB / 512MiB,13.4MB / 22.1MB
1775422193,dds26-team9-stock-worker-7,27.87%,33.67MiB / 512MiB,10.4MB / 14.5MB
1775422193,dds26-team9-stock-web-1,0.52%,212.5MiB / 512MiB,21.6kB / 3.43kB
1775422193,dds26-team9-stock-worker-1,27.72%,35.57MiB / 512MiB,10.4MB / 14.5MB
1775422193,dds26-team9-stock-worker-3,28.96%,33.39MiB / 512MiB,10.2MB / 14.3MB
1775422193,dds26-team9-orchestrator-worker-5,34.15%,35.27MiB / 512MiB,13.6MB / 22.3MB
1775422193,dds26-team9-stock-worker-6,27.10%,35.43MiB / 512MiB,10.4MB / 14.5MB
1775422193,dds26-team9-stock-web-3,0.50%,212.5MiB / 512MiB,21.8kB / 4.51kB
1775422193,dds26-team9-stock-web-2,0.56%,212.4MiB / 512MiB,19.8kB / 3.97kB
1775422193,dds26-team9-stock-worker-2,28.71%,33.8MiB / 512MiB,10.3MB / 14.4MB
1775422193,dds26-team9-stock-worker-5,27.78%,35.41MiB / 512MiB,10.4MB / 14.5MB
1775422193,dds26-team9-stock-web-4,0.56%,225.3MiB / 512MiB,21.9kB / 3.7MB
1775422193,dds26-team9-stock-worker-8,28.24%,35.59MiB / 512MiB,10.5MB / 14.6MB
1775422193,dds26-team9-stock-worker-4,28.63%,35.46MiB / 512MiB,10.4MB / 14.4MB
1775422193,dds26-team9-user-worker-4,39.40%,35.98MiB / 512MiB,17.4MB / 23.2MB
1775422193,dds26-team9-user-web-2,0.53%,213.1MiB / 512MiB,21.9kB / 4.04kB
1775422193,dds26-team9-user-worker-2,39.23%,33.77MiB / 512MiB,17.8MB / 23.6MB
1775422193,dds26-team9-user-worker-3,37.68%,35.57MiB / 512MiB,17.5MB / 23.3MB
1775422193,dds26-team9-user-worker-1,38.26%,35.52MiB / 512MiB,17.7MB / 23.5MB
1775422193,dds26-team9-user-web-4,0.50%,212.2MiB / 512MiB,21.1kB / 4.58kB
1775422193,dds26-team9-user-web-3,0.55%,224.2MiB / 512MiB,21.7kB / 3.1MB
1775422193,dds26-team9-user-web-1,0.51%,211.4MiB / 512MiB,18.6kB / 4.51kB
1775422193,dds26-team9-redis-stock-1,7.91%,29.05MiB / 512MiB,16.7MB / 17.3MB
1775422193,dds26-team9-redis-payment-1,7.26%,28.81MiB / 512MiB,15.3MB / 16.2MB
1775422193,dds26-team9-redis-order-1,37.99%,31.49MiB / 512MiB,168MB / 171MB
1775422193,dds26-team9-redis-orchestrator-1,32.76%,35.55MiB / 512MiB,208MB / 138MB
1775422193,dds26-team9-redis-bus-1,173.91%,37.64MiB / 2GiB,671MB / 383MB
1775422196,dds26-team9-gateway-1,19.24%,87.94MiB / 354.3GiB,95.4MB / 86.1MB
1775422196,dds26-team9-order-worker-5,23.89%,34.08MiB / 512MiB,10.5MB / 13.8MB
1775422196,dds26-team9-order-worker-3,23.21%,34.25MiB / 512MiB,10.5MB / 13.8MB
1775422196,dds26-team9-order-web-14,30.69%,250.1MiB / 1GiB,8.47MB / 10.2MB
1775422196,dds26-team9-order-web-7,28.97%,251MiB / 1GiB,8.48MB / 10.2MB
1775422196,dds26-team9-order-web-15,32.76%,266.5MiB / 1GiB,8.49MB / 21.6MB
1775422196,dds26-team9-order-web-24,28.41%,248.3MiB / 1GiB,8.47MB / 10.2MB
1775422196,dds26-team9-order-worker-2,22.64%,35.99MiB / 512MiB,10.6MB / 13.8MB
1775422196,dds26-team9-order-worker-7,23.22%,35.98MiB / 512MiB,10.5MB / 13.8MB
1775422196,dds26-team9-order-web-1,26.78%,249.1MiB / 1GiB,8.49MB / 10.2MB
1775422196,dds26-team9-order-web-18,28.43%,252.4MiB / 1GiB,8.46MB / 10.1MB
1775422196,dds26-team9-order-web-13,28.98%,248.9MiB / 1GiB,8.48MB / 10.2MB
1775422196,dds26-team9-order-web-23,28.15%,248.5MiB / 1GiB,8.45MB / 10.2MB
1775422196,dds26-team9-order-worker-6,23.09%,35.99MiB / 512MiB,10.5MB / 13.8MB
1775422196,dds26-team9-order-web-17,28.32%,248.6MiB / 1GiB,8.47MB / 10.2MB
1775422196,dds26-team9-order-web-6,26.98%,248.8MiB / 1GiB,8.47MB / 10.2MB
1775422196,dds26-team9-order-web-8,28.26%,249MiB / 1GiB,8.48MB / 10.2MB
1775422196,dds26-team9-order-web-12,34.77%,248.6MiB / 1GiB,8.25MB / 9.93MB
1775422196,dds26-team9-order-web-5,28.29%,248.7MiB / 1GiB,8.47MB / 10.1MB
1775422196,dds26-team9-order-web-9,29.58%,248.8MiB / 1GiB,8.47MB / 10.2MB
1775422196,dds26-team9-order-web-11,35.42%,248.8MiB / 1GiB,8.48MB / 10.2MB
1775422196,dds26-team9-order-worker-1,23.04%,36.19MiB / 512MiB,10.5MB / 13.8MB
1775422196,dds26-team9-order-web-19,35.76%,248.6MiB / 1GiB,8.46MB / 10.2MB
1775422196,dds26-team9-order-web-16,34.85%,249MiB / 1GiB,8.46MB / 10.2MB
1775422196,dds26-team9-order-web-4,33.84%,254MiB / 1GiB,8.47MB / 10.2MB
1775422196,dds26-team9-order-web-22,29.59%,251MiB / 1GiB,8.47MB / 10.2MB
1775422196,dds26-team9-order-web-21,28.09%,249MiB / 1GiB,8.46MB / 10.2MB
1775422196,dds26-team9-orchestrator-worker-25,35.07%,37.15MiB / 512MiB,14.3MB / 23.7MB
1775422196,dds26-team9-order-web-3,30.41%,248.7MiB / 1GiB,8.45MB / 10.2MB
1775422196,dds26-team9-order-web-20,30.41%,248.7MiB / 1GiB,8.45MB / 10.2MB
1775422196,dds26-team9-order-web-2,29.35%,249.2MiB / 1GiB,8.48MB / 10.2MB
1775422196,dds26-team9-orchestrator-worker-24,36.10%,33.73MiB / 512MiB,14.4MB / 23.8MB
1775422196,dds26-team9-order-worker-4,23.32%,34.05MiB / 512MiB,10.6MB / 13.8MB
1775422196,dds26-team9-orchestrator-worker-1,34.97%,33.49MiB / 512MiB,14.3MB / 23.5MB
1775422196,dds26-team9-orchestrator-worker-17,36.15%,35.2MiB / 512MiB,14.4MB / 23.7MB
1775422196,dds26-team9-orchestrator-worker-3,36.13%,35.42MiB / 512MiB,14.4MB / 23.6MB
1775422196,dds26-team9-orchestrator-worker-14,36.10%,35.26MiB / 512MiB,14.4MB / 23.7MB
1775422196,dds26-team9-orchestrator-worker-21,36.28%,35.46MiB / 512MiB,14.4MB / 23.7MB
1775422196,dds26-team9-order-web-25,28.49%,249.2MiB / 1GiB,8.47MB / 10.2MB
1775422196,dds26-team9-orchestrator-worker-7,36.56%,35.52MiB / 512MiB,14.3MB / 23.5MB
1775422196,dds26-team9-order-web-10,26.69%,249MiB / 1GiB,8.47MB / 10.2MB
1775422196,dds26-team9-orchestrator-worker-16,36.95%,35.39MiB / 512MiB,14.4MB / 23.7MB
1775422196,dds26-team9-orchestrator-worker-6,37.23%,35.66MiB / 512MiB,14.3MB / 23.6MB
1775422196,dds26-team9-orchestrator-worker-23,36.92%,33.22MiB / 512MiB,14.3MB / 23.6MB
1775422196,dds26-team9-orchestrator-worker-20,35.98%,35.54MiB / 512MiB,14.4MB / 23.8MB
1775422196,dds26-team9-order-worker-8,23.93%,34.23MiB / 512MiB,10.5MB / 13.7MB
1775422196,dds26-team9-orchestrator-worker-15,35.54%,35.26MiB / 512MiB,14.3MB / 23.5MB
1775422196,dds26-team9-orchestrator-worker-22,37.76%,33.44MiB / 512MiB,14.3MB / 23.6MB
1775422196,dds26-team9-orchestrator-worker-13,36.98%,35.36MiB / 512MiB,14.3MB / 23.6MB
1775422196,dds26-team9-orchestrator-worker-8,35.86%,35.3MiB / 512MiB,14.4MB / 23.7MB
1775422196,dds26-team9-orchestrator-worker-19,37.16%,33.5MiB / 512MiB,14.3MB / 23.6MB
1775422196,dds26-team9-orchestrator-worker-10,36.06%,33.45MiB / 512MiB,14.3MB / 23.7MB
1775422196,dds26-team9-orchestrator-worker-18,35.62%,35.24MiB / 512MiB,14.3MB / 23.6MB
1775422196,dds26-team9-orchestrator-worker-2,35.94%,33.27MiB / 512MiB,14.3MB / 23.6MB
1775422196,dds26-team9-orchestrator-worker-11,35.98%,33.3MiB / 512MiB,14.4MB / 23.7MB
1775422196,dds26-team9-orchestrator-worker-12,36.32%,35.51MiB / 512MiB,14.3MB / 23.5MB
1775422196,dds26-team9-orchestrator-worker-4,35.12%,35.21MiB / 512MiB,14.3MB / 23.7MB
1775422196,dds26-team9-orchestrator-worker-9,34.77%,33.49MiB / 512MiB,14.3MB / 23.6MB
1775422196,dds26-team9-stock-worker-7,29.07%,33.44MiB / 512MiB,11.1MB / 15.4MB
1775422196,dds26-team9-stock-web-1,0.50%,215.1MiB / 512MiB,21.6kB / 3.43kB
1775422196,dds26-team9-stock-worker-1,28.91%,35.55MiB / 512MiB,11.1MB / 15.4MB
1775422196,dds26-team9-stock-worker-3,29.17%,33.63MiB / 512MiB,10.9MB / 15.2MB
1775422196,dds26-team9-orchestrator-worker-5,36.09%,35.46MiB / 512MiB,14.4MB / 23.7MB
1775422196,dds26-team9-stock-worker-6,28.21%,35.61MiB / 512MiB,11MB / 15.3MB
1775422196,dds26-team9-stock-web-3,0.49%,212.5MiB / 512MiB,21.8kB / 4.51kB
1775422196,dds26-team9-stock-web-2,0.56%,212.4MiB / 512MiB,19.8kB / 3.97kB
1775422196,dds26-team9-stock-worker-2,28.83%,33.41MiB / 512MiB,10.9MB / 15.3MB
1775422196,dds26-team9-stock-worker-5,29.85%,35.41MiB / 512MiB,11MB / 15.4MB
1775422196,dds26-team9-stock-web-4,0.56%,225.3MiB / 512MiB,21.9kB / 3.7MB
1775422196,dds26-team9-stock-worker-8,28.74%,35.62MiB / 512MiB,11.1MB / 15.5MB
1775422196,dds26-team9-stock-worker-4,28.11%,35.7MiB / 512MiB,11MB / 15.3MB
1775422196,dds26-team9-user-worker-4,39.01%,35.77MiB / 512MiB,18.5MB / 24.7MB
1775422196,dds26-team9-user-web-2,0.53%,213.1MiB / 512MiB,21.9kB / 4.04kB
1775422196,dds26-team9-user-worker-2,38.90%,33.76MiB / 512MiB,18.8MB / 25MB
1775422196,dds26-team9-user-worker-3,37.26%,35.57MiB / 512MiB,18.6MB / 24.8MB
1775422196,dds26-team9-user-worker-1,38.74%,35.52MiB / 512MiB,18.8MB / 24.9MB
1775422196,dds26-team9-user-web-4,0.44%,212.2MiB / 512MiB,21.1kB / 4.58kB
1775422196,dds26-team9-user-web-3,0.56%,224.2MiB / 512MiB,21.7kB / 3.1MB
1775422196,dds26-team9-user-web-1,0.48%,211.4MiB / 512MiB,18.6kB / 4.51kB
1775422196,dds26-team9-redis-stock-1,5.88%,29.05MiB / 512MiB,17.6MB / 18.5MB
1775422196,dds26-team9-redis-payment-1,6.02%,28.81MiB / 512MiB,16.1MB / 17.3MB
1775422196,dds26-team9-redis-order-1,38.30%,31.23MiB / 512MiB,179MB / 185MB
1775422196,dds26-team9-redis-orchestrator-1,32.03%,35.28MiB / 512MiB,222MB / 147MB
1775422196,dds26-team9-redis-bus-1,172.36%,37.84MiB / 2GiB,712MB / 406MB
1775422200,dds26-team9-gateway-1,19.36%,95.05MiB / 354.3GiB,101MB / 91.2MB
1775422200,dds26-team9-order-worker-5,22.36%,34.32MiB / 512MiB,11.1MB / 14.5MB
1775422200,dds26-team9-order-worker-3,23.26%,34.01MiB / 512MiB,11.1MB / 14.6MB
1775422200,dds26-team9-order-web-14,37.64%,250.3MiB / 1GiB,9.12MB / 10.9MB
1775422200,dds26-team9-order-web-7,38.43%,251.5MiB / 1GiB,9.11MB / 10.9MB
1775422200,dds26-team9-order-web-15,31.76%,266.9MiB / 1GiB,9.14MB / 22.3MB
1775422200,dds26-team9-order-web-24,30.69%,248.9MiB / 1GiB,9.11MB / 10.9MB
1775422200,dds26-team9-order-worker-2,21.90%,36.23MiB / 512MiB,11.1MB / 14.6MB
1775422200,dds26-team9-order-worker-7,21.31%,36.07MiB / 512MiB,11.1MB / 14.6MB
1775422200,dds26-team9-order-web-1,29.80%,249.4MiB / 1GiB,9.12MB / 10.9MB
1775422200,dds26-team9-order-web-18,30.81%,252.8MiB / 1GiB,9.1MB / 10.8MB
1775422200,dds26-team9-order-web-13,30.51%,249.8MiB / 1GiB,9.11MB / 10.9MB
1775422200,dds26-team9-order-web-23,31.16%,249MiB / 1GiB,9.11MB / 10.9MB
1775422200,dds26-team9-order-worker-6,22.40%,36.22MiB / 512MiB,11.1MB / 14.6MB
1775422200,dds26-team9-order-web-17,30.92%,248.8MiB / 1GiB,9.1MB / 10.9MB
1775422200,dds26-team9-order-web-6,28.96%,248.9MiB / 1GiB,9.09MB / 10.8MB
1775422200,dds26-team9-order-web-8,31.38%,249.4MiB / 1GiB,9.11MB / 10.9MB
1775422200,dds26-team9-order-web-12,31.09%,249.2MiB / 1GiB,9.11MB / 10.9MB
1775422200,dds26-team9-order-web-5,30.15%,249.3MiB / 1GiB,9.09MB / 10.8MB
1775422200,dds26-team9-order-web-9,30.66%,249.2MiB / 1GiB,9.11MB / 10.8MB
1775422200,dds26-team9-order-web-11,30.01%,249.2MiB / 1GiB,9.11MB / 10.9MB
1775422200,dds26-team9-order-worker-1,22.09%,35.98MiB / 512MiB,10.9MB / 14.3MB
1775422200,dds26-team9-order-web-19,30.20%,249.3MiB / 1GiB,9.11MB / 10.9MB
1775422200,dds26-team9-order-web-16,31.11%,249.1MiB / 1GiB,9.11MB / 10.9MB
1775422200,dds26-team9-order-web-4,29.59%,253.7MiB / 1GiB,9.12MB / 10.8MB
1775422200,dds26-team9-order-web-22,30.28%,253.8MiB / 1GiB,9.09MB / 10.9MB
1775422200,dds26-team9-order-web-21,31.76%,249.5MiB / 1GiB,9.11MB / 10.9MB
1775422200,dds26-team9-orchestrator-worker-25,36.20%,37.17MiB / 512MiB,15.2MB / 25.1MB
1775422200,dds26-team9-order-web-3,30.17%,249.3MiB / 1GiB,9.1MB / 10.9MB
1775422200,dds26-team9-order-web-20,30.17%,249.3MiB / 1GiB,9.08MB / 10.9MB
1775422200,dds26-team9-order-web-2,28.94%,249.9MiB / 1GiB,9.12MB / 10.9MB
1775422200,dds26-team9-orchestrator-worker-24,36.32%,33.61MiB / 512MiB,15.2MB / 25.1MB
1775422200,dds26-team9-order-worker-4,22.36%,34.05MiB / 512MiB,11.1MB / 14.5MB
1775422200,dds26-team9-orchestrator-worker-1,38.47%,33.27MiB / 512MiB,15.1MB / 24.9MB
1775422200,dds26-team9-orchestrator-worker-17,35.27%,35.44MiB / 512MiB,15.2MB / 25MB
1775422200,dds26-team9-orchestrator-worker-3,35.65%,35.38MiB / 512MiB,15.2MB / 25MB
1775422200,dds26-team9-orchestrator-worker-14,35.04%,35.27MiB / 512MiB,15.2MB / 25MB
1775422200,dds26-team9-orchestrator-worker-21,35.46%,35.48MiB / 512MiB,15.2MB / 25MB
1775422200,dds26-team9-order-web-25,30.76%,249.1MiB / 1GiB,9.1MB / 10.9MB
1775422200,dds26-team9-orchestrator-worker-7,35.75%,35.3MiB / 512MiB,15.1MB / 24.8MB
1775422200,dds26-team9-order-web-10,30.51%,249.5MiB / 1GiB,9.12MB / 10.9MB
1775422200,dds26-team9-orchestrator-worker-16,37.04%,35.36MiB / 512MiB,15.3MB / 25.1MB
1775422200,dds26-team9-orchestrator-worker-6,36.30%,35.24MiB / 512MiB,15.1MB / 24.9MB
1775422200,dds26-team9-orchestrator-worker-23,36.33%,33.4MiB / 512MiB,15.2MB / 24.9MB
1775422200,dds26-team9-orchestrator-worker-20,37.16%,35.47MiB / 512MiB,15.3MB / 25.2MB
1775422200,dds26-team9-order-worker-8,22.61%,34.29MiB / 512MiB,11.1MB / 14.5MB
1775422200,dds26-team9-orchestrator-worker-15,35.58%,35.28MiB / 512MiB,15.1MB / 24.9MB
1775422200,dds26-team9-orchestrator-worker-22,35.55%,33.38MiB / 512MiB,15.1MB / 25MB
1775422200,dds26-team9-orchestrator-worker-13,36.75%,35.22MiB / 512MiB,15.2MB / 25MB
1775422200,dds26-team9-orchestrator-worker-8,35.66%,35.52MiB / 512MiB,15.2MB / 25.1MB
1775422200,dds26-team9-orchestrator-worker-19,35.76%,33.25MiB / 512MiB,15.1MB / 25MB
1775422200,dds26-team9-orchestrator-worker-10,36.39%,33.27MiB / 512MiB,15.2MB / 25.1MB
1775422200,dds26-team9-orchestrator-worker-18,35.89%,35.23MiB / 512MiB,15.1MB / 24.9MB
1775422200,dds26-team9-orchestrator-worker-2,37.98%,33.28MiB / 512MiB,15.2MB / 25MB
1775422200,dds26-team9-orchestrator-worker-11,35.47%,33.55MiB / 512MiB,15.2MB / 25.1MB
1775422200,dds26-team9-orchestrator-worker-12,35.48%,35.34MiB / 512MiB,15.1MB / 24.9MB
1775422200,dds26-team9-orchestrator-worker-4,36.41%,35.3MiB / 512MiB,15.2MB / 25.1MB
1775422200,dds26-team9-orchestrator-worker-9,35.78%,33.5MiB / 512MiB,15.1MB / 24.9MB
1775422200,dds26-team9-stock-worker-7,29.24%,33.64MiB / 512MiB,11.7MB / 16.3MB
1775422200,dds26-team9-stock-web-1,7.56%,215.1MiB / 512MiB,21.7kB / 3.58kB
1775422200,dds26-team9-stock-worker-1,28.54%,35.56MiB / 512MiB,11.7MB / 16.3MB
1775422200,dds26-team9-stock-worker-3,28.64%,33.64MiB / 512MiB,11.5MB / 16.1MB
1775422200,dds26-team9-orchestrator-worker-5,35.63%,35.77MiB / 512MiB,15.2MB / 25MB
1775422200,dds26-team9-stock-worker-6,29.02%,35.66MiB / 512MiB,11.6MB / 16.2MB
1775422200,dds26-team9-stock-web-3,7.73%,212.5MiB / 512MiB,21.9kB / 4.66kB
1775422200,dds26-team9-stock-web-2,0.56%,212.4MiB / 512MiB,19.8kB / 3.97kB
1775422200,dds26-team9-stock-worker-2,29.12%,33.68MiB / 512MiB,11.6MB / 16.2MB
1775422200,dds26-team9-stock-worker-5,28.37%,35.41MiB / 512MiB,11.7MB / 16.3MB
1775422200,dds26-team9-stock-web-4,0.54%,225.3MiB / 512MiB,21.9kB / 3.7MB
1775422200,dds26-team9-stock-worker-8,28.05%,35.61MiB / 512MiB,11.8MB / 16.4MB
1775422200,dds26-team9-stock-worker-4,29.46%,35.68MiB / 512MiB,11.6MB / 16.2MB
1775422200,dds26-team9-user-worker-4,40.17%,35.77MiB / 512MiB,19.6MB / 26MB
1775422200,dds26-team9-user-web-2,6.90%,213.1MiB / 512MiB,21.9kB / 4.18kB
1775422200,dds26-team9-user-worker-2,39.82%,33.56MiB / 512MiB,19.9MB / 26.4MB
1775422200,dds26-team9-user-worker-3,37.67%,35.8MiB / 512MiB,19.7MB / 26.2MB
1775422200,dds26-team9-user-worker-1,38.81%,35.77MiB / 512MiB,19.8MB / 26.3MB
1775422200,dds26-team9-user-web-4,0.48%,212.2MiB / 512MiB,21.1kB / 4.58kB
1775422200,dds26-team9-user-web-3,0.52%,224.2MiB / 512MiB,21.7kB / 3.1MB
1775422200,dds26-team9-user-web-1,0.48%,211.4MiB / 512MiB,18.6kB / 4.51kB
1775422200,dds26-team9-redis-stock-1,8.09%,29.18MiB / 512MiB,18.4MB / 19.6MB
1775422200,dds26-team9-redis-payment-1,7.35%,28.81MiB / 512MiB,16.9MB / 18.3MB
1775422200,dds26-team9-redis-order-1,42.98%,31.55MiB / 512MiB,191MB / 199MB
1775422200,dds26-team9-redis-orchestrator-1,33.89%,35.43MiB / 512MiB,235MB / 155MB
1775422200,dds26-team9-redis-bus-1,174.64%,37.7MiB / 2GiB,753MB / 429MB
1775422203,dds26-team9-gateway-1,18.40%,97.73MiB / 354.3GiB,105MB / 94.5MB
1775422203,dds26-team9-order-worker-5,22.43%,34.13MiB / 512MiB,11.7MB / 15.2MB
1775422203,dds26-team9-order-worker-3,22.76%,34.01MiB / 512MiB,11.7MB / 15.3MB
1775422203,dds26-team9-order-web-14,30.89%,250.4MiB / 1GiB,9.74MB / 11.6MB
1775422203,dds26-team9-order-web-7,28.75%,252MiB / 1GiB,9.75MB / 11.6MB
1775422203,dds26-team9-order-web-15,27.84%,267.3MiB / 1GiB,9.76MB / 23MB
1775422203,dds26-team9-order-web-24,27.75%,249.7MiB / 1GiB,9.74MB / 11.5MB
1775422203,dds26-team9-order-worker-2,21.58%,36.2MiB / 512MiB,11.7MB / 15.3MB
1775422203,dds26-team9-order-worker-7,21.97%,36.02MiB / 512MiB,11.7MB / 15.3MB
1775422203,dds26-team9-order-web-1,33.36%,250MiB / 1GiB,9.74MB / 11.5MB
1775422203,dds26-team9-order-web-18,34.02%,253.2MiB / 1GiB,9.73MB / 11.5MB
1775422203,dds26-team9-order-web-13,27.19%,249.9MiB / 1GiB,9.75MB / 11.6MB
1775422203,dds26-team9-order-web-23,25.48%,251.7MiB / 1GiB,9.73MB / 11.5MB
1775422203,dds26-team9-order-worker-6,22.02%,36.17MiB / 512MiB,11.7MB / 15.3MB
1775422203,dds26-team9-order-web-17,26.98%,249.5MiB / 1GiB,9.75MB / 11.5MB
1775422203,dds26-team9-order-web-6,25.23%,249.3MiB / 1GiB,9.73MB / 11.5MB
1775422203,dds26-team9-order-web-8,26.49%,249.9MiB / 1GiB,9.74MB / 11.6MB
1775422203,dds26-team9-order-web-12,26.21%,249.7MiB / 1GiB,9.74MB / 11.5MB
1775422203,dds26-team9-order-web-5,30.67%,249.5MiB / 1GiB,9.72MB / 11.5MB
1775422203,dds26-team9-order-web-9,27.43%,249.9MiB / 1GiB,9.73MB / 11.5MB
1775422203,dds26-team9-order-web-11,27.33%,249.7MiB / 1GiB,9.74MB / 11.6MB
1775422203,dds26-team9-order-worker-1,21.84%,36.19MiB / 512MiB,11.6MB / 15.2MB
1775422203,dds26-team9-order-web-19,24.54%,249.9MiB / 1GiB,9.73MB / 11.6MB
1775422203,dds26-team9-order-web-16,26.89%,249.3MiB / 1GiB,9.73MB / 11.5MB
1775422203,dds26-team9-order-web-4,27.86%,254.1MiB / 1GiB,9.74MB / 11.5MB
1775422203,dds26-team9-order-web-22,28.47%,254.4MiB / 1GiB,9.73MB / 11.6MB
1775422203,dds26-team9-order-web-21,25.61%,250.2MiB / 1GiB,9.73MB / 11.6MB
1775422203,dds26-team9-orchestrator-worker-25,33.30%,37.18MiB / 512MiB,16MB / 26.4MB
1775422203,dds26-team9-order-web-3,25.44%,249.6MiB / 1GiB,9.74MB / 11.5MB
1775422203,dds26-team9-order-web-20,28.07%,249.2MiB / 1GiB,9.72MB / 11.5MB
1775422203,dds26-team9-order-web-2,24.89%,249.6MiB / 1GiB,9.74MB / 11.6MB
1775422203,dds26-team9-orchestrator-worker-24,34.77%,33.3MiB / 512MiB,16MB / 26.4MB
1775422203,dds26-team9-order-worker-4,22.01%,34.2MiB / 512MiB,11.7MB / 15.3MB
1775422203,dds26-team9-orchestrator-worker-1,32.46%,33.27MiB / 512MiB,15.9MB / 26.2MB
1775422203,dds26-team9-orchestrator-worker-17,32.67%,35.41MiB / 512MiB,16MB / 26.4MB
1775422203,dds26-team9-orchestrator-worker-3,33.51%,35.2MiB / 512MiB,16MB / 26.3MB
1775422203,dds26-team9-orchestrator-worker-14,32.76%,35.38MiB / 512MiB,16MB / 26.4MB
1775422203,dds26-team9-orchestrator-worker-21,33.20%,35.77MiB / 512MiB,16MB / 26.3MB
1775422203,dds26-team9-order-web-25,27.99%,249.6MiB / 1GiB,9.73MB / 11.5MB
1775422203,dds26-team9-orchestrator-worker-7,33.21%,35.3MiB / 512MiB,15.9MB / 26.2MB
1775422203,dds26-team9-order-web-10,25.92%,249.7MiB / 1GiB,9.74MB / 11.5MB
1775422203,dds26-team9-orchestrator-worker-16,33.07%,35.42MiB / 512MiB,16.1MB / 26.4MB
1775422203,dds26-team9-orchestrator-worker-6,31.92%,35.24MiB / 512MiB,15.9MB / 26.2MB
1775422203,dds26-team9-orchestrator-worker-23,33.62%,33.46MiB / 512MiB,16MB / 26.3MB
1775422203,dds26-team9-orchestrator-worker-20,33.09%,35.56MiB / 512MiB,16.1MB / 26.5MB
1775422203,dds26-team9-order-worker-8,21.75%,34.05MiB / 512MiB,11.7MB / 15.2MB
1775422203,dds26-team9-orchestrator-worker-15,32.35%,35.44MiB / 512MiB,15.9MB / 26.2MB
1775422203,dds26-team9-orchestrator-worker-22,32.57%,33.27MiB / 512MiB,15.9MB / 26.3MB
1775422203,dds26-team9-orchestrator-worker-13,33.52%,35.23MiB / 512MiB,16MB / 26.3MB
1775422203,dds26-team9-orchestrator-worker-8,32.29%,35.52MiB / 512MiB,16MB / 26.4MB
1775422203,dds26-team9-orchestrator-worker-19,31.86%,33.5MiB / 512MiB,15.9MB / 26.3MB
1775422203,dds26-team9-orchestrator-worker-10,33.91%,33.75MiB / 512MiB,16MB / 26.4MB
1775422203,dds26-team9-orchestrator-worker-18,33.16%,35.48MiB / 512MiB,16MB / 26.3MB
1775422203,dds26-team9-orchestrator-worker-2,32.58%,33.46MiB / 512MiB,15.9MB / 26.3MB
1775422203,dds26-team9-orchestrator-worker-11,31.70%,33.54MiB / 512MiB,16MB / 26.4MB
1775422203,dds26-team9-orchestrator-worker-12,34.39%,35.51MiB / 512MiB,15.9MB / 26.2MB
1775422203,dds26-team9-orchestrator-worker-4,32.80%,35.46MiB / 512MiB,16MB / 26.4MB
1775422203,dds26-team9-orchestrator-worker-9,31.75%,33.51MiB / 512MiB,15.9MB / 26.2MB
1775422203,dds26-team9-stock-worker-7,26.16%,33.92MiB / 512MiB,12.3MB / 17.1MB
1775422203,dds26-team9-stock-web-1,0.46%,215.1MiB / 512MiB,21.7kB / 3.58kB
1775422203,dds26-team9-stock-worker-1,25.22%,35.32MiB / 512MiB,12.3MB / 17.2MB
1775422203,dds26-team9-stock-worker-3,25.73%,33.39MiB / 512MiB,12.1MB / 16.9MB
1775422203,dds26-team9-orchestrator-worker-5,33.05%,35.5MiB / 512MiB,16MB / 26.4MB
1775422203,dds26-team9-stock-worker-6,25.90%,35.43MiB / 512MiB,12.3MB / 17.1MB
1775422203,dds26-team9-stock-web-3,0.46%,212.5MiB / 512MiB,21.9kB / 4.66kB
1775422203,dds26-team9-stock-web-2,0.52%,212.4MiB / 512MiB,19.9kB / 4.12kB
1775422203,dds26-team9-stock-worker-2,26.21%,33.43MiB / 512MiB,12.2MB / 17MB
1775422203,dds26-team9-stock-worker-5,26.00%,35.65MiB / 512MiB,12.3MB / 17.1MB
1775422203,dds26-team9-stock-web-4,0.50%,225.7MiB / 512MiB,22.3kB / 3.7MB
1775422203,dds26-team9-stock-worker-8,26.99%,35.39MiB / 512MiB,12.4MB / 17.3MB
1775422203,dds26-team9-stock-worker-4,26.16%,35.7MiB / 512MiB,12.2MB / 17.1MB
1775422203,dds26-team9-user-worker-4,38.33%,35.76MiB / 512MiB,20.6MB / 27.4MB
1775422203,dds26-team9-user-web-2,0.48%,213.1MiB / 512MiB,21.9kB / 4.18kB
1775422203,dds26-team9-user-worker-2,38.29%,34.23MiB / 512MiB,20.9MB / 27.8MB
1775422203,dds26-team9-user-worker-3,36.94%,35.98MiB / 512MiB,20.7MB / 27.5MB
1775422203,dds26-team9-user-worker-1,37.15%,35.74MiB / 512MiB,20.9MB / 27.7MB
1775422203,dds26-team9-user-web-4,0.43%,212.2MiB / 512MiB,21.2kB / 4.72kB
1775422203,dds26-team9-user-web-3,0.51%,224.2MiB / 512MiB,21.8kB / 3.1MB
1775422203,dds26-team9-user-web-1,0.49%,211.4MiB / 512MiB,18.6kB / 4.66kB
1775422203,dds26-team9-redis-stock-1,7.41%,29.07MiB / 512MiB,19.2MB / 20.7MB
1775422203,dds26-team9-redis-payment-1,5.53%,28.82MiB / 512MiB,17.6MB / 19.3MB
1775422203,dds26-team9-redis-order-1,38.70%,31.07MiB / 512MiB,203MB / 213MB
1775422203,dds26-team9-redis-orchestrator-1,28.79%,35.36MiB / 512MiB,248MB / 164MB
1775422203,dds26-team9-redis-bus-1,166.65%,38.54MiB / 2GiB,792MB / 451MB
1775422206,dds26-team9-gateway-1,18.80%,103.3MiB / 354.3GiB,112MB / 101MB
1775422206,dds26-team9-order-worker-5,23.76%,34.28MiB / 512MiB,12.2MB / 16MB
1775422206,dds26-team9-order-worker-3,22.25%,34.25MiB / 512MiB,12.3MB / 16MB
1775422206,dds26-team9-order-web-14,29.26%,250.9MiB / 1GiB,10.4MB / 12.3MB
1775422206,dds26-team9-order-web-7,30.26%,252.3MiB / 1GiB,10.4MB / 12.3MB
1775422206,dds26-team9-order-web-15,30.49%,267.7MiB / 1GiB,10.2MB / 23.5MB
1775422206,dds26-team9-order-web-24,29.31%,249.9MiB / 1GiB,10.4MB / 12.2MB
1775422206,dds26-team9-order-worker-2,22.23%,35.99MiB / 512MiB,12.3MB / 16MB
1775422206,dds26-team9-order-worker-7,21.92%,35.98MiB / 512MiB,12.3MB / 16MB
1775422206,dds26-team9-order-web-1,28.31%,250.2MiB / 1GiB,10.4MB / 12.3MB
1775422206,dds26-team9-order-web-18,30.31%,253.7MiB / 1GiB,10.4MB / 12.2MB
1775422206,dds26-team9-order-web-13,32.42%,250.4MiB / 1GiB,10.4MB / 12.3MB
1775422206,dds26-team9-order-web-23,28.67%,252.1MiB / 1GiB,10.4MB / 12.2MB
1775422206,dds26-team9-order-worker-6,20.94%,35.99MiB / 512MiB,12.3MB / 16MB
1775422206,dds26-team9-order-web-17,29.44%,250.1MiB / 1GiB,10.4MB / 12.2MB
1775422206,dds26-team9-order-web-6,27.24%,250.2MiB / 1GiB,10.4MB / 12.2MB
1775422206,dds26-team9-order-web-8,29.46%,252.5MiB / 1GiB,10.4MB / 12.3MB
1775422206,dds26-team9-order-web-12,29.01%,250.3MiB / 1GiB,10.4MB / 12.2MB
1775422206,dds26-team9-order-web-5,29.61%,249.9MiB / 1GiB,10.4MB / 12.2MB
1775422206,dds26-team9-order-web-9,32.50%,250.4MiB / 1GiB,10.4MB / 12.2MB
1775422206,dds26-team9-order-web-11,37.66%,250.4MiB / 1GiB,10.4MB / 12.3MB
1775422206,dds26-team9-order-worker-1,22.35%,36.05MiB / 512MiB,12.2MB / 16MB
1775422206,dds26-team9-order-web-19,35.59%,250.2MiB / 1GiB,10.4MB / 12.3MB
1775422206,dds26-team9-order-web-16,34.77%,249.9MiB / 1GiB,10.4MB / 12.3MB
1775422206,dds26-team9-order-web-4,29.70%,256.8MiB / 1GiB,10.4MB / 12.2MB
1775422206,dds26-team9-order-web-22,30.14%,255.2MiB / 1GiB,10.4MB / 12.3MB
1775422206,dds26-team9-order-web-21,28.05%,251MiB / 1GiB,10.4MB / 12.3MB
1775422206,dds26-team9-orchestrator-worker-25,34.29%,37.43MiB / 512MiB,16.8MB / 27.7MB
1775422206,dds26-team9-order-web-3,29.83%,249.7MiB / 1GiB,10.4MB / 12.3MB
1775422206,dds26-team9-order-web-20,29.73%,249.5MiB / 1GiB,10.4MB / 12.3MB
1775422206,dds26-team9-order-web-2,27.34%,249.9MiB / 1GiB,10.4MB / 12.3MB
1775422206,dds26-team9-orchestrator-worker-24,35.49%,33.3MiB / 512MiB,16.9MB / 27.8MB
1775422206,dds26-team9-order-worker-4,23.62%,34.29MiB / 512MiB,12.3MB / 16MB
1775422206,dds26-team9-orchestrator-worker-1,35.20%,33.5MiB / 512MiB,16.7MB / 27.6MB
1775422206,dds26-team9-orchestrator-worker-17,33.57%,35.26MiB / 512MiB,16.8MB / 27.8MB
1775422206,dds26-team9-orchestrator-worker-3,35.08%,35.21MiB / 512MiB,16.8MB / 27.7MB
1775422206,dds26-team9-orchestrator-worker-14,36.10%,35.51MiB / 512MiB,16.9MB / 27.8MB
1775422206,dds26-team9-orchestrator-worker-21,35.19%,35.29MiB / 512MiB,16.8MB / 27.7MB
1775422206,dds26-team9-order-web-25,29.28%,250MiB / 1GiB,10.4MB / 12.2MB
1775422206,dds26-team9-orchestrator-worker-7,36.39%,35.31MiB / 512MiB,16.7MB / 27.6MB
1775422206,dds26-team9-order-web-10,28.24%,250.5MiB / 1GiB,10.4MB / 12.3MB
1775422206,dds26-team9-orchestrator-worker-16,34.87%,35.36MiB / 512MiB,16.9MB / 27.8MB
1775422206,dds26-team9-orchestrator-worker-6,35.77%,35.25MiB / 512MiB,16.7MB / 27.6MB
1775422206,dds26-team9-orchestrator-worker-23,36.28%,33.52MiB / 512MiB,16.8MB / 27.7MB
1775422206,dds26-team9-orchestrator-worker-20,34.90%,35.48MiB / 512MiB,16.9MB / 27.9MB
1775422206,dds26-team9-order-worker-8,23.75%,34.05MiB / 512MiB,12.2MB / 16MB
1775422206,dds26-team9-orchestrator-worker-15,36.24%,35.3MiB / 512MiB,16.7MB / 27.6MB
1775422206,dds26-team9-orchestrator-worker-22,34.86%,33.39MiB / 512MiB,16.7MB / 27.7MB
1775422206,dds26-team9-orchestrator-worker-13,37.64%,35.48MiB / 512MiB,16.8MB / 27.7MB
1775422206,dds26-team9-orchestrator-worker-8,35.27%,35.55MiB / 512MiB,16.9MB / 27.8MB
1775422206,dds26-team9-orchestrator-worker-19,35.35%,33.5MiB / 512MiB,16.8MB / 27.7MB
1775422206,dds26-team9-orchestrator-worker-10,35.15%,33.28MiB / 512MiB,16.8MB / 27.8MB
1775422206,dds26-team9-orchestrator-worker-18,35.14%,35.57MiB / 512MiB,16.8MB / 27.7MB
1775422206,dds26-team9-orchestrator-worker-2,35.36%,33.28MiB / 512MiB,16.8MB / 27.7MB
1775422206,dds26-team9-orchestrator-worker-11,35.21%,33.51MiB / 512MiB,16.8MB / 27.8MB
1775422206,dds26-team9-orchestrator-worker-12,35.08%,35.51MiB / 512MiB,16.8MB / 27.6MB
1775422206,dds26-team9-orchestrator-worker-4,34.62%,35.24MiB / 512MiB,16.8MB / 27.7MB
1775422206,dds26-team9-orchestrator-worker-9,33.68%,33.45MiB / 512MiB,16.7MB / 27.6MB
1775422206,dds26-team9-stock-worker-7,28.84%,33.67MiB / 512MiB,12.9MB / 18MB
1775422206,dds26-team9-stock-web-1,0.47%,217.2MiB / 512MiB,21.7kB / 3.58kB
1775422206,dds26-team9-stock-worker-1,27.41%,35.57MiB / 512MiB,12.9MB / 18.1MB
1775422206,dds26-team9-stock-worker-3,29.96%,33.4MiB / 512MiB,12.8MB / 17.8MB
1775422206,dds26-team9-orchestrator-worker-5,34.08%,35.52MiB / 512MiB,16.9MB / 27.7MB
1775422206,dds26-team9-stock-worker-6,28.32%,35.85MiB / 512MiB,12.9MB / 18MB
1775422206,dds26-team9-stock-web-3,0.50%,212.5MiB / 512MiB,21.9kB / 4.66kB
1775422206,dds26-team9-stock-web-2,0.58%,212.4MiB / 512MiB,19.9kB / 4.12kB
1775422206,dds26-team9-stock-worker-2,28.61%,33.64MiB / 512MiB,12.8MB / 17.8MB
1775422206,dds26-team9-stock-worker-5,27.54%,35.41MiB / 512MiB,12.9MB / 18.1MB
1775422206,dds26-team9-stock-web-4,0.51%,225.7MiB / 512MiB,22.3kB / 3.7MB
1775422206,dds26-team9-stock-worker-8,27.37%,35.39MiB / 512MiB,13.1MB / 18.2MB
1775422206,dds26-team9-stock-worker-4,28.54%,35.94MiB / 512MiB,12.9MB / 17.9MB
1775422206,dds26-team9-user-worker-4,40.18%,36MiB / 512MiB,21.7MB / 28.8MB
1775422206,dds26-team9-user-web-2,0.52%,213.1MiB / 512MiB,21.9kB / 4.18kB
1775422206,dds26-team9-user-worker-2,39.42%,34MiB / 512MiB,22MB / 29.2MB
1775422206,dds26-team9-user-worker-3,37.64%,35.82MiB / 512MiB,21.8MB / 28.9MB
1775422206,dds26-team9-user-worker-1,39.00%,35.77MiB / 512MiB,21.9MB / 29.1MB
1775422206,dds26-team9-user-web-4,0.47%,212.2MiB / 512MiB,21.2kB / 4.72kB
1775422206,dds26-team9-user-web-3,0.54%,224.2MiB / 512MiB,21.9kB / 3.1MB
1775422206,dds26-team9-user-web-1,0.49%,211.4MiB / 512MiB,18.6kB / 4.66kB
1775422206,dds26-team9-redis-stock-1,5.66%,29.04MiB / 512MiB,20.1MB / 21.8MB
1775422206,dds26-team9-redis-payment-1,5.30%,28.82MiB / 512MiB,18.4MB / 20.3MB
1775422206,dds26-team9-redis-order-1,40.13%,31.51MiB / 512MiB,215MB / 229MB
1775422206,dds26-team9-redis-orchestrator-1,30.93%,35.52MiB / 512MiB,261MB / 172MB
1775422206,dds26-team9-redis-bus-1,171.25%,42.03MiB / 2GiB,832MB / 474MB
1775422210,dds26-team9-gateway-1,21.55%,109.1MiB / 354.3GiB,118MB / 106MB
1775422210,dds26-team9-order-worker-5,22.97%,34.08MiB / 512MiB,12.8MB / 16.7MB
1775422210,dds26-team9-order-worker-3,22.53%,34.01MiB / 512MiB,12.8MB / 16.8MB
1775422210,dds26-team9-order-web-14,38.29%,251.2MiB / 1GiB,11.1MB / 13MB
1775422210,dds26-team9-order-web-7,40.38%,252.6MiB / 1GiB,11.1MB / 13MB
1775422210,dds26-team9-order-web-15,32.41%,268.5MiB / 1GiB,11.1MB / 24.4MB
1775422210,dds26-team9-order-web-24,32.66%,250.2MiB / 1GiB,11.1MB / 12.9MB
1775422210,dds26-team9-order-worker-2,22.45%,35.99MiB / 512MiB,12.8MB / 16.8MB
1775422210,dds26-team9-order-worker-7,21.16%,36.2MiB / 512MiB,12.9MB / 16.8MB
1775422210,dds26-team9-order-web-1,31.60%,250.7MiB / 1GiB,11.1MB / 13MB
1775422210,dds26-team9-order-web-18,32.41%,254.2MiB / 1GiB,11.1MB / 12.9MB
1775422210,dds26-team9-order-web-13,33.71%,250.5MiB / 1GiB,11.1MB / 13MB
1775422210,dds26-team9-order-web-23,34.00%,252.5MiB / 1GiB,11.1MB / 13MB
1775422210,dds26-team9-order-worker-6,22.64%,35.99MiB / 512MiB,12.8MB / 16.8MB
1775422210,dds26-team9-order-web-17,32.72%,250.8MiB / 1GiB,11.1MB / 13MB
1775422210,dds26-team9-order-web-6,31.15%,250.9MiB / 1GiB,11.1MB / 12.9MB
1775422210,dds26-team9-order-web-8,33.11%,253.2MiB / 1GiB,11.1MB / 13MB
1775422210,dds26-team9-order-web-12,33.01%,250.9MiB / 1GiB,11.1MB / 12.9MB
1775422210,dds26-team9-order-web-5,31.53%,250.4MiB / 1GiB,11.1MB / 12.9MB
1775422210,dds26-team9-order-web-9,36.84%,250.9MiB / 1GiB,11.1MB / 13MB
1775422210,dds26-team9-order-web-11,30.52%,250.8MiB / 1GiB,11.1MB / 13MB
1775422210,dds26-team9-order-worker-1,22.54%,35.98MiB / 512MiB,12.8MB / 16.7MB
1775422210,dds26-team9-order-web-19,31.66%,250.8MiB / 1GiB,11.1MB / 13MB
1775422210,dds26-team9-order-web-16,32.21%,250.6MiB / 1GiB,11.1MB / 13MB
1775422210,dds26-team9-order-web-4,32.35%,254.9MiB / 1GiB,11.1MB / 12.9MB
1775422210,dds26-team9-order-web-22,31.84%,255.3MiB / 1GiB,11.1MB / 13MB
1775422210,dds26-team9-order-web-21,31.21%,251.1MiB / 1GiB,11.1MB / 13MB
1775422210,dds26-team9-orchestrator-worker-25,36.99%,37.25MiB / 512MiB,17.6MB / 29.1MB
1775422210,dds26-team9-order-web-3,31.91%,250.6MiB / 1GiB,11.1MB / 12.9MB
1775422210,dds26-team9-order-web-20,33.76%,249.9MiB / 1GiB,11.1MB / 12.9MB
1775422210,dds26-team9-order-web-2,29.47%,250.6MiB / 1GiB,11.1MB / 13MB
1775422210,dds26-team9-orchestrator-worker-24,36.79%,33.55MiB / 512MiB,17.7MB / 29.1MB
1775422210,dds26-team9-order-worker-4,22.45%,34.05MiB / 512MiB,12.8MB / 16.8MB
1775422210,dds26-team9-orchestrator-worker-1,37.38%,33.28MiB / 512MiB,17.5MB / 29MB
1775422210,dds26-team9-orchestrator-worker-17,33.40%,35.26MiB / 512MiB,17.4MB / 28.6MB
1775422210,dds26-team9-orchestrator-worker-3,36.06%,35.45MiB / 512MiB,17.7MB / 29.1MB
1775422210,dds26-team9-orchestrator-worker-14,35.99%,35.52MiB / 512MiB,17.7MB / 29.1MB
1775422210,dds26-team9-orchestrator-worker-21,38.05%,35.49MiB / 512MiB,17.7MB / 29.1MB
1775422210,dds26-team9-order-web-25,34.55%,250.7MiB / 1GiB,11.1MB / 13MB
1775422210,dds26-team9-orchestrator-worker-7,36.75%,35.44MiB / 512MiB,17.5MB / 28.9MB
1775422210,dds26-team9-order-web-10,37.36%,251.2MiB / 1GiB,11.1MB / 13MB
1775422210,dds26-team9-orchestrator-worker-16,36.81%,35.43MiB / 512MiB,17.7MB / 29.2MB
1775422210,dds26-team9-orchestrator-worker-6,37.89%,35.45MiB / 512MiB,17.5MB / 28.9MB
1775422210,dds26-team9-orchestrator-worker-23,37.00%,33.32MiB / 512MiB,17.6MB / 29MB
1775422210,dds26-team9-orchestrator-worker-20,38.57%,35.82MiB / 512MiB,17.7MB / 29.2MB
1775422210,dds26-team9-order-worker-8,22.15%,34.05MiB / 512MiB,12.8MB / 16.7MB
1775422210,dds26-team9-orchestrator-worker-15,37.04%,35.32MiB / 512MiB,17.6MB / 29MB
1775422210,dds26-team9-orchestrator-worker-22,36.68%,33.43MiB / 512MiB,17.6MB / 29MB
1775422210,dds26-team9-orchestrator-worker-13,37.91%,35.68MiB / 512MiB,17.6MB / 29MB
1775422210,dds26-team9-orchestrator-worker-8,37.77%,35.57MiB / 512MiB,17.7MB / 29.2MB
1775422210,dds26-team9-orchestrator-worker-19,38.48%,33.27MiB / 512MiB,17.6MB / 29MB
1775422210,dds26-team9-orchestrator-worker-10,37.29%,33.29MiB / 512MiB,17.6MB / 29.1MB
1775422210,dds26-team9-orchestrator-worker-18,36.93%,35.56MiB / 512MiB,17.7MB / 29.1MB
1775422210,dds26-team9-orchestrator-worker-2,37.39%,33.29MiB / 512MiB,17.6MB / 29MB
1775422210,dds26-team9-orchestrator-worker-11,37.28%,33.56MiB / 512MiB,17.6MB / 29.1MB
1775422210,dds26-team9-orchestrator-worker-12,36.51%,35.28MiB / 512MiB,17.5MB / 28.9MB
1775422210,dds26-team9-orchestrator-worker-4,37.60%,35.49MiB / 512MiB,17.6MB / 29.1MB
1775422210,dds26-team9-orchestrator-worker-9,35.85%,33.52MiB / 512MiB,17.5MB / 29MB
1775422210,dds26-team9-stock-worker-7,29.67%,33.67MiB / 512MiB,13.5MB / 18.9MB
1775422210,dds26-team9-stock-web-1,7.08%,217.2MiB / 512MiB,21.8kB / 3.73kB
1775422210,dds26-team9-stock-worker-1,27.90%,35.59MiB / 512MiB,13.6MB / 18.9MB
1775422210,dds26-team9-stock-worker-3,29.41%,33.63MiB / 512MiB,13.4MB / 18.7MB
1775422210,dds26-team9-orchestrator-worker-5,36.44%,35.51MiB / 512MiB,17.7MB / 29.1MB
1775422210,dds26-team9-stock-worker-6,29.09%,35.88MiB / 512MiB,13.5MB / 18.9MB
1775422210,dds26-team9-stock-web-3,7.62%,212.5MiB / 512MiB,22kB / 4.8kB
1775422210,dds26-team9-stock-web-2,0.58%,212.4MiB / 512MiB,19.9kB / 4.12kB
1775422210,dds26-team9-stock-worker-2,30.63%,33.43MiB / 512MiB,13.4MB / 18.7MB
1775422210,dds26-team9-stock-worker-5,29.10%,35.65MiB / 512MiB,13.6MB / 18.9MB
1775422210,dds26-team9-stock-web-4,0.55%,225.7MiB / 512MiB,22.4kB / 3.7MB
1775422210,dds26-team9-stock-worker-8,28.74%,35.64MiB / 512MiB,13.7MB / 19.1MB
1775422210,dds26-team9-stock-worker-4,30.49%,35.69MiB / 512MiB,13.5MB / 18.8MB
1775422210,dds26-team9-user-worker-4,40.64%,36MiB / 512MiB,22.7MB / 30.2MB
1775422210,dds26-team9-user-web-2,8.44%,213.1MiB / 512MiB,22kB / 4.33kB
1775422210,dds26-team9-user-worker-2,38.86%,33.76MiB / 512MiB,23MB / 30.6MB
1775422210,dds26-team9-user-worker-3,37.58%,35.58MiB / 512MiB,22.8MB / 30.3MB
1775422210,dds26-team9-user-worker-1,39.05%,36.02MiB / 512MiB,23MB / 30.5MB
1775422210,dds26-team9-user-web-4,0.53%,212.2MiB / 512MiB,21.2kB / 4.72kB
1775422210,dds26-team9-user-web-3,0.56%,224.2MiB / 512MiB,21.9kB / 3.1MB
1775422210,dds26-team9-user-web-1,0.51%,211.4MiB / 512MiB,18.6kB / 4.66kB
1775422210,dds26-team9-redis-stock-1,8.66%,29.03MiB / 512MiB,20.9MB / 22.9MB
1775422210,dds26-team9-redis-payment-1,7.16%,28.79MiB / 512MiB,19.2MB / 21.4MB
1775422210,dds26-team9-redis-order-1,44.42%,32.01MiB / 512MiB,227MB / 244MB
1775422210,dds26-team9-redis-orchestrator-1,34.41%,35.51MiB / 512MiB,274MB / 181MB
1775422210,dds26-team9-redis-bus-1,175.97%,39.34MiB / 2GiB,872MB / 497MB
1775422213,dds26-team9-gateway-1,18.98%,110.9MiB / 354.3GiB,122MB / 110MB
1775422213,dds26-team9-order-worker-5,23.31%,34.3MiB / 512MiB,13.4MB / 17.5MB
1775422213,dds26-team9-order-worker-3,23.56%,34.22MiB / 512MiB,13.4MB / 17.5MB
1775422213,dds26-team9-order-web-14,30.60%,251.5MiB / 1GiB,11.8MB / 13.7MB
1775422213,dds26-team9-order-web-7,31.55%,253.3MiB / 1GiB,11.8MB / 13.7MB
1775422213,dds26-team9-order-web-15,29.48%,268.7MiB / 1GiB,11.8MB / 25.1MB
1775422213,dds26-team9-order-web-24,29.89%,250.4MiB / 1GiB,11.8MB / 13.6MB
1775422213,dds26-team9-order-worker-2,21.72%,35.99MiB / 512MiB,13.4MB / 17.5MB
1775422213,dds26-team9-order-worker-7,21.62%,35.98MiB / 512MiB,13.4MB / 17.5MB
1775422213,dds26-team9-order-web-1,38.22%,251MiB / 1GiB,11.8MB / 13.7MB
1775422213,dds26-team9-order-web-18,38.35%,254.8MiB / 1GiB,11.8MB / 13.6MB
1775422213,dds26-team9-order-web-13,28.52%,250.8MiB / 1GiB,11.8MB / 13.7MB
1775422213,dds26-team9-order-web-23,30.24%,252.9MiB / 1GiB,11.8MB / 13.7MB
1775422213,dds26-team9-order-worker-6,22.83%,35.99MiB / 512MiB,13.4MB / 17.5MB
1775422213,dds26-team9-order-web-17,31.12%,251.1MiB / 1GiB,11.8MB / 13.7MB
1775422213,dds26-team9-order-web-6,29.45%,251.1MiB / 1GiB,11.8MB / 13.6MB
1775422213,dds26-team9-order-web-8,29.90%,253.5MiB / 1GiB,11.8MB / 13.7MB
1775422213,dds26-team9-order-web-12,29.33%,251MiB / 1GiB,11.8MB / 13.6MB
1775422213,dds26-team9-order-web-5,30.00%,250.8MiB / 1GiB,11.8MB / 13.6MB
1775422213,dds26-team9-order-web-9,30.74%,251.7MiB / 1GiB,11.8MB / 13.6MB
1775422213,dds26-team9-order-web-11,27.39%,251.3MiB / 1GiB,11.8MB / 13.7MB
1775422213,dds26-team9-order-worker-1,22.37%,36.21MiB / 512MiB,13.4MB / 17.5MB
1775422213,dds26-team9-order-web-19,31.60%,250.9MiB / 1GiB,11.8MB / 13.7MB
1775422213,dds26-team9-order-web-16,29.15%,251MiB / 1GiB,11.8MB / 13.7MB
1775422213,dds26-team9-order-web-4,29.94%,259.8MiB / 1GiB,11.8MB / 13.6MB
1775422213,dds26-team9-order-web-22,28.02%,255.5MiB / 1GiB,11.8MB / 13.7MB
1775422213,dds26-team9-order-web-21,28.89%,251.2MiB / 1GiB,11.8MB / 13.7MB
1775422213,dds26-team9-orchestrator-worker-25,33.47%,37.25MiB / 512MiB,18.4MB / 30.4MB
1775422213,dds26-team9-order-web-3,33.63%,250.8MiB / 1GiB,11.8MB / 13.7MB
1775422213,dds26-team9-order-web-20,31.39%,250.2MiB / 1GiB,11.8MB / 13.7MB
1775422213,dds26-team9-order-web-2,28.58%,250.8MiB / 1GiB,11.8MB / 13.7MB
1775422213,dds26-team9-orchestrator-worker-24,34.61%,33.53MiB / 512MiB,18.5MB / 30.5MB
1775422213,dds26-team9-order-worker-4,23.33%,34.3MiB / 512MiB,13.4MB / 17.5MB
1775422213,dds26-team9-orchestrator-worker-1,35.00%,33.53MiB / 512MiB,18.3MB / 30.2MB
1775422213,dds26-team9-orchestrator-worker-17,32.12%,35.45MiB / 512MiB,18.4MB / 30.4MB
1775422213,dds26-team9-orchestrator-worker-3,35.27%,35.68MiB / 512MiB,18.5MB / 30.4MB
1775422213,dds26-team9-orchestrator-worker-14,34.62%,35.5MiB / 512MiB,18.5MB / 30.4MB
1775422213,dds26-team9-orchestrator-worker-21,35.55%,35.54MiB / 512MiB,18.5MB / 30.4MB
1775422213,dds26-team9-order-web-25,32.13%,251.7MiB / 1GiB,11.8MB / 13.7MB
1775422213,dds26-team9-orchestrator-worker-7,35.46%,35.74MiB / 512MiB,18.4MB / 30.3MB
1775422213,dds26-team9-order-web-10,27.25%,251.4MiB / 1GiB,11.8MB / 13.7MB
1775422213,dds26-team9-orchestrator-worker-16,34.32%,35.45MiB / 512MiB,18.6MB / 30.5MB
1775422213,dds26-team9-orchestrator-worker-6,35.17%,35.5MiB / 512MiB,18.4MB / 30.3MB
1775422213,dds26-team9-orchestrator-worker-23,33.27%,33.32MiB / 512MiB,18.4MB / 30.4MB
1775422213,dds26-team9-orchestrator-worker-20,32.76%,35.49MiB / 512MiB,18.5MB / 30.6MB
1775422213,dds26-team9-order-worker-8,22.95%,34.05MiB / 512MiB,13.4MB / 17.5MB
1775422213,dds26-team9-orchestrator-worker-15,32.25%,35.57MiB / 512MiB,18.4MB / 30.3MB
1775422213,dds26-team9-orchestrator-worker-22,34.17%,33.29MiB / 512MiB,18.4MB / 30.4MB
1775422213,dds26-team9-orchestrator-worker-13,33.78%,35.5MiB / 512MiB,18.5MB / 30.4MB
1775422213,dds26-team9-orchestrator-worker-8,33.00%,35.32MiB / 512MiB,18.5MB / 30.5MB
1775422213,dds26-team9-orchestrator-worker-19,32.87%,33.27MiB / 512MiB,18.4MB / 30.4MB
1775422213,dds26-team9-orchestrator-worker-10,33.78%,33.29MiB / 512MiB,18.5MB / 30.5MB
1775422213,dds26-team9-orchestrator-worker-18,33.09%,35.56MiB / 512MiB,18.5MB / 30.4MB
1775422213,dds26-team9-orchestrator-worker-2,35.32%,33.29MiB / 512MiB,18.4MB / 30.4MB
1775422213,dds26-team9-orchestrator-worker-11,34.87%,33.77MiB / 512MiB,18.5MB / 30.5MB
1775422213,dds26-team9-orchestrator-worker-12,34.80%,35.29MiB / 512MiB,18.4MB / 30.3MB
1775422213,dds26-team9-orchestrator-worker-4,32.54%,35.5MiB / 512MiB,18.4MB / 30.4MB
1775422213,dds26-team9-orchestrator-worker-9,34.05%,33.53MiB / 512MiB,18.4MB / 30.3MB
1775422213,dds26-team9-stock-worker-7,25.91%,33.67MiB / 512MiB,14.2MB / 19.8MB
1775422213,dds26-team9-stock-web-1,0.50%,217.2MiB / 512MiB,21.8kB / 3.73kB
1775422213,dds26-team9-stock-worker-1,27.16%,35.34MiB / 512MiB,14.2MB / 19.8MB
1775422213,dds26-team9-stock-worker-3,28.28%,33.41MiB / 512MiB,14MB / 19.6MB
1775422213,dds26-team9-orchestrator-worker-5,34.40%,35.5MiB / 512MiB,18.5MB / 30.5MB
1775422213,dds26-team9-stock-worker-6,26.62%,35.92MiB / 512MiB,14.2MB / 19.8MB
1775422213,dds26-team9-stock-web-3,0.53%,212.5MiB / 512MiB,22kB / 4.8kB
1775422213,dds26-team9-stock-web-2,0.58%,212.4MiB / 512MiB,19.9kB / 4.26kB
1775422213,dds26-team9-stock-worker-2,27.70%,33.67MiB / 512MiB,14MB / 19.6MB
1775422213,dds26-team9-stock-worker-5,25.89%,35.66MiB / 512MiB,14.2MB / 19.8MB
1775422213,dds26-team9-stock-web-4,0.54%,225.7MiB / 512MiB,22.4kB / 3.7MB
1775422213,dds26-team9-stock-worker-8,28.60%,35.64MiB / 512MiB,14.3MB / 20MB
1775422213,dds26-team9-stock-worker-4,28.05%,35.44MiB / 512MiB,14.1MB / 19.7MB
1775422213,dds26-team9-user-worker-4,41.48%,35.54MiB / 512MiB,23.8MB / 31.6MB
1775422213,dds26-team9-user-web-2,0.58%,213.1MiB / 512MiB,22kB / 4.33kB
1775422213,dds26-team9-user-worker-2,39.44%,33.8MiB / 512MiB,24.1MB / 32MB
1775422213,dds26-team9-user-worker-3,39.45%,35.57MiB / 512MiB,23.9MB / 31.6MB
1775422213,dds26-team9-user-worker-1,39.71%,35.74MiB / 512MiB,24MB / 31.9MB
1775422213,dds26-team9-user-web-4,0.49%,212.2MiB / 512MiB,21.2kB / 4.87kB
1775422213,dds26-team9-user-web-3,0.54%,224.2MiB / 512MiB,21.9kB / 3.1MB
1775422213,dds26-team9-user-web-1,0.50%,211.4MiB / 512MiB,18.7kB / 4.8kB
1775422213,dds26-team9-redis-stock-1,5.62%,28.97MiB / 512MiB,21.7MB / 24MB
1775422213,dds26-team9-redis-payment-1,5.31%,28.8MiB / 512MiB,19.9MB / 22.4MB
1775422213,dds26-team9-redis-order-1,41.68%,32.01MiB / 512MiB,240MB / 260MB
1775422213,dds26-team9-redis-orchestrator-1,29.59%,35.45MiB / 512MiB,287MB / 190MB
1775422213,dds26-team9-redis-bus-1,171.58%,39.56MiB / 2GiB,912MB / 519MB
1775422217,dds26-team9-gateway-1,24.10%,115.1MiB / 354.3GiB,132MB / 119MB
1775422217,dds26-team9-order-worker-5,23.35%,34.08MiB / 512MiB,14MB / 18.2MB
1775422217,dds26-team9-order-worker-3,23.52%,34.01MiB / 512MiB,14MB / 18.3MB
1775422217,dds26-team9-order-web-14,31.48%,251.9MiB / 1GiB,12.5MB / 14.4MB
1775422217,dds26-team9-order-web-7,30.66%,253.6MiB / 1GiB,12.5MB / 14.4MB
1775422217,dds26-team9-order-web-15,30.56%,268.9MiB / 1GiB,12.5MB / 25.9MB
1775422217,dds26-team9-order-web-24,30.54%,251MiB / 1GiB,12.5MB / 14.4MB
1775422217,dds26-team9-order-worker-2,22.31%,35.99MiB / 512MiB,14MB / 18.3MB
1775422217,dds26-team9-order-worker-7,21.44%,36.14MiB / 512MiB,14MB / 18.3MB
1775422217,dds26-team9-order-web-1,30.34%,251.6MiB / 1GiB,12.5MB / 14.4MB
1775422217,dds26-team9-order-web-18,31.18%,255MiB / 1GiB,12.5MB / 14.4MB
1775422217,dds26-team9-order-web-13,31.06%,251.3MiB / 1GiB,12.5MB / 14.4MB
1775422217,dds26-team9-order-web-23,29.41%,253.4MiB / 1GiB,12.5MB / 14.4MB
1775422217,dds26-team9-order-worker-6,21.79%,36.23MiB / 512MiB,14MB / 18.3MB
1775422217,dds26-team9-order-web-17,30.31%,251.7MiB / 1GiB,12.5MB / 14.4MB
1775422217,dds26-team9-order-web-6,28.09%,251.2MiB / 1GiB,12.5MB / 14.4MB
1775422217,dds26-team9-order-web-8,30.89%,254.2MiB / 1GiB,12.5MB / 14.5MB
1775422217,dds26-team9-order-web-12,30.50%,251.4MiB / 1GiB,12.5MB / 14.4MB
1775422217,dds26-team9-order-web-5,32.31%,251.4MiB / 1GiB,12.5MB / 14.3MB
1775422217,dds26-team9-order-web-9,43.80%,252.7MiB / 1GiB,12.5MB / 14.4MB
1775422217,dds26-team9-order-web-11,35.68%,251.6MiB / 1GiB,12.5MB / 14.5MB
1775422217,dds26-team9-order-worker-1,23.54%,36.02MiB / 512MiB,13.9MB / 18.2MB
1775422217,dds26-team9-order-web-19,38.34%,253.5MiB / 1GiB,12.5MB / 14.4MB
1775422217,dds26-team9-order-web-16,37.00%,251.7MiB / 1GiB,12.5MB / 14.4MB
1775422217,dds26-team9-order-web-4,29.42%,259.9MiB / 1GiB,12.5MB / 14.4MB
1775422217,dds26-team9-order-web-22,30.67%,255.9MiB / 1GiB,12.5MB / 14.4MB
1775422217,dds26-team9-order-web-21,30.35%,251.4MiB / 1GiB,12.5MB / 14.4MB
1775422217,dds26-team9-orchestrator-worker-25,35.36%,37.25MiB / 512MiB,19.3MB / 31.8MB
1775422217,dds26-team9-order-web-3,28.84%,251MiB / 1GiB,12.5MB / 14.4MB
1775422217,dds26-team9-order-web-20,30.85%,250.6MiB / 1GiB,12.5MB / 14.4MB
1775422217,dds26-team9-order-web-2,29.65%,251.3MiB / 1GiB,12.5MB / 14.4MB
1775422217,dds26-team9-orchestrator-worker-24,36.29%,33.4MiB / 512MiB,19.3MB / 31.9MB
1775422217,dds26-team9-order-worker-4,23.18%,34.05MiB / 512MiB,14MB / 18.3MB
1775422217,dds26-team9-orchestrator-worker-1,35.18%,33.4MiB / 512MiB,19.2MB / 31.7MB
1775422217,dds26-team9-orchestrator-worker-17,34.21%,35.4MiB / 512MiB,19.3MB / 31.8MB
1775422217,dds26-team9-orchestrator-worker-3,34.72%,35.23MiB / 512MiB,19.3MB / 31.8MB
1775422217,dds26-team9-orchestrator-worker-14,36.00%,35.42MiB / 512MiB,19.3MB / 31.9MB
1775422217,dds26-team9-orchestrator-worker-21,34.86%,35.51MiB / 512MiB,19.3MB / 31.8MB
1775422217,dds26-team9-order-web-25,33.45%,251.6MiB / 1GiB,12.5MB / 14.4MB
1775422217,dds26-team9-orchestrator-worker-7,35.96%,35.55MiB / 512MiB,19.2MB / 31.6MB
1775422217,dds26-team9-order-web-10,30.16%,251.6MiB / 1GiB,12.5MB / 14.4MB
1775422217,dds26-team9-orchestrator-worker-16,35.43%,35.46MiB / 512MiB,19.4MB / 31.9MB
1775422217,dds26-team9-orchestrator-worker-6,36.90%,35.46MiB / 512MiB,19.2MB / 31.7MB
1775422217,dds26-team9-orchestrator-worker-23,34.91%,33.55MiB / 512MiB,19.3MB / 31.8MB
1775422217,dds26-team9-orchestrator-worker-20,34.08%,35.57MiB / 512MiB,19.4MB / 32MB
1775422217,dds26-team9-order-worker-8,22.22%,34.38MiB / 512MiB,14MB / 18.2MB
1775422217,dds26-team9-orchestrator-worker-15,35.20%,35.56MiB / 512MiB,19.2MB / 31.7MB
1775422217,dds26-team9-orchestrator-worker-22,36.77%,33.52MiB / 512MiB,19.2MB / 31.8MB
1775422217,dds26-team9-orchestrator-worker-13,35.52%,35.5MiB / 512MiB,19.3MB / 31.8MB
1775422217,dds26-team9-orchestrator-worker-8,33.90%,35.32MiB / 512MiB,19.4MB / 31.9MB
1775422217,dds26-team9-orchestrator-worker-19,34.48%,33.37MiB / 512MiB,19.2MB / 31.8MB
1775422217,dds26-team9-orchestrator-worker-10,35.18%,33.51MiB / 512MiB,19.3MB / 31.9MB
1775422217,dds26-team9-orchestrator-worker-18,34.33%,35.33MiB / 512MiB,19.3MB / 31.8MB
1775422217,dds26-team9-orchestrator-worker-2,35.29%,33.45MiB / 512MiB,19.3MB / 31.8MB
1775422217,dds26-team9-orchestrator-worker-11,35.67%,33.31MiB / 512MiB,19.3MB / 31.9MB
1775422217,dds26-team9-orchestrator-worker-12,34.59%,35.4MiB / 512MiB,19.2MB / 31.7MB
1775422217,dds26-team9-orchestrator-worker-4,34.89%,35.51MiB / 512MiB,19.3MB / 31.8MB
1775422217,dds26-team9-orchestrator-worker-9,34.51%,33.53MiB / 512MiB,19.2MB / 31.7MB
1775422217,dds26-team9-stock-worker-7,27.88%,33.45MiB / 512MiB,14.8MB / 20.7MB
1775422217,dds26-team9-stock-web-1,0.55%,217.6MiB / 512MiB,21.8kB / 3.73kB
1775422217,dds26-team9-stock-worker-1,27.69%,35.37MiB / 512MiB,14.9MB / 20.7MB
1775422217,dds26-team9-stock-worker-3,31.12%,33.89MiB / 512MiB,14.6MB / 20.5MB
1775422217,dds26-team9-orchestrator-worker-5,34.60%,35.45MiB / 512MiB,19.3MB / 31.8MB
1775422217,dds26-team9-stock-worker-6,26.26%,35.43MiB / 512MiB,14.8MB / 20.7MB
1775422217,dds26-team9-stock-web-3,0.55%,212.5MiB / 512MiB,22kB / 4.8kB
1775422217,dds26-team9-stock-web-2,0.63%,212.4MiB / 512MiB,20kB / 4.26kB
1775422217,dds26-team9-stock-worker-2,30.37%,33.57MiB / 512MiB,14.7MB / 20.5MB
1775422217,dds26-team9-stock-worker-5,28.10%,35.42MiB / 512MiB,14.8MB / 20.7MB
1775422217,dds26-team9-stock-web-4,0.58%,225.7MiB / 512MiB,22.4kB / 3.7MB
1775422217,dds26-team9-stock-worker-8,27.76%,35.39MiB / 512MiB,15MB / 20.9MB
1775422217,dds26-team9-stock-worker-4,27.88%,35.7MiB / 512MiB,14.8MB / 20.6MB
1775422217,dds26-team9-user-worker-4,40.73%,35.92MiB / 512MiB,24.9MB / 33MB
1775422217,dds26-team9-user-web-2,0.56%,213.1MiB / 512MiB,22.1kB / 4.33kB
1775422217,dds26-team9-user-worker-2,40.02%,33.82MiB / 512MiB,25.2MB / 33.4MB
1775422217,dds26-team9-user-worker-3,39.18%,35.82MiB / 512MiB,25MB / 33.1MB
1775422217,dds26-team9-user-worker-1,38.89%,35.79MiB / 512MiB,25.1MB / 33.3MB
1775422217,dds26-team9-user-web-4,0.52%,212.2MiB / 512MiB,21.3kB / 4.87kB
1775422217,dds26-team9-user-web-3,0.54%,224.2MiB / 512MiB,21.9kB / 3.1MB
1775422217,dds26-team9-user-web-1,0.54%,211.4MiB / 512MiB,18.7kB / 4.8kB
1775422217,dds26-team9-redis-stock-1,7.98%,29.04MiB / 512MiB,22.6MB / 25.1MB
1775422217,dds26-team9-redis-payment-1,7.49%,28.79MiB / 512MiB,20.7MB / 23.4MB
1775422217,dds26-team9-redis-order-1,43.68%,31.52MiB / 512MiB,253MB / 276MB
1775422217,dds26-team9-redis-orchestrator-1,32.61%,35.44MiB / 512MiB,301MB / 199MB
1775422217,dds26-team9-redis-bus-1,176.49%,38.57MiB / 2GiB,939MB / 535MB
1775422220,dds26-team9-gateway-1,25.96%,119.6MiB / 354.3GiB,140MB / 126MB
1775422220,dds26-team9-order-worker-5,23.52%,34.08MiB / 512MiB,14.5MB / 19MB
1775422220,dds26-team9-order-worker-3,23.89%,34.01MiB / 512MiB,14.6MB / 19MB
1775422220,dds26-team9-order-web-14,32.52%,252.2MiB / 1GiB,13MB / 14.9MB
1775422220,dds26-team9-order-web-7,41.56%,254.2MiB / 1GiB,13.3MB / 15.2MB
1775422220,dds26-team9-order-web-15,32.96%,269.6MiB / 1GiB,13.3MB / 26.6MB
1775422220,dds26-team9-order-web-24,33.28%,251.2MiB / 1GiB,13.3MB / 15.1MB
1775422220,dds26-team9-order-worker-2,22.91%,35.99MiB / 512MiB,14.6MB / 19.1MB
1775422220,dds26-team9-order-worker-7,21.94%,36.22MiB / 512MiB,14.6MB / 19MB
1775422220,dds26-team9-order-web-1,34.72%,251.9MiB / 1GiB,13.3MB / 15.2MB
1775422220,dds26-team9-order-web-18,37.42%,255.8MiB / 1GiB,13.3MB / 15.1MB
1775422220,dds26-team9-order-web-13,33.16%,251.4MiB / 1GiB,13.3MB / 15.2MB
1775422220,dds26-team9-order-web-23,37.12%,253.8MiB / 1GiB,13.3MB / 15.2MB
1775422220,dds26-team9-order-worker-6,22.79%,36.2MiB / 512MiB,14.6MB / 19MB
1775422220,dds26-team9-order-web-17,33.20%,251.8MiB / 1GiB,13.3MB / 15.1MB
1775422220,dds26-team9-order-web-6,30.26%,252.3MiB / 1GiB,13.3MB / 15.1MB
1775422220,dds26-team9-order-web-8,33.78%,255MiB / 1GiB,13.3MB / 15.2MB
1775422220,dds26-team9-order-web-12,31.61%,252.1MiB / 1GiB,13.3MB / 15.1MB
1775422220,dds26-team9-order-web-5,33.55%,251.8MiB / 1GiB,13.2MB / 15.1MB
1775422220,dds26-team9-order-web-9,35.05%,253MiB / 1GiB,13.3MB / 15.2MB
1775422220,dds26-team9-order-web-11,31.93%,252MiB / 1GiB,13.3MB / 15.2MB
1775422220,dds26-team9-order-worker-1,22.98%,35.98MiB / 512MiB,14.5MB / 19MB
1775422220,dds26-team9-order-web-19,34.64%,254MiB / 1GiB,13.3MB / 15.2MB
1775422220,dds26-team9-order-web-16,34.39%,251.8MiB / 1GiB,13.3MB / 15.2MB
1775422220,dds26-team9-order-web-4,32.21%,260.4MiB / 1GiB,13.3MB / 15.1MB
1775422220,dds26-team9-order-web-22,32.59%,256.3MiB / 1GiB,13.3MB / 15.2MB
1775422220,dds26-team9-order-web-21,32.99%,254MiB / 1GiB,13.3MB / 15.2MB
1775422220,dds26-team9-orchestrator-worker-25,36.01%,37.48MiB / 512MiB,20.1MB / 33.2MB
1775422220,dds26-team9-order-web-3,32.09%,251.7MiB / 1GiB,13.3MB / 15.2MB
1775422220,dds26-team9-order-web-20,35.08%,251MiB / 1GiB,13.3MB / 15.2MB
1775422220,dds26-team9-order-web-2,32.71%,251.5MiB / 1GiB,13.3MB / 15.2MB
1775422220,dds26-team9-orchestrator-worker-24,39.64%,33.3MiB / 512MiB,20.2MB / 33.3MB
1775422220,dds26-team9-order-worker-4,23.30%,34.05MiB / 512MiB,14.6MB / 19MB
1775422220,dds26-team9-orchestrator-worker-1,39.28%,33.5MiB / 512MiB,20.1MB / 33.1MB
1775422220,dds26-team9-orchestrator-worker-17,36.70%,35.28MiB / 512MiB,20.2MB / 33.2MB
1775422220,dds26-team9-orchestrator-worker-3,37.71%,35.49MiB / 512MiB,20.2MB / 33.3MB
1775422220,dds26-team9-orchestrator-worker-14,37.17%,35.5MiB / 512MiB,20.2MB / 33.3MB
1775422220,dds26-team9-orchestrator-worker-21,37.87%,35.54MiB / 512MiB,20.2MB / 33.3MB
1775422220,dds26-team9-order-web-25,34.01%,252.4MiB / 1GiB,13.3MB / 15.2MB
1775422220,dds26-team9-orchestrator-worker-7,38.16%,35.44MiB / 512MiB,20.1MB / 33.1MB
1775422220,dds26-team9-order-web-10,42.03%,252.1MiB / 1GiB,13.3MB / 15.2MB
1775422220,dds26-team9-orchestrator-worker-16,35.57%,35.46MiB / 512MiB,20.3MB / 33.4MB
1775422220,dds26-team9-orchestrator-worker-6,37.19%,35.26MiB / 512MiB,20.1MB / 33.1MB
1775422220,dds26-team9-orchestrator-worker-23,37.60%,33.53MiB / 512MiB,20.2MB / 33.2MB
1775422220,dds26-team9-orchestrator-worker-20,38.14%,35.54MiB / 512MiB,20.3MB / 33.4MB
1775422220,dds26-team9-order-worker-8,23.49%,34.29MiB / 512MiB,14.6MB / 19MB
1775422220,dds26-team9-orchestrator-worker-15,36.17%,35.49MiB / 512MiB,20MB / 33.1MB
1775422220,dds26-team9-orchestrator-worker-22,37.26%,33.29MiB / 512MiB,20.1MB / 33.2MB
1775422220,dds26-team9-orchestrator-worker-13,38.27%,35.39MiB / 512MiB,20.2MB / 33.2MB
1775422220,dds26-team9-orchestrator-worker-8,38.45%,35.32MiB / 512MiB,20.3MB / 33.4MB
1775422220,dds26-team9-orchestrator-worker-19,38.41%,33.27MiB / 512MiB,20.2MB / 33.3MB
1775422220,dds26-team9-orchestrator-worker-10,36.42%,33.52MiB / 512MiB,20.2MB / 33.3MB
1775422220,dds26-team9-orchestrator-worker-18,36.20%,35.55MiB / 512MiB,20.1MB / 33.2MB
1775422220,dds26-team9-orchestrator-worker-2,38.57%,33.51MiB / 512MiB,20.1MB / 33.2MB
1775422220,dds26-team9-orchestrator-worker-11,36.23%,33.55MiB / 512MiB,20.2MB / 33.3MB
1775422220,dds26-team9-orchestrator-worker-12,36.83%,35.29MiB / 512MiB,20.1MB / 33.1MB
1775422220,dds26-team9-orchestrator-worker-4,37.78%,35.48MiB / 512MiB,20.2MB / 33.3MB
1775422220,dds26-team9-orchestrator-worker-9,38.32%,33.53MiB / 512MiB,20.1MB / 33.1MB
1775422220,dds26-team9-stock-worker-7,31.53%,33.45MiB / 512MiB,15.5MB / 21.6MB
1775422220,dds26-team9-stock-web-1,7.21%,217.6MiB / 512MiB,21.9kB / 3.87kB
1775422220,dds26-team9-stock-worker-1,28.60%,35.6MiB / 512MiB,15.5MB / 21.6MB
1775422220,dds26-team9-stock-worker-3,32.12%,33.4MiB / 512MiB,15.3MB / 21.4MB
1775422220,dds26-team9-orchestrator-worker-5,38.13%,35.52MiB / 512MiB,20.2MB / 33.3MB
1775422220,dds26-team9-stock-worker-6,29.51%,35.44MiB / 512MiB,15.4MB / 21.6MB
1775422220,dds26-team9-stock-web-3,7.52%,223.4MiB / 512MiB,22.1kB / 4.95kB
1775422220,dds26-team9-stock-web-2,0.60%,212.4MiB / 512MiB,20kB / 4.26kB
1775422220,dds26-team9-stock-worker-2,30.23%,33.62MiB / 512MiB,15.3MB / 21.4MB
1775422220,dds26-team9-stock-worker-5,32.23%,35.63MiB / 512MiB,15.5MB / 21.6MB
1775422220,dds26-team9-stock-web-4,0.59%,225.7MiB / 512MiB,22.4kB / 3.7MB
1775422220,dds26-team9-stock-worker-8,28.14%,35.61MiB / 512MiB,15.6MB / 21.8MB
1775422220,dds26-team9-stock-worker-4,29.73%,35.71MiB / 512MiB,15.4MB / 21.5MB
1775422220,dds26-team9-user-worker-4,41.41%,35.74MiB / 512MiB,26MB / 34.5MB
1775422220,dds26-team9-user-web-2,7.93%,213.1MiB / 512MiB,22.1kB / 4.48kB
1775422220,dds26-team9-user-worker-2,39.67%,33.58MiB / 512MiB,26.3MB / 34.8MB
1775422220,dds26-team9-user-worker-3,37.71%,35.79MiB / 512MiB,26.1MB / 34.5MB
1775422220,dds26-team9-user-worker-1,39.09%,35.56MiB / 512MiB,26.2MB / 34.7MB
1775422220,dds26-team9-user-web-4,0.56%,212.2MiB / 512MiB,21.3kB / 4.87kB
1775422220,dds26-team9-user-web-3,0.58%,224.2MiB / 512MiB,21.9kB / 3.1MB
1775422220,dds26-team9-user-web-1,0.55%,211.4MiB / 512MiB,18.7kB / 4.8kB
1775422220,dds26-team9-redis-stock-1,6.70%,29.04MiB / 512MiB,23.5MB / 26.3MB
1775422220,dds26-team9-redis-payment-1,5.46%,28.8MiB / 512MiB,21.5MB / 24.5MB
1775422220,dds26-team9-redis-order-1,45.32%,32.1MiB / 512MiB,266MB / 294MB
1775422220,dds26-team9-redis-orchestrator-1,32.48%,35.51MiB / 512MiB,315MB / 208MB
1775422220,dds26-team9-redis-bus-1,179.29%,38.4MiB / 2GiB,996MB / 567MB
1775422223,dds26-team9-gateway-1,24.62%,123.5MiB / 354.3GiB,148MB / 132MB
1775422223,dds26-team9-order-worker-5,22.94%,34.08MiB / 512MiB,15.1MB / 19.7MB
1775422223,dds26-team9-order-worker-3,22.34%,34.01MiB / 512MiB,15.2MB / 19.8MB
1775422223,dds26-team9-order-web-14,32.31%,252.8MiB / 1GiB,14MB / 15.9MB
1775422223,dds26-team9-order-web-7,32.89%,254.6MiB / 1GiB,14MB / 15.9MB
1775422223,dds26-team9-order-web-15,31.90%,270.2MiB / 1GiB,14MB / 27.3MB
1775422223,dds26-team9-order-web-24,31.43%,252MiB / 1GiB,14MB / 15.9MB
1775422223,dds26-team9-order-worker-2,21.51%,36.2MiB / 512MiB,15.2MB / 19.8MB
1775422223,dds26-team9-order-worker-7,21.11%,35.98MiB / 512MiB,15.2MB / 19.8MB
1775422223,dds26-team9-order-web-1,39.25%,252.5MiB / 1GiB,14MB / 15.9MB
1775422223,dds26-team9-order-web-18,39.54%,256MiB / 1GiB,14MB / 15.9MB
1775422223,dds26-team9-order-web-13,31.93%,252MiB / 1GiB,14MB / 15.9MB
1775422223,dds26-team9-order-web-23,31.68%,254.5MiB / 1GiB,14MB / 15.9MB
1775422223,dds26-team9-order-worker-6,23.08%,36.14MiB / 512MiB,15MB / 19.5MB
1775422223,dds26-team9-order-web-17,32.01%,252.1MiB / 1GiB,14MB / 15.9MB
1775422223,dds26-team9-order-web-6,29.71%,252.2MiB / 1GiB,14MB / 15.9MB
1775422223,dds26-team9-order-web-8,32.11%,255MiB / 1GiB,14MB / 16MB
1775422223,dds26-team9-order-web-12,31.09%,252.3MiB / 1GiB,14MB / 15.8MB
1775422223,dds26-team9-order-web-5,33.75%,252.5MiB / 1GiB,14MB / 15.8MB
1775422223,dds26-team9-order-web-9,32.17%,253.3MiB / 1GiB,14MB / 15.9MB
1775422223,dds26-team9-order-web-11,30.94%,253.3MiB / 1GiB,14MB / 15.9MB
1775422223,dds26-team9-order-worker-1,21.77%,35.98MiB / 512MiB,15.1MB / 19.7MB
1775422223,dds26-team9-order-web-19,32.42%,254.7MiB / 1GiB,14MB / 15.9MB
1775422223,dds26-team9-order-web-16,31.91%,252.6MiB / 1GiB,14MB / 15.9MB
1775422223,dds26-team9-order-web-4,30.96%,260.8MiB / 1GiB,14MB / 15.8MB
1775422223,dds26-team9-order-web-22,33.53%,256.7MiB / 1GiB,14MB / 16MB
1775422223,dds26-team9-order-web-21,31.96%,254.4MiB / 1GiB,14MB / 15.9MB
1775422223,dds26-team9-orchestrator-worker-25,35.51%,37.49MiB / 512MiB,21MB / 34.6MB
1775422223,dds26-team9-order-web-3,31.35%,251.8MiB / 1GiB,14MB / 15.9MB
1775422223,dds26-team9-order-web-20,32.08%,251.7MiB / 1GiB,14MB / 15.9MB
1775422223,dds26-team9-order-web-2,30.57%,252.2MiB / 1GiB,14MB / 15.9MB
1775422223,dds26-team9-orchestrator-worker-24,34.95%,33.51MiB / 512MiB,21MB / 34.6MB
1775422223,dds26-team9-order-worker-4,21.86%,34.05MiB / 512MiB,15.2MB / 19.8MB
1775422223,dds26-team9-orchestrator-worker-1,35.13%,33.29MiB / 512MiB,20.9MB / 34.5MB
1775422223,dds26-team9-orchestrator-worker-17,33.85%,35.43MiB / 512MiB,21MB / 34.7MB
1775422223,dds26-team9-orchestrator-worker-3,35.65%,35.25MiB / 512MiB,21.1MB / 34.7MB
1775422223,dds26-team9-orchestrator-worker-14,35.20%,35.28MiB / 512MiB,21.1MB / 34.7MB
1775422223,dds26-team9-orchestrator-worker-21,34.43%,35.55MiB / 512MiB,21MB / 34.6MB
1775422223,dds26-team9-order-web-25,32.33%,252.9MiB / 1GiB,14MB / 15.9MB
1775422223,dds26-team9-orchestrator-worker-7,35.37%,35.55MiB / 512MiB,20.9MB / 34.4MB
1775422223,dds26-team9-order-web-10,31.41%,252.9MiB / 1GiB,14MB / 15.9MB
1775422223,dds26-team9-orchestrator-worker-16,33.67%,35.38MiB / 512MiB,21.1MB / 34.7MB
1775422223,dds26-team9-orchestrator-worker-6,33.80%,35.39MiB / 512MiB,20.9MB / 34.5MB
1775422223,dds26-team9-orchestrator-worker-23,34.14%,33.56MiB / 512MiB,21MB / 34.6MB
1775422223,dds26-team9-orchestrator-worker-20,34.72%,35.56MiB / 512MiB,21.1MB / 34.8MB
1775422223,dds26-team9-order-worker-8,23.08%,34.05MiB / 512MiB,15.1MB / 19.7MB
1775422223,dds26-team9-orchestrator-worker-15,33.11%,35.52MiB / 512MiB,20.9MB / 34.5MB
1775422223,dds26-team9-orchestrator-worker-22,35.02%,33.29MiB / 512MiB,20.9MB / 34.5MB
1775422223,dds26-team9-orchestrator-worker-13,35.09%,35.41MiB / 512MiB,21MB / 34.6MB
1775422223,dds26-team9-orchestrator-worker-8,32.66%,35.53MiB / 512MiB,21.1MB / 34.7MB
1775422223,dds26-team9-orchestrator-worker-19,33.28%,33.27MiB / 512MiB,21MB / 34.6MB
1775422223,dds26-team9-orchestrator-worker-10,32.84%,33.51MiB / 512MiB,21MB / 34.7MB
1775422223,dds26-team9-orchestrator-worker-18,33.10%,35.56MiB / 512MiB,21MB / 34.6MB
1775422223,dds26-team9-orchestrator-worker-2,34.21%,33.29MiB / 512MiB,21MB / 34.6MB
1775422223,dds26-team9-orchestrator-worker-11,33.22%,33.31MiB / 512MiB,21MB / 34.6MB
1775422223,dds26-team9-orchestrator-worker-12,33.04%,35.48MiB / 512MiB,20.9MB / 34.5MB
1775422223,dds26-team9-orchestrator-worker-4,34.14%,35.51MiB / 512MiB,21MB / 34.6MB
1775422223,dds26-team9-orchestrator-worker-9,33.70%,33.49MiB / 512MiB,20.9MB / 34.5MB
1775422223,dds26-team9-stock-worker-7,27.33%,33.67MiB / 512MiB,16.1MB / 22.5MB
1775422223,dds26-team9-stock-web-1,0.52%,217.6MiB / 512MiB,21.9kB / 3.87kB
1775422223,dds26-team9-stock-worker-1,25.67%,35.61MiB / 512MiB,16.1MB / 22.5MB
1775422223,dds26-team9-stock-worker-3,28.12%,33.84MiB / 512MiB,15.9MB / 22.2MB
1775422223,dds26-team9-orchestrator-worker-5,33.90%,35.52MiB / 512MiB,21MB / 34.7MB
1775422223,dds26-team9-stock-worker-6,26.20%,35.43MiB / 512MiB,16.1MB / 22.4MB
1775422223,dds26-team9-stock-web-3,0.54%,212.5MiB / 512MiB,22.1kB / 4.95kB
1775422223,dds26-team9-stock-web-2,0.55%,212.4MiB / 512MiB,20.1kB / 4.41kB
1775422223,dds26-team9-stock-worker-2,28.36%,33.67MiB / 512MiB,15.9MB / 22.3MB
1775422223,dds26-team9-stock-worker-5,27.01%,35.42MiB / 512MiB,16.1MB / 22.5MB
1775422223,dds26-team9-stock-web-4,0.58%,225.7MiB / 512MiB,22.5kB / 3.7MB
1775422223,dds26-team9-stock-worker-8,26.67%,35.39MiB / 512MiB,16.3MB / 22.7MB
1775422223,dds26-team9-stock-worker-4,27.54%,35.7MiB / 512MiB,16.1MB / 22.4MB
1775422223,dds26-team9-user-worker-4,41.38%,35.79MiB / 512MiB,27.1MB / 35.9MB
1775422223,dds26-team9-user-web-2,0.57%,213.1MiB / 512MiB,22.1kB / 4.48kB
1775422223,dds26-team9-user-worker-2,39.36%,33.82MiB / 512MiB,27.4MB / 36.2MB
1775422223,dds26-team9-user-worker-3,38.18%,35.57MiB / 512MiB,27.2MB / 35.9MB
1775422223,dds26-team9-user-worker-1,40.00%,35.79MiB / 512MiB,27.3MB / 36.2MB
1775422223,dds26-team9-user-web-4,0.54%,212.2MiB / 512MiB,21.4kB / 5.01kB
1775422223,dds26-team9-user-web-3,0.53%,224.5MiB / 512MiB,22.4kB / 3.1MB
1775422223,dds26-team9-user-web-1,0.52%,211.4MiB / 512MiB,18.8kB / 4.95kB
1775422223,dds26-team9-redis-stock-1,7.22%,29.29MiB / 512MiB,24.3MB / 27.4MB
1775422223,dds26-team9-redis-payment-1,7.29%,28.8MiB / 512MiB,22.3MB / 25.5MB
1775422223,dds26-team9-redis-order-1,45.14%,32.29MiB / 512MiB,279MB / 310MB
1775422223,dds26-team9-redis-orchestrator-1,31.97%,35.55MiB / 512MiB,329MB / 217MB
1775422223,dds26-team9-redis-bus-1,172.49%,37.64MiB / 2GiB,1.04GB / 589MB
1775422227,dds26-team9-gateway-1,23.66%,123MiB / 354.3GiB,156MB / 139MB
1775422227,dds26-team9-order-worker-5,23.54%,34.23MiB / 512MiB,15.7MB / 20.5MB
1775422227,dds26-team9-order-worker-3,23.08%,34.22MiB / 512MiB,15.7MB / 20.5MB
1775422227,dds26-team9-order-web-14,31.61%,253.1MiB / 1GiB,14.8MB / 16.7MB
1775422227,dds26-team9-order-web-7,30.96%,254.7MiB / 1GiB,14.8MB / 16.7MB
1775422227,dds26-team9-order-web-15,30.46%,270.8MiB / 1GiB,14.8MB / 28.1MB
1775422227,dds26-team9-order-web-24,30.12%,254.3MiB / 1GiB,14.8MB / 16.6MB
1775422227,dds26-team9-order-worker-2,22.27%,36.17MiB / 512MiB,15.8MB / 20.6MB
1775422227,dds26-team9-order-worker-7,22.73%,36.09MiB / 512MiB,15.8MB / 20.6MB
1775422227,dds26-team9-order-web-1,29.96%,252.6MiB / 1GiB,14.8MB / 16.7MB
1775422227,dds26-team9-order-web-18,33.22%,256.4MiB / 1GiB,14.8MB / 16.6MB
1775422227,dds26-team9-order-web-13,31.31%,252.2MiB / 1GiB,14.8MB / 16.7MB
1775422227,dds26-team9-order-web-23,30.12%,254.4MiB / 1GiB,14.7MB / 16.6MB
1775422227,dds26-team9-order-worker-6,22.20%,35.99MiB / 512MiB,15.7MB / 20.5MB
1775422227,dds26-team9-order-web-17,30.16%,252.4MiB / 1GiB,14.8MB / 16.6MB
1775422227,dds26-team9-order-web-6,28.06%,252.3MiB / 1GiB,14.8MB / 16.6MB
1775422227,dds26-team9-order-web-8,31.23%,255.2MiB / 1GiB,14.8MB / 16.7MB
1775422227,dds26-team9-order-web-12,28.94%,252.5MiB / 1GiB,14.8MB / 16.6MB
1775422227,dds26-team9-order-web-5,31.05%,252.6MiB / 1GiB,14.7MB / 16.6MB
1775422227,dds26-team9-order-web-9,39.08%,254MiB / 1GiB,14.8MB / 16.6MB
1775422227,dds26-team9-order-web-11,36.30%,253.1MiB / 1GiB,14.8MB / 16.7MB
1775422227,dds26-team9-order-worker-1,22.42%,36.14MiB / 512MiB,15.5MB / 20.2MB
1775422227,dds26-team9-order-web-19,37.02%,254.7MiB / 1GiB,14.8MB / 16.7MB
1775422227,dds26-team9-order-web-16,31.41%,253.7MiB / 1GiB,14.8MB / 16.7MB
1775422227,dds26-team9-order-web-4,30.33%,261MiB / 1GiB,14.8MB / 16.6MB
1775422227,dds26-team9-order-web-22,31.42%,257.4MiB / 1GiB,14.8MB / 16.7MB
1775422227,dds26-team9-order-web-21,31.80%,254.6MiB / 1GiB,14.8MB / 16.7MB
1775422227,dds26-team9-orchestrator-worker-25,34.28%,37.25MiB / 512MiB,21.8MB / 36MB
1775422227,dds26-team9-order-web-3,30.09%,252.4MiB / 1GiB,14.8MB / 16.7MB
1775422227,dds26-team9-order-web-20,33.27%,251.9MiB / 1GiB,14.7MB / 16.7MB
1775422227,dds26-team9-order-web-2,28.88%,252.4MiB / 1GiB,14.8MB / 16.7MB
1775422227,dds26-team9-orchestrator-worker-24,34.38%,33.41MiB / 512MiB,21.8MB / 36.1MB
1775422227,dds26-team9-order-worker-4,22.84%,34.27MiB / 512MiB,15.7MB / 20.5MB
1775422227,dds26-team9-orchestrator-worker-1,35.34%,33.51MiB / 512MiB,21.7MB / 35.9MB
1775422227,dds26-team9-orchestrator-worker-17,33.97%,35.52MiB / 512MiB,21.8MB / 36MB
1775422227,dds26-team9-orchestrator-worker-3,34.01%,35.46MiB / 512MiB,21.9MB / 36MB
1775422227,dds26-team9-orchestrator-worker-14,34.58%,35.42MiB / 512MiB,21.9MB / 36.1MB
1775422227,dds26-team9-orchestrator-worker-21,33.70%,35.45MiB / 512MiB,21.8MB / 36MB
1775422227,dds26-team9-order-web-25,30.87%,252.8MiB / 1GiB,14.8MB / 16.6MB
1775422227,dds26-team9-orchestrator-worker-7,33.45%,35.41MiB / 512MiB,21.7MB / 35.8MB
1775422227,dds26-team9-order-web-10,30.34%,252.7MiB / 1GiB,14.8MB / 16.6MB
1775422227,dds26-team9-orchestrator-worker-16,34.52%,35.22MiB / 512MiB,21.9MB / 36.1MB
1775422227,dds26-team9-orchestrator-worker-6,34.34%,35.35MiB / 512MiB,21.8MB / 35.9MB
1775422227,dds26-team9-orchestrator-worker-23,34.40%,33.61MiB / 512MiB,21.8MB / 36MB
1775422227,dds26-team9-orchestrator-worker-20,33.74%,35.34MiB / 512MiB,22MB / 36.2MB
1775422227,dds26-team9-order-worker-8,23.48%,34.05MiB / 512MiB,15.7MB / 20.5MB
1775422227,dds26-team9-orchestrator-worker-15,34.41%,35.32MiB / 512MiB,21.7MB / 35.8MB
1775422227,dds26-team9-orchestrator-worker-22,35.35%,33.3MiB / 512MiB,21.8MB / 36MB
1775422227,dds26-team9-orchestrator-worker-13,35.21%,35.39MiB / 512MiB,21.8MB / 36MB
1775422227,dds26-team9-orchestrator-worker-8,35.09%,35.5MiB / 512MiB,21.9MB / 36.1MB
1775422227,dds26-team9-orchestrator-worker-19,34.26%,33.28MiB / 512MiB,21.8MB / 36MB
1775422227,dds26-team9-orchestrator-worker-10,35.06%,33.5MiB / 512MiB,21.8MB / 36.1MB
1775422227,dds26-team9-orchestrator-worker-18,33.44%,35.36MiB / 512MiB,21.8MB / 36MB
1775422227,dds26-team9-orchestrator-worker-2,34.78%,33.53MiB / 512MiB,21.8MB / 36MB
1775422227,dds26-team9-orchestrator-worker-11,33.28%,33.31MiB / 512MiB,21.8MB / 36MB
1775422227,dds26-team9-orchestrator-worker-12,33.41%,35.32MiB / 512MiB,21.7MB / 35.9MB
1775422227,dds26-team9-orchestrator-worker-4,33.55%,35.5MiB / 512MiB,21.9MB / 36.1MB
1775422227,dds26-team9-orchestrator-worker-9,33.98%,33.49MiB / 512MiB,21.8MB / 35.9MB
1775422227,dds26-team9-stock-worker-7,27.84%,33.69MiB / 512MiB,16.7MB / 23.4MB
1775422227,dds26-team9-stock-web-1,0.53%,217.6MiB / 512MiB,21.9kB / 3.87kB
1775422227,dds26-team9-stock-worker-1,27.18%,35.61MiB / 512MiB,16.8MB / 23.4MB
1775422227,dds26-team9-stock-worker-3,27.14%,33.63MiB / 512MiB,16.5MB / 23.1MB
1775422227,dds26-team9-orchestrator-worker-5,33.09%,35.52MiB / 512MiB,21.9MB / 36MB
1775422227,dds26-team9-stock-worker-6,27.50%,35.67MiB / 512MiB,16.7MB / 23.3MB
1775422227,dds26-team9-stock-web-3,0.54%,212.5MiB / 512MiB,22.1kB / 4.95kB
1775422227,dds26-team9-stock-web-2,0.60%,212.4MiB / 512MiB,20.1kB / 4.41kB
1775422227,dds26-team9-stock-worker-2,27.82%,33.43MiB / 512MiB,16.6MB / 23.2MB
1775422227,dds26-team9-stock-worker-5,26.64%,35.42MiB / 512MiB,16.8MB / 23.4MB
1775422227,dds26-team9-stock-web-4,0.58%,225.7MiB / 512MiB,22.5kB / 3.7MB
1775422227,dds26-team9-stock-worker-8,26.65%,35.63MiB / 512MiB,16.9MB / 23.6MB
1775422227,dds26-team9-stock-worker-4,27.25%,35.7MiB / 512MiB,16.7MB / 23.3MB
1775422227,dds26-team9-user-worker-4,41.04%,35.76MiB / 512MiB,28.2MB / 37.3MB
1775422227,dds26-team9-user-web-2,0.58%,213.1MiB / 512MiB,22.1kB / 4.48kB
1775422227,dds26-team9-user-worker-2,39.07%,33.82MiB / 512MiB,28.5MB / 37.7MB
1775422227,dds26-team9-user-worker-3,37.88%,35.68MiB / 512MiB,28.3MB / 37.4MB
1775422227,dds26-team9-user-worker-1,39.23%,35.8MiB / 512MiB,28.4MB / 37.6MB
1775422227,dds26-team9-user-web-4,0.53%,212.2MiB / 512MiB,21.4kB / 5.01kB
1775422227,dds26-team9-user-web-3,0.55%,224.5MiB / 512MiB,22.4kB / 3.1MB
1775422227,dds26-team9-user-web-1,0.53%,211.4MiB / 512MiB,18.9kB / 4.95kB
1775422227,dds26-team9-redis-stock-1,8.49%,29.04MiB / 512MiB,25.1MB / 28.5MB
1775422227,dds26-team9-redis-payment-1,5.37%,28.81MiB / 512MiB,23.1MB / 26.6MB
1775422227,dds26-team9-redis-order-1,42.00%,31.65MiB / 512MiB,292MB / 328MB
1775422227,dds26-team9-redis-orchestrator-1,30.16%,35.52MiB / 512MiB,342MB / 226MB
1775422227,dds26-team9-redis-bus-1,170.90%,37.85MiB / 2GiB,1.08GB / 612MB
1775422230,dds26-team9-gateway-1,26.60%,124.1MiB / 354.3GiB,164MB / 146MB
1775422230,dds26-team9-order-worker-5,22.77%,34.3MiB / 512MiB,16.3MB / 21.2MB
1775422230,dds26-team9-order-worker-3,23.26%,34.21MiB / 512MiB,16.3MB / 21.3MB
1775422230,dds26-team9-order-web-14,41.56%,253.4MiB / 1GiB,15.5MB / 17.5MB
1775422230,dds26-team9-order-web-7,40.36%,264MiB / 1GiB,15.5MB / 17.4MB
1775422230,dds26-team9-order-web-15,33.14%,270.7MiB / 1GiB,15.3MB / 28.6MB
1775422230,dds26-team9-order-web-24,35.74%,257.1MiB / 1GiB,15.5MB / 17.4MB
1775422230,dds26-team9-order-worker-2,21.59%,35.99MiB / 512MiB,16.3MB / 21.3MB
1775422230,dds26-team9-order-worker-7,20.99%,35.98MiB / 512MiB,16.3MB / 21.3MB
1775422230,dds26-team9-order-web-1,33.23%,252.8MiB / 1GiB,15.5MB / 17.4MB
1775422230,dds26-team9-order-web-18,34.29%,256.9MiB / 1GiB,15.5MB / 17.4MB
1775422230,dds26-team9-order-web-13,33.32%,252.4MiB / 1GiB,15.6MB / 17.4MB
1775422230,dds26-team9-order-web-23,36.50%,254.5MiB / 1GiB,15.5MB / 17.4MB
1775422230,dds26-team9-order-worker-6,20.94%,36.15MiB / 512MiB,16.3MB / 21.3MB
1775422230,dds26-team9-order-web-17,34.44%,252.8MiB / 1GiB,15.5MB / 17.4MB
1775422230,dds26-team9-order-web-6,34.53%,252.5MiB / 1GiB,15.5MB / 17.4MB
1775422230,dds26-team9-order-web-8,34.35%,255.2MiB / 1GiB,15.5MB / 17.5MB
1775422230,dds26-team9-order-web-12,31.72%,253.1MiB / 1GiB,15.5MB / 17.4MB
1775422230,dds26-team9-order-web-5,34.50%,253MiB / 1GiB,15.5MB / 17.4MB
1775422230,dds26-team9-order-web-9,34.41%,253.6MiB / 1GiB,15.6MB / 17.4MB
1775422230,dds26-team9-order-web-11,32.90%,253MiB / 1GiB,15.5MB / 17.5MB
1775422230,dds26-team9-order-worker-1,22.91%,36.21MiB / 512MiB,16.3MB / 21.2MB
1775422230,dds26-team9-order-web-19,32.70%,255.1MiB / 1GiB,15.5MB / 17.4MB
1775422230,dds26-team9-order-web-16,32.03%,252.9MiB / 1GiB,15.5MB / 17.4MB
1775422230,dds26-team9-order-web-4,35.87%,261.8MiB / 1GiB,15.5MB / 17.4MB
1775422230,dds26-team9-order-web-22,33.49%,257.5MiB / 1GiB,15.5MB / 17.5MB
1775422230,dds26-team9-order-web-21,34.63%,254.9MiB / 1GiB,15.5MB / 17.4MB
1775422230,dds26-team9-orchestrator-worker-25,37.03%,37.45MiB / 512MiB,22.6MB / 37.4MB
1775422230,dds26-team9-order-web-3,33.60%,252.2MiB / 1GiB,15.5MB / 17.4MB
1775422230,dds26-team9-order-web-20,34.59%,252MiB / 1GiB,15.5MB / 17.4MB
1775422230,dds26-team9-order-web-2,33.74%,252.6MiB / 1GiB,15.5MB / 17.4MB
1775422230,dds26-team9-orchestrator-worker-24,37.18%,33.31MiB / 512MiB,22.7MB / 37.4MB
1775422230,dds26-team9-order-worker-4,22.94%,34.26MiB / 512MiB,16.3MB / 21.3MB
1775422230,dds26-team9-orchestrator-worker-1,37.55%,33.33MiB / 512MiB,22.5MB / 37.3MB
1775422230,dds26-team9-orchestrator-worker-17,35.08%,35.52MiB / 512MiB,22.7MB / 37.4MB
1775422230,dds26-team9-orchestrator-worker-3,35.89%,35.49MiB / 512MiB,22.7MB / 37.4MB
1775422230,dds26-team9-orchestrator-worker-14,36.11%,35.52MiB / 512MiB,22.7MB / 37.5MB
1775422230,dds26-team9-orchestrator-worker-21,35.54%,35.79MiB / 512MiB,22.7MB / 37.3MB
1775422230,dds26-team9-order-web-25,33.14%,252.9MiB / 1GiB,15.5MB / 17.4MB
1775422230,dds26-team9-orchestrator-worker-7,36.54%,35.54MiB / 512MiB,22.6MB / 37.2MB
1775422230,dds26-team9-order-web-10,40.03%,252.8MiB / 1GiB,15.5MB / 17.4MB
1775422230,dds26-team9-orchestrator-worker-16,35.99%,35.4MiB / 512MiB,22.8MB / 37.5MB
1775422230,dds26-team9-orchestrator-worker-6,36.72%,35.51MiB / 512MiB,22.6MB / 37.3MB
1775422230,dds26-team9-orchestrator-worker-23,37.54%,33.32MiB / 512MiB,22.7MB / 37.4MB
1775422230,dds26-team9-orchestrator-worker-20,36.66%,35.59MiB / 512MiB,22.8MB / 37.6MB
1775422230,dds26-team9-order-worker-8,22.50%,34.05MiB / 512MiB,16.3MB / 21.2MB
1775422230,dds26-team9-orchestrator-worker-15,35.67%,35.32MiB / 512MiB,22.5MB / 37.2MB
1775422230,dds26-team9-orchestrator-worker-22,37.30%,33.43MiB / 512MiB,22.6MB / 37.3MB
1775422230,dds26-team9-orchestrator-worker-13,37.90%,35.48MiB / 512MiB,22.7MB / 37.4MB
1775422230,dds26-team9-orchestrator-worker-8,36.59%,35.56MiB / 512MiB,22.8MB / 37.5MB
1775422230,dds26-team9-orchestrator-worker-19,36.50%,33.52MiB / 512MiB,22.7MB / 37.4MB
1775422230,dds26-team9-orchestrator-worker-10,37.00%,33.37MiB / 512MiB,22.7MB / 37.5MB
1775422230,dds26-team9-orchestrator-worker-18,36.37%,35.55MiB / 512MiB,22.6MB / 37.3MB
1775422230,dds26-team9-orchestrator-worker-2,36.37%,33.5MiB / 512MiB,22.7MB / 37.4MB
1775422230,dds26-team9-orchestrator-worker-11,36.29%,33.32MiB / 512MiB,22.7MB / 37.4MB
1775422230,dds26-team9-orchestrator-worker-12,37.73%,35.29MiB / 512MiB,22.5MB / 37.2MB
1775422230,dds26-team9-orchestrator-worker-4,35.87%,35.27MiB / 512MiB,22.7MB / 37.5MB
1775422230,dds26-team9-orchestrator-worker-9,37.41%,33.29MiB / 512MiB,22.6MB / 37.3MB
1775422230,dds26-team9-stock-worker-7,30.47%,33.45MiB / 512MiB,17.4MB / 24.3MB
1775422230,dds26-team9-stock-web-1,8.06%,217.6MiB / 512MiB,22kB / 4.02kB
1775422230,dds26-team9-stock-worker-1,29.95%,35.61MiB / 512MiB,17.4MB / 24.3MB
1775422230,dds26-team9-stock-worker-3,31.23%,33.64MiB / 512MiB,17.2MB / 24MB
1775422230,dds26-team9-orchestrator-worker-5,36.77%,35.52MiB / 512MiB,22.7MB / 37.4MB
1775422230,dds26-team9-stock-worker-6,28.93%,35.44MiB / 512MiB,17.4MB / 24.2MB
1775422230,dds26-team9-stock-web-3,1.69%,214.1MiB / 512MiB,22.1kB / 4.95kB
1775422230,dds26-team9-stock-web-2,0.62%,212.4MiB / 512MiB,20.1kB / 4.41kB
1775422230,dds26-team9-stock-worker-2,30.30%,33.66MiB / 512MiB,17.2MB / 24MB
1775422230,dds26-team9-stock-worker-5,29.43%,35.67MiB / 512MiB,17.5MB / 24.3MB
1775422230,dds26-team9-stock-web-4,0.56%,225.7MiB / 512MiB,22.5kB / 3.7MB
1775422230,dds26-team9-stock-worker-8,29.47%,35.59MiB / 512MiB,17.6MB / 24.5MB
1775422230,dds26-team9-stock-worker-4,30.49%,35.7MiB / 512MiB,17.4MB / 24.2MB
1775422230,dds26-team9-user-worker-4,40.97%,35.71MiB / 512MiB,29.3MB / 38.7MB
1775422230,dds26-team9-user-web-2,8.22%,213.1MiB / 512MiB,22.2kB / 4.62kB
1775422230,dds26-team9-user-worker-2,40.04%,33.79MiB / 512MiB,29.6MB / 39.1MB
1775422230,dds26-team9-user-worker-3,37.55%,35.57MiB / 512MiB,29.3MB / 38.8MB
1775422230,dds26-team9-user-worker-1,39.38%,36.02MiB / 512MiB,29.5MB / 39MB
1775422230,dds26-team9-user-web-4,0.54%,212.2MiB / 512MiB,21.4kB / 5.01kB
1775422230,dds26-team9-user-web-3,0.57%,224.5MiB / 512MiB,22.4kB / 3.1MB
1775422230,dds26-team9-user-web-1,0.56%,211.4MiB / 512MiB,18.9kB / 4.95kB
1775422230,dds26-team9-redis-stock-1,6.40%,28.98MiB / 512MiB,25.9MB / 29.7MB
1775422230,dds26-team9-redis-payment-1,5.62%,28.81MiB / 512MiB,23.8MB / 27.6MB
1775422230,dds26-team9-redis-order-1,44.91%,32.45MiB / 512MiB,306MB / 345MB
1775422230,dds26-team9-redis-orchestrator-1,32.55%,35.59MiB / 512MiB,355MB / 235MB
1775422230,dds26-team9-redis-bus-1,176.19%,38.21MiB / 2GiB,1.12GB / 635MB
1775422233,dds26-team9-gateway-1,23.82%,124.3MiB / 354.3GiB,172MB / 153MB
1775422233,dds26-team9-order-worker-5,23.74%,34.08MiB / 512MiB,16.8MB / 22MB
1775422233,dds26-team9-order-worker-3,21.93%,34.01MiB / 512MiB,16.9MB / 22MB
1775422233,dds26-team9-order-web-14,31.52%,253.5MiB / 1GiB,16.2MB / 18.2MB
1775422233,dds26-team9-order-web-7,30.11%,255.1MiB / 1GiB,16.2MB / 18.1MB
1775422233,dds26-team9-order-web-15,30.74%,271.1MiB / 1GiB,16.3MB / 29.6MB
1775422233,dds26-team9-order-web-24,31.92%,257MiB / 1GiB,16.3MB / 18.1MB
1775422233,dds26-team9-order-worker-2,22.06%,36.23MiB / 512MiB,16.9MB / 22.1MB
1775422233,dds26-team9-order-worker-7,22.22%,35.98MiB / 512MiB,16.9MB / 22MB
1775422233,dds26-team9-order-web-1,38.52%,253.1MiB / 1GiB,16.3MB / 18.2MB
1775422233,dds26-team9-order-web-18,39.37%,256.6MiB / 1GiB,16.3MB / 18.1MB
1775422233,dds26-team9-order-web-13,30.51%,252.5MiB / 1GiB,16.2MB / 18.1MB
1775422233,dds26-team9-order-web-23,30.74%,254.6MiB / 1GiB,16.2MB / 18.1MB
1775422233,dds26-team9-order-worker-6,21.59%,36.21MiB / 512MiB,16.9MB / 22MB
1775422233,dds26-team9-order-web-17,31.99%,252.8MiB / 1GiB,16.3MB / 18.1MB
1775422233,dds26-team9-order-web-6,31.47%,252.7MiB / 1GiB,16.3MB / 18.1MB
1775422233,dds26-team9-order-web-8,31.46%,255.4MiB / 1GiB,16.3MB / 18.2MB
1775422233,dds26-team9-order-web-12,31.05%,252.9MiB / 1GiB,16.2MB / 18.1MB
1775422233,dds26-team9-order-web-5,31.36%,253MiB / 1GiB,16.2MB / 18MB
1775422233,dds26-team9-order-web-9,31.22%,253.7MiB / 1GiB,16.3MB / 18.1MB
1775422233,dds26-team9-order-web-11,31.55%,253.3MiB / 1GiB,16.3MB / 18.2MB
1775422233,dds26-team9-order-worker-1,22.38%,36.19MiB / 512MiB,16.6MB / 21.7MB
1775422233,dds26-team9-order-web-19,32.88%,255.3MiB / 1GiB,16.3MB / 18.2MB
1775422233,dds26-team9-order-web-16,31.68%,252.8MiB / 1GiB,16.2MB / 18.1MB
1775422233,dds26-team9-order-web-4,32.33%,261.9MiB / 1GiB,16.3MB / 18.1MB
1775422233,dds26-team9-order-web-22,32.53%,257.6MiB / 1GiB,16.3MB / 18.2MB
1775422233,dds26-team9-order-web-21,31.19%,255MiB / 1GiB,16.2MB / 18.1MB
1775422233,dds26-team9-orchestrator-worker-25,33.51%,37.25MiB / 512MiB,23.4MB / 38.7MB
1775422233,dds26-team9-order-web-3,32.27%,252.7MiB / 1GiB,16.3MB / 18.1MB
1775422233,dds26-team9-order-web-20,31.05%,252.3MiB / 1GiB,16.2MB / 18.1MB
1775422233,dds26-team9-order-web-2,31.55%,252.8MiB / 1GiB,16.3MB / 18.2MB
1775422233,dds26-team9-orchestrator-worker-24,35.78%,33.37MiB / 512MiB,23.5MB / 38.8MB
1775422233,dds26-team9-order-worker-4,22.21%,34.3MiB / 512MiB,16.9MB / 22MB
1775422233,dds26-team9-orchestrator-worker-1,33.45%,33.46MiB / 512MiB,23.3MB / 38.6MB
1775422233,dds26-team9-orchestrator-worker-17,32.45%,35.67MiB / 512MiB,23.5MB / 38.7MB
1775422233,dds26-team9-orchestrator-worker-3,34.60%,35.25MiB / 512MiB,23.5MB / 38.7MB
1775422233,dds26-team9-orchestrator-worker-14,34.40%,35.47MiB / 512MiB,23.5MB / 38.8MB
1775422233,dds26-team9-orchestrator-worker-21,33.85%,35.3MiB / 512MiB,23.5MB / 38.7MB
1775422233,dds26-team9-order-web-25,31.47%,253MiB / 1GiB,16.2MB / 18.1MB
1775422233,dds26-team9-orchestrator-worker-7,35.14%,35.49MiB / 512MiB,23.4MB / 38.5MB
1775422233,dds26-team9-order-web-10,33.50%,252.9MiB / 1GiB,16.2MB / 18.1MB
1775422233,dds26-team9-orchestrator-worker-16,34.43%,35.23MiB / 512MiB,23.6MB / 38.8MB
1775422233,dds26-team9-orchestrator-worker-6,35.60%,35.49MiB / 512MiB,23.4MB / 38.6MB
1775422233,dds26-team9-orchestrator-worker-23,33.46%,33.52MiB / 512MiB,23.5MB / 38.7MB
1775422233,dds26-team9-orchestrator-worker-20,33.57%,35.59MiB / 512MiB,23.6MB / 38.9MB
1775422233,dds26-team9-order-worker-8,22.88%,34.05MiB / 512MiB,16.9MB / 22MB
1775422233,dds26-team9-orchestrator-worker-15,33.84%,35.77MiB / 512MiB,23.4MB / 38.5MB
1775422233,dds26-team9-orchestrator-worker-22,34.12%,33.52MiB / 512MiB,23.4MB / 38.6MB
1775422233,dds26-team9-orchestrator-worker-13,34.53%,35.49MiB / 512MiB,23.5MB / 38.7MB
1775422233,dds26-team9-orchestrator-worker-8,33.64%,35.52MiB / 512MiB,23.5MB / 38.8MB
1775422233,dds26-team9-orchestrator-worker-19,34.19%,33.28MiB / 512MiB,23.5MB / 38.7MB
1775422233,dds26-team9-orchestrator-worker-10,33.26%,33.29MiB / 512MiB,23.5MB / 38.8MB
1775422233,dds26-team9-orchestrator-worker-18,32.79%,35.34MiB / 512MiB,23.5MB / 38.7MB
1775422233,dds26-team9-orchestrator-worker-2,33.90%,33.54MiB / 512MiB,23.5MB / 38.7MB
1775422233,dds26-team9-orchestrator-worker-11,33.60%,33.45MiB / 512MiB,23.5MB / 38.7MB
1775422233,dds26-team9-orchestrator-worker-12,33.00%,35.3MiB / 512MiB,23.4MB / 38.6MB
1775422233,dds26-team9-orchestrator-worker-4,36.12%,35.27MiB / 512MiB,23.5MB / 38.8MB
1775422233,dds26-team9-orchestrator-worker-9,34.66%,33.54MiB / 512MiB,23.4MB / 38.6MB
1775422233,dds26-team9-stock-worker-7,28.29%,33.7MiB / 512MiB,18MB / 25.1MB
1775422233,dds26-team9-stock-web-1,0.56%,217.6MiB / 512MiB,22kB / 4.02kB
1775422233,dds26-team9-stock-worker-1,26.61%,35.36MiB / 512MiB,18MB / 25.1MB
1775422233,dds26-team9-stock-worker-3,27.59%,33.4MiB / 512MiB,17.8MB / 24.9MB
1775422233,dds26-team9-orchestrator-worker-5,34.76%,35.28MiB / 512MiB,23.5MB / 38.8MB
1775422233,dds26-team9-stock-worker-6,28.30%,35.44MiB / 512MiB,18MB / 25.1MB
1775422233,dds26-team9-stock-web-3,0.59%,212.6MiB / 512MiB,22.1kB / 5.09kB
1775422233,dds26-team9-stock-web-2,0.59%,212.4MiB / 512MiB,20.1kB / 4.56kB
1775422233,dds26-team9-stock-worker-2,26.41%,33.67MiB / 512MiB,17.8MB / 24.9MB
1775422233,dds26-team9-stock-worker-5,27.33%,35.63MiB / 512MiB,18.1MB / 25.2MB
1775422233,dds26-team9-stock-web-4,0.57%,226MiB / 512MiB,22.9kB / 3.7MB
1775422233,dds26-team9-stock-worker-8,27.53%,35.59MiB / 512MiB,18.2MB / 25.3MB
1775422233,dds26-team9-stock-worker-4,27.15%,35.46MiB / 512MiB,18MB / 25.1MB
1775422233,dds26-team9-user-worker-4,40.20%,35.95MiB / 512MiB,30.3MB / 40.1MB
1775422233,dds26-team9-user-web-2,0.58%,213.1MiB / 512MiB,22.2kB / 4.62kB
1775422233,dds26-team9-user-worker-2,38.56%,33.59MiB / 512MiB,30.6MB / 40.5MB
1775422233,dds26-team9-user-worker-3,38.06%,35.57MiB / 512MiB,30.4MB / 40.2MB
1775422233,dds26-team9-user-worker-1,39.56%,36.05MiB / 512MiB,30.6MB / 40.4MB
1775422233,dds26-team9-user-web-4,0.56%,212.2MiB / 512MiB,21.4kB / 5.16kB
1775422233,dds26-team9-user-web-3,0.58%,224.5MiB / 512MiB,22.4kB / 3.1MB
1775422233,dds26-team9-user-web-1,1.22%,211.4MiB / 512MiB,18.9kB / 5.09kB
1775422233,dds26-team9-redis-stock-1,7.64%,29.02MiB / 512MiB,26.8MB / 30.7MB
1775422233,dds26-team9-redis-payment-1,7.68%,28.82MiB / 512MiB,24.6MB / 28.7MB
1775422233,dds26-team9-redis-order-1,43.75%,31.94MiB / 512MiB,319MB / 362MB
1775422233,dds26-team9-redis-orchestrator-1,31.17%,35.55MiB / 512MiB,368MB / 243MB
1775422233,dds26-team9-redis-bus-1,173.14%,38.23MiB / 2GiB,1.16GB / 658MB
1775422237,dds26-team9-gateway-1,23.54%,123.9MiB / 354.3GiB,180MB / 160MB
1775422237,dds26-team9-order-worker-5,22.89%,35.62MiB / 512MiB,17.4MB / 22.7MB
1775422237,dds26-team9-order-worker-3,23.44%,34.01MiB / 512MiB,17.4MB / 22.8MB
1775422237,dds26-team9-order-web-14,31.76%,253.5MiB / 1GiB,17MB / 18.9MB
1775422237,dds26-team9-order-web-7,30.52%,255.2MiB / 1GiB,17MB / 18.9MB
1775422237,dds26-team9-order-web-15,32.56%,270.9MiB / 1GiB,17MB / 30.3MB
1775422237,dds26-team9-order-web-24,31.82%,257MiB / 1GiB,17MB / 18.9MB
1775422237,dds26-team9-order-worker-2,22.81%,36.2MiB / 512MiB,17.5MB / 22.8MB
1775422237,dds26-team9-order-worker-7,23.00%,36.22MiB / 512MiB,17.3MB / 22.6MB
1775422237,dds26-team9-order-web-1,30.69%,253MiB / 1GiB,17MB / 18.9MB
1775422237,dds26-team9-order-web-18,31.00%,256.7MiB / 1GiB,17MB / 18.8MB
1775422237,dds26-team9-order-web-13,30.56%,253MiB / 1GiB,17MB / 18.9MB
1775422237,dds26-team9-order-web-23,31.73%,254.6MiB / 1GiB,17MB / 18.8MB
1775422237,dds26-team9-order-worker-6,21.20%,36.21MiB / 512MiB,17.5MB / 22.8MB
1775422237,dds26-team9-order-web-17,29.89%,252.8MiB / 1GiB,17MB / 18.8MB
1775422237,dds26-team9-order-web-6,28.36%,252.7MiB / 1GiB,17MB / 18.8MB
1775422237,dds26-team9-order-web-8,33.86%,255.6MiB / 1GiB,17MB / 18.9MB
1775422237,dds26-team9-order-web-12,30.95%,252.7MiB / 1GiB,17MB / 18.8MB
1775422237,dds26-team9-order-web-5,29.79%,252.9MiB / 1GiB,17MB / 18.8MB
1775422237,dds26-team9-order-web-9,38.71%,253.8MiB / 1GiB,17MB / 18.9MB
1775422237,dds26-team9-order-web-11,41.17%,253.2MiB / 1GiB,17MB / 18.9MB
1775422237,dds26-team9-order-worker-1,22.48%,36.17MiB / 512MiB,17.4MB / 22.7MB
1775422237,dds26-team9-order-web-19,39.22%,255.2MiB / 1GiB,17MB / 18.9MB
1775422237,dds26-team9-order-web-16,32.18%,252.9MiB / 1GiB,17MB / 18.9MB
1775422237,dds26-team9-order-web-4,31.69%,261.7MiB / 1GiB,17MB / 18.8MB
1775422237,dds26-team9-order-web-22,32.33%,257.7MiB / 1GiB,17MB / 18.9MB
1775422237,dds26-team9-order-web-21,31.70%,254.9MiB / 1GiB,17MB / 18.9MB
1775422237,dds26-team9-orchestrator-worker-25,34.36%,37.49MiB / 512MiB,24.3MB / 40.1MB
1775422237,dds26-team9-order-web-3,31.09%,252.7MiB / 1GiB,17MB / 18.9MB
1775422237,dds26-team9-order-web-20,32.68%,252.5MiB / 1GiB,17MB / 18.9MB
1775422237,dds26-team9-order-web-2,29.72%,252.8MiB / 1GiB,17MB / 18.9MB
1775422237,dds26-team9-orchestrator-worker-24,34.86%,33.52MiB / 512MiB,24.3MB / 40.1MB
1775422237,dds26-team9-order-worker-4,22.75%,34.3MiB / 512MiB,17.5MB / 22.8MB
1775422237,dds26-team9-orchestrator-worker-1,36.05%,33.5MiB / 512MiB,24.2MB / 39.9MB
1775422237,dds26-team9-orchestrator-worker-17,34.97%,35.52MiB / 512MiB,24.3MB / 40.1MB
1775422237,dds26-team9-orchestrator-worker-3,35.53%,35.49MiB / 512MiB,24.3MB / 40.1MB
1775422237,dds26-team9-orchestrator-worker-14,34.12%,35.36MiB / 512MiB,24.3MB / 40.1MB
1775422237,dds26-team9-orchestrator-worker-21,34.73%,35.55MiB / 512MiB,24.3MB / 40.1MB
1775422237,dds26-team9-order-web-25,30.40%,253.4MiB / 1GiB,17MB / 18.8MB
1775422237,dds26-team9-orchestrator-worker-7,34.58%,35.32MiB / 512MiB,24.2MB / 39.9MB
1775422237,dds26-team9-order-web-10,29.44%,253.4MiB / 1GiB,17MB / 18.9MB
1775422237,dds26-team9-orchestrator-worker-16,34.35%,35.39MiB / 512MiB,24.4MB / 40.2MB
1775422237,dds26-team9-orchestrator-worker-6,35.62%,35.47MiB / 512MiB,24.2MB / 40MB
1775422237,dds26-team9-orchestrator-worker-23,35.12%,33.57MiB / 512MiB,24.3MB / 40MB
1775422237,dds26-team9-orchestrator-worker-20,33.97%,35.59MiB / 512MiB,24.4MB / 40.3MB
1775422237,dds26-team9-order-worker-8,21.69%,34.29MiB / 512MiB,17.4MB / 22.7MB
1775422237,dds26-team9-orchestrator-worker-15,33.40%,35.79MiB / 512MiB,24.2MB / 39.9MB
1775422237,dds26-team9-orchestrator-worker-22,34.73%,33.29MiB / 512MiB,24.2MB / 40MB
1775422237,dds26-team9-orchestrator-worker-13,34.91%,35.46MiB / 512MiB,24.4MB / 40.1MB
1775422237,dds26-team9-orchestrator-worker-8,34.21%,35.34MiB / 512MiB,24.4MB / 40.2MB
1775422237,dds26-team9-orchestrator-worker-19,33.76%,33.28MiB / 512MiB,24.3MB / 40.1MB
1775422237,dds26-team9-orchestrator-worker-10,33.87%,33.29MiB / 512MiB,24.3MB / 40.1MB
1775422237,dds26-team9-orchestrator-worker-18,34.24%,35.6MiB / 512MiB,24.3MB / 40.1MB
1775422237,dds26-team9-orchestrator-worker-2,34.91%,33.66MiB / 512MiB,24.3MB / 40.1MB
1775422237,dds26-team9-orchestrator-worker-11,34.50%,33.52MiB / 512MiB,24.3MB / 40.1MB
1775422237,dds26-team9-orchestrator-worker-12,33.44%,35.36MiB / 512MiB,24.2MB / 40MB
1775422237,dds26-team9-orchestrator-worker-4,34.96%,35.51MiB / 512MiB,24.3MB / 40.1MB
1775422237,dds26-team9-orchestrator-worker-9,33.59%,33.54MiB / 512MiB,24.2MB / 40MB
1775422237,dds26-team9-stock-worker-7,27.19%,33.7MiB / 512MiB,18.6MB / 26MB
1775422237,dds26-team9-stock-web-1,0.53%,217.6MiB / 512MiB,22kB / 4.02kB
1775422237,dds26-team9-stock-worker-1,27.30%,35.6MiB / 512MiB,18.6MB / 26MB
1775422237,dds26-team9-stock-worker-3,27.02%,33.63MiB / 512MiB,18.4MB / 25.8MB
1775422237,dds26-team9-orchestrator-worker-5,34.02%,35.48MiB / 512MiB,24.4MB / 40.1MB
1775422237,dds26-team9-stock-worker-6,27.40%,35.44MiB / 512MiB,18.6MB / 26MB
1775422237,dds26-team9-stock-web-3,0.55%,212.6MiB / 512MiB,22.1kB / 5.09kB
1775422237,dds26-team9-stock-web-2,0.59%,212.4MiB / 512MiB,20.1kB / 4.56kB
1775422237,dds26-team9-stock-worker-2,28.29%,33.67MiB / 512MiB,18.4MB / 25.8MB
1775422237,dds26-team9-stock-worker-5,26.60%,35.42MiB / 512MiB,18.7MB / 26.1MB
1775422237,dds26-team9-stock-web-4,0.55%,226MiB / 512MiB,22.9kB / 3.7MB
1775422237,dds26-team9-stock-worker-8,28.23%,35.39MiB / 512MiB,18.8MB / 26.2MB
1775422237,dds26-team9-stock-worker-4,27.67%,35.69MiB / 512MiB,18.6MB / 25.9MB
1775422237,dds26-team9-user-worker-4,39.55%,35.54MiB / 512MiB,31.4MB / 41.5MB
1775422237,dds26-team9-user-web-2,0.58%,213.1MiB / 512MiB,22.2kB / 4.62kB
1775422237,dds26-team9-user-worker-2,39.20%,33.79MiB / 512MiB,31.7MB / 41.9MB
1775422237,dds26-team9-user-worker-3,37.27%,35.82MiB / 512MiB,31.5MB / 41.6MB
1775422237,dds26-team9-user-worker-1,39.11%,35.57MiB / 512MiB,31.6MB / 41.8MB
1775422237,dds26-team9-user-web-4,0.52%,212.2MiB / 512MiB,21.4kB / 5.16kB
1775422237,dds26-team9-user-web-3,0.55%,224.5MiB / 512MiB,22.4kB / 3.1MB
1775422237,dds26-team9-user-web-1,0.53%,211.4MiB / 512MiB,18.9kB / 5.09kB
1775422237,dds26-team9-redis-stock-1,5.66%,29.01MiB / 512MiB,27.6MB / 31.8MB
1775422237,dds26-team9-redis-payment-1,5.36%,28.82MiB / 512MiB,25.4MB / 29.7MB
1775422237,dds26-team9-redis-order-1,42.24%,31.59MiB / 512MiB,332MB / 379MB
1775422237,dds26-team9-redis-orchestrator-1,30.12%,35.46MiB / 512MiB,381MB / 252MB
1775422237,dds26-team9-redis-bus-1,171.97%,38.05MiB / 2GiB,1.2GB / 680MB
1775422240,dds26-team9-gateway-1,24.51%,125.2MiB / 354.3GiB,188MB / 166MB
1775422240,dds26-team9-order-worker-5,22.34%,35.39MiB / 512MiB,18MB / 23.5MB
1775422240,dds26-team9-order-worker-3,22.50%,34.01MiB / 512MiB,18MB / 23.5MB
1775422240,dds26-team9-order-web-14,43.61%,256MiB / 1GiB,17.8MB / 19.7MB
1775422240,dds26-team9-order-web-7,36.24%,255.5MiB / 1GiB,17.8MB / 19.6MB
1775422240,dds26-team9-order-web-15,33.65%,271MiB / 1GiB,17.8MB / 31.1MB
1775422240,dds26-team9-order-web-24,33.72%,257.4MiB / 1GiB,17.8MB / 19.6MB
1775422240,dds26-team9-order-worker-2,21.67%,36.48MiB / 512MiB,18.1MB / 23.6MB
1775422240,dds26-team9-order-worker-7,21.98%,35.98MiB / 512MiB,18MB / 23.5MB
1775422240,dds26-team9-order-web-1,31.67%,253.1MiB / 1GiB,17.8MB / 19.6MB
1775422240,dds26-team9-order-web-18,33.95%,256.8MiB / 1GiB,17.8MB / 19.5MB
1775422240,dds26-team9-order-web-13,32.54%,252.5MiB / 1GiB,17.8MB / 19.6MB
1775422240,dds26-team9-order-web-23,33.00%,254.7MiB / 1GiB,17.8MB / 19.6MB
1775422240,dds26-team9-order-worker-6,21.16%,35.99MiB / 512MiB,18MB / 23.5MB
1775422240,dds26-team9-order-web-17,32.02%,252.8MiB / 1GiB,17.8MB / 19.6MB
1775422240,dds26-team9-order-web-6,31.95%,253.5MiB / 1GiB,17.8MB / 19.6MB
1775422240,dds26-team9-order-web-8,32.88%,256MiB / 1GiB,17.8MB / 19.7MB
1775422240,dds26-team9-order-web-12,31.28%,253MiB / 1GiB,17.8MB / 19.6MB
1775422240,dds26-team9-order-web-5,33.37%,253.1MiB / 1GiB,17.5MB / 19.3MB
1775422240,dds26-team9-order-web-9,33.70%,253.8MiB / 1GiB,17.8MB / 19.6MB
1775422240,dds26-team9-order-web-11,32.72%,253.3MiB / 1GiB,17.8MB / 19.7MB
1775422240,dds26-team9-order-worker-1,23.26%,35.98MiB / 512MiB,18MB / 23.5MB
1775422240,dds26-team9-order-web-19,33.97%,257.3MiB / 1GiB,17.8MB / 19.6MB
1775422240,dds26-team9-order-web-16,32.30%,252.9MiB / 1GiB,17.8MB / 19.6MB
1775422240,dds26-team9-order-web-4,33.36%,261.7MiB / 1GiB,17.8MB / 19.6MB
1775422240,dds26-team9-order-web-22,32.75%,257.6MiB / 1GiB,17.8MB / 19.7MB
1775422240,dds26-team9-order-web-21,33.79%,255MiB / 1GiB,17.8MB / 19.6MB
1775422240,dds26-team9-orchestrator-worker-25,33.80%,37.25MiB / 512MiB,25.1MB / 41.4MB
1775422240,dds26-team9-order-web-3,33.35%,253.1MiB / 1GiB,17.8MB / 19.6MB
1775422240,dds26-team9-order-web-20,33.04%,252.6MiB / 1GiB,17.8MB / 19.6MB
1775422240,dds26-team9-order-web-2,32.95%,253.2MiB / 1GiB,17.8MB / 19.6MB
1775422240,dds26-team9-orchestrator-worker-24,35.83%,33.51MiB / 512MiB,25.1MB / 41.5MB
1775422240,dds26-team9-order-worker-4,22.28%,34.24MiB / 512MiB,18MB / 23.5MB
1775422240,dds26-team9-orchestrator-worker-1,34.72%,33.46MiB / 512MiB,25MB / 41.3MB
1775422240,dds26-team9-orchestrator-worker-17,34.77%,35.46MiB / 512MiB,25.1MB / 41.4MB
1775422240,dds26-team9-orchestrator-worker-3,34.89%,35.48MiB / 512MiB,25.2MB / 41.5MB
1775422240,dds26-team9-orchestrator-worker-14,34.37%,35.27MiB / 512MiB,25.2MB / 41.5MB
1775422240,dds26-team9-orchestrator-worker-21,34.45%,35.51MiB / 512MiB,25.2MB / 41.5MB
1775422240,dds26-team9-order-web-25,33.26%,253.2MiB / 1GiB,17.8MB / 19.6MB
1775422240,dds26-team9-orchestrator-worker-7,36.40%,35.5MiB / 512MiB,25MB / 41.3MB
1775422240,dds26-team9-order-web-10,39.50%,253.3MiB / 1GiB,17.8MB / 19.6MB
1775422240,dds26-team9-orchestrator-worker-16,33.91%,35.23MiB / 512MiB,25.2MB / 41.5MB
1775422240,dds26-team9-orchestrator-worker-6,35.64%,35.5MiB / 512MiB,25.1MB / 41.3MB
1775422240,dds26-team9-orchestrator-worker-23,35.41%,33.46MiB / 512MiB,25.1MB / 41.4MB
1775422240,dds26-team9-orchestrator-worker-20,34.77%,35.82MiB / 512MiB,25.3MB / 41.6MB
1775422240,dds26-team9-order-worker-8,22.95%,34.28MiB / 512MiB,18MB / 23.5MB
1775422240,dds26-team9-orchestrator-worker-15,35.69%,35.32MiB / 512MiB,25MB / 41.3MB
1775422240,dds26-team9-orchestrator-worker-22,35.13%,33.3MiB / 512MiB,25MB / 41.3MB
1775422240,dds26-team9-orchestrator-worker-13,35.09%,35.27MiB / 512MiB,25.2MB / 41.4MB
1775422240,dds26-team9-orchestrator-worker-8,35.41%,35.5MiB / 512MiB,25.2MB / 41.6MB
1775422240,dds26-team9-orchestrator-worker-19,36.10%,33.5MiB / 512MiB,25.1MB / 41.4MB
1775422240,dds26-team9-orchestrator-worker-10,34.87%,33.52MiB / 512MiB,25.1MB / 41.5MB
1775422240,dds26-team9-orchestrator-worker-18,35.65%,35.58MiB / 512MiB,25.1MB / 41.4MB
1775422240,dds26-team9-orchestrator-worker-2,34.64%,33.54MiB / 512MiB,25.1MB / 41.4MB
1775422240,dds26-team9-orchestrator-worker-11,34.83%,33.53MiB / 512MiB,25.1MB / 41.5MB
1775422240,dds26-team9-orchestrator-worker-12,35.43%,35.5MiB / 512MiB,25MB / 41.3MB
1775422240,dds26-team9-orchestrator-worker-4,34.34%,35.49MiB / 512MiB,25.1MB / 41.5MB
1775422240,dds26-team9-orchestrator-worker-9,35.41%,33.53MiB / 512MiB,25MB / 41.4MB
1775422240,dds26-team9-stock-worker-7,28.78%,33.46MiB / 512MiB,19.3MB / 26.9MB
1775422240,dds26-team9-stock-web-1,8.01%,217.6MiB / 512MiB,22kB / 4.16kB
1775422240,dds26-team9-stock-worker-1,28.33%,35.36MiB / 512MiB,19.3MB / 26.9MB
1775422240,dds26-team9-stock-worker-3,28.33%,33.4MiB / 512MiB,19MB / 26.6MB
1775422240,dds26-team9-orchestrator-worker-5,35.14%,35.42MiB / 512MiB,25.2MB / 41.5MB
1775422240,dds26-team9-stock-worker-6,28.60%,35.62MiB / 512MiB,19.2MB / 26.9MB
1775422240,dds26-team9-stock-web-3,0.54%,212.6MiB / 512MiB,22.1kB / 5.09kB
1775422240,dds26-team9-stock-web-2,0.60%,212.4MiB / 512MiB,20.1kB / 4.56kB
1775422240,dds26-team9-stock-worker-2,30.02%,33.6MiB / 512MiB,19.1MB / 26.7MB
1775422240,dds26-team9-stock-worker-5,27.88%,35.65MiB / 512MiB,19.3MB / 26.9MB
1775422240,dds26-team9-stock-web-4,0.59%,226MiB / 512MiB,22.9kB / 3.7MB
1775422240,dds26-team9-stock-worker-8,28.01%,35.39MiB / 512MiB,19.4MB / 27.1MB
1775422240,dds26-team9-stock-worker-4,28.72%,35.95MiB / 512MiB,19.2MB / 26.8MB
1775422240,dds26-team9-user-worker-4,39.51%,35.78MiB / 512MiB,32.5MB / 43MB
1775422240,dds26-team9-user-web-2,8.91%,213.1MiB / 512MiB,22.3kB / 4.77kB
1775422240,dds26-team9-user-worker-2,38.63%,33.73MiB / 512MiB,32.8MB / 43.3MB
1775422240,dds26-team9-user-worker-3,37.01%,36MiB / 512MiB,32.5MB / 43MB
1775422240,dds26-team9-user-worker-1,38.67%,35.79MiB / 512MiB,32.7MB / 43.3MB
1775422240,dds26-team9-user-web-4,0.54%,212.2MiB / 512MiB,21.4kB / 5.16kB
1775422240,dds26-team9-user-web-3,0.57%,224.5MiB / 512MiB,22.4kB / 3.1MB
1775422240,dds26-team9-user-web-1,0.56%,211.4MiB / 512MiB,18.9kB / 5.09kB
1775422240,dds26-team9-redis-stock-1,7.84%,29.02MiB / 512MiB,28.4MB / 32.9MB
1775422240,dds26-team9-redis-payment-1,7.49%,28.82MiB / 512MiB,26.2MB / 30.8MB
1775422240,dds26-team9-redis-order-1,46.69%,32.26MiB / 512MiB,345MB / 396MB
1775422240,dds26-team9-redis-orchestrator-1,31.96%,35.75MiB / 512MiB,394MB / 260MB
1775422240,dds26-team9-redis-bus-1,173.07%,38.12MiB / 2GiB,1.24GB / 703MB
1775422243,dds26-team9-gateway-1,24.07%,124.7MiB / 354.3GiB,195MB / 173MB
1775422243,dds26-team9-order-worker-5,22.49%,35.57MiB / 512MiB,18.5MB / 24.2MB
1775422243,dds26-team9-order-worker-3,22.71%,34.08MiB / 512MiB,18.4MB / 24MB
1775422243,dds26-team9-order-web-14,32.96%,256.1MiB / 1GiB,18.5MB / 20.4MB
1775422243,dds26-team9-order-web-7,34.56%,255.6MiB / 1GiB,18.5MB / 20.4MB
1775422243,dds26-team9-order-web-15,32.48%,271.3MiB / 1GiB,18.5MB / 31.8MB
1775422243,dds26-team9-order-web-24,33.99%,257.5MiB / 1GiB,18.5MB / 20.3MB
1775422243,dds26-team9-order-worker-2,22.68%,36.23MiB / 512MiB,18.6MB / 24.3MB
1775422243,dds26-team9-order-worker-7,22.93%,35.98MiB / 512MiB,18.6MB / 24.3MB
1775422243,dds26-team9-order-web-1,41.25%,253.5MiB / 1GiB,18.5MB / 20.4MB
1775422243,dds26-team9-order-web-18,41.58%,257MiB / 1GiB,18.5MB / 20.3MB
1775422243,dds26-team9-order-web-13,33.70%,252.6MiB / 1GiB,18.5MB / 20.3MB
1775422243,dds26-team9-order-web-23,33.51%,254.7MiB / 1GiB,18.5MB / 20.3MB
1775422243,dds26-team9-order-worker-6,22.49%,36.22MiB / 512MiB,18.6MB / 24.2MB
1775422243,dds26-team9-order-web-17,34.00%,252.9MiB / 1GiB,18.5MB / 20.3MB
1775422243,dds26-team9-order-web-6,29.19%,253.3MiB / 1GiB,18.5MB / 20.3MB
1775422243,dds26-team9-order-web-8,33.10%,255.9MiB / 1GiB,18.5MB / 20.4MB
1775422243,dds26-team9-order-web-12,30.01%,253.1MiB / 1GiB,18.5MB / 20.3MB
1775422243,dds26-team9-order-web-5,31.40%,253MiB / 1GiB,18.5MB / 20.2MB
1775422243,dds26-team9-order-web-9,32.81%,254MiB / 1GiB,18.5MB / 20.3MB
1775422243,dds26-team9-order-web-11,33.32%,253.5MiB / 1GiB,18.5MB / 20.4MB
1775422243,dds26-team9-order-worker-1,23.22%,35.98MiB / 512MiB,18.5MB / 24.2MB
1775422243,dds26-team9-order-web-19,32.72%,257.4MiB / 1GiB,18.5MB / 20.4MB
1775422243,dds26-team9-order-web-16,32.18%,253.3MiB / 1GiB,18.5MB / 20.4MB
1775422243,dds26-team9-order-web-4,33.36%,261.8MiB / 1GiB,18.5MB / 20.3MB
1775422243,dds26-team9-order-web-22,32.26%,257.8MiB / 1GiB,18.5MB / 20.4MB
1775422243,dds26-team9-order-web-21,31.74%,255.1MiB / 1GiB,18.5MB / 20.3MB
1775422243,dds26-team9-orchestrator-worker-25,35.64%,37.5MiB / 512MiB,25.9MB / 42.8MB
1775422243,dds26-team9-order-web-3,32.32%,253.4MiB / 1GiB,18.5MB / 20.3MB
1775422243,dds26-team9-order-web-20,33.90%,252.8MiB / 1GiB,18.5MB / 20.3MB
1775422243,dds26-team9-order-web-2,33.08%,253.4MiB / 1GiB,18.5MB / 20.4MB
1775422243,dds26-team9-orchestrator-worker-24,36.65%,33.49MiB / 512MiB,25.9MB / 42.8MB
1775422243,dds26-team9-order-worker-4,22.84%,34.05MiB / 512MiB,18.6MB / 24.2MB
1775422243,dds26-team9-orchestrator-worker-1,36.41%,33.31MiB / 512MiB,25.8MB / 42.6MB
1775422243,dds26-team9-orchestrator-worker-17,35.65%,35.53MiB / 512MiB,25.9MB / 42.7MB
1775422243,dds26-team9-orchestrator-worker-3,34.61%,35.71MiB / 512MiB,26MB / 42.8MB
1775422243,dds26-team9-orchestrator-worker-14,34.00%,35.75MiB / 512MiB,25.9MB / 42.8MB
1775422243,dds26-team9-orchestrator-worker-21,35.23%,35.31MiB / 512MiB,25.9MB / 42.8MB
1775422243,dds26-team9-order-web-25,32.84%,253.4MiB / 1GiB,18.5MB / 20.3MB
1775422243,dds26-team9-orchestrator-worker-7,34.91%,35.78MiB / 512MiB,25.8MB / 42.6MB
1775422243,dds26-team9-order-web-10,31.00%,253.3MiB / 1GiB,18.5MB / 20.3MB
1775422243,dds26-team9-orchestrator-worker-16,36.51%,35.67MiB / 512MiB,26.1MB / 42.9MB
1775422243,dds26-team9-orchestrator-worker-6,35.80%,35.26MiB / 512MiB,25.9MB / 42.6MB
1775422243,dds26-team9-orchestrator-worker-23,35.80%,33.33MiB / 512MiB,25.9MB / 42.8MB
1775422243,dds26-team9-orchestrator-worker-20,35.17%,35.78MiB / 512MiB,26MB / 42.9MB
1775422243,dds26-team9-order-worker-8,22.65%,34.05MiB / 512MiB,18.6MB / 24.2MB
1775422243,dds26-team9-orchestrator-worker-15,34.82%,35.54MiB / 512MiB,25.8MB / 42.6MB
1775422243,dds26-team9-orchestrator-worker-22,34.68%,33.71MiB / 512MiB,25.8MB / 42.7MB
1775422243,dds26-team9-orchestrator-worker-13,37.39%,35.42MiB / 512MiB,26MB / 42.8MB
1775422243,dds26-team9-orchestrator-worker-8,33.60%,35.33MiB / 512MiB,26MB / 42.9MB
1775422243,dds26-team9-orchestrator-worker-19,34.90%,33.51MiB / 512MiB,25.9MB / 42.8MB
1775422243,dds26-team9-orchestrator-worker-10,35.67%,33.3MiB / 512MiB,25.9MB / 42.8MB
1775422243,dds26-team9-orchestrator-worker-18,34.93%,35.34MiB / 512MiB,25.9MB / 42.8MB
1775422243,dds26-team9-orchestrator-worker-2,35.33%,33.43MiB / 512MiB,25.9MB / 42.7MB
1775422243,dds26-team9-orchestrator-worker-11,34.61%,33.31MiB / 512MiB,25.9MB / 42.8MB
1775422243,dds26-team9-orchestrator-worker-12,36.39%,35.45MiB / 512MiB,25.8MB / 42.6MB
1775422243,dds26-team9-orchestrator-worker-4,35.68%,35.53MiB / 512MiB,25.9MB / 42.9MB
1775422243,dds26-team9-orchestrator-worker-9,35.32%,33.52MiB / 512MiB,25.8MB / 42.7MB
1775422243,dds26-team9-stock-worker-7,28.25%,33.71MiB / 512MiB,19.8MB / 27.7MB
1775422243,dds26-team9-stock-web-1,0.55%,217.6MiB / 512MiB,22kB / 4.16kB
1775422243,dds26-team9-stock-worker-1,28.73%,35.36MiB / 512MiB,19.9MB / 27.8MB
1775422243,dds26-team9-stock-worker-3,27.89%,33.4MiB / 512MiB,19.6MB / 27.4MB
1775422243,dds26-team9-orchestrator-worker-5,35.95%,35.49MiB / 512MiB,26MB / 42.8MB
1775422243,dds26-team9-stock-worker-6,27.23%,35.44MiB / 512MiB,19.8MB / 27.7MB
1775422243,dds26-team9-stock-web-3,0.55%,212.6MiB / 512MiB,22.2kB / 5.24kB
1775422243,dds26-team9-stock-web-2,0.61%,212.4MiB / 512MiB,20.2kB / 4.7kB
1775422243,dds26-team9-stock-worker-2,27.80%,33.85MiB / 512MiB,19.6MB / 27.5MB
1775422243,dds26-team9-stock-worker-5,28.34%,35.43MiB / 512MiB,19.9MB / 27.8MB
1775422243,dds26-team9-stock-web-4,0.55%,226MiB / 512MiB,23kB / 3.7MB
1775422243,dds26-team9-stock-worker-8,28.36%,35.39MiB / 512MiB,20MB / 27.9MB
1775422243,dds26-team9-stock-worker-4,26.67%,35.46MiB / 512MiB,19.8MB / 27.7MB
1775422243,dds26-team9-user-worker-4,39.46%,35.75MiB / 512MiB,33.6MB / 44.4MB
1775422243,dds26-team9-user-web-2,0.56%,213.1MiB / 512MiB,22.3kB / 4.77kB
1775422243,dds26-team9-user-worker-2,39.58%,34.07MiB / 512MiB,33.8MB / 44.7MB
1775422243,dds26-team9-user-worker-3,38.61%,35.82MiB / 512MiB,33.6MB / 44.4MB
1775422243,dds26-team9-user-worker-1,39.90%,35.8MiB / 512MiB,33.8MB / 44.7MB
1775422243,dds26-team9-user-web-4,0.52%,212.2MiB / 512MiB,21.5kB / 5.31kB
1775422243,dds26-team9-user-web-3,0.56%,224.5MiB / 512MiB,22.5kB / 3.1MB
1775422243,dds26-team9-user-web-1,4.19%,211.4MiB / 512MiB,19kB / 5.24kB
1775422243,dds26-team9-redis-stock-1,5.53%,29.02MiB / 512MiB,29.1MB / 33.9MB
1775422243,dds26-team9-redis-payment-1,5.52%,28.8MiB / 512MiB,26.9MB / 31.8MB
1775422243,dds26-team9-redis-order-1,42.43%,32.01MiB / 512MiB,358MB / 413MB
1775422243,dds26-team9-redis-orchestrator-1,30.11%,35.56MiB / 512MiB,407MB / 269MB
1775422243,dds26-team9-redis-bus-1,173.39%,37.91MiB / 2GiB,1.28GB / 726MB
1775422247,dds26-team9-gateway-1,23.40%,124.5MiB / 354.3GiB,203MB / 179MB
1775422247,dds26-team9-order-worker-5,22.83%,35.65MiB / 512MiB,19.1MB / 24.9MB
1775422247,dds26-team9-order-worker-3,21.95%,34.1MiB / 512MiB,19.1MB / 25MB
1775422247,dds26-team9-order-web-14,31.14%,256.2MiB / 1GiB,19.2MB / 21.1MB
1775422247,dds26-team9-order-web-7,32.06%,255.7MiB / 1GiB,19.2MB / 21.1MB
1775422247,dds26-team9-order-web-15,31.95%,271.2MiB / 1GiB,19.3MB / 32.5MB
1775422247,dds26-team9-order-web-24,31.58%,257.4MiB / 1GiB,19.3MB / 21MB
1775422247,dds26-team9-order-worker-2,22.58%,35.99MiB / 512MiB,19.2MB / 25MB
1775422247,dds26-team9-order-worker-7,23.49%,36.22MiB / 512MiB,19MB / 24.8MB
1775422247,dds26-team9-order-web-1,30.61%,253.7MiB / 1GiB,19.2MB / 21.1MB
1775422247,dds26-team9-order-web-18,30.71%,257.3MiB / 1GiB,19.2MB / 21MB
1775422247,dds26-team9-order-web-13,31.36%,252.7MiB / 1GiB,19.3MB / 21.1MB
1775422247,dds26-team9-order-web-23,30.76%,254.8MiB / 1GiB,19.2MB / 21MB
1775422247,dds26-team9-order-worker-6,22.04%,36.18MiB / 512MiB,19.1MB / 25MB
1775422247,dds26-team9-order-web-17,31.81%,252.9MiB / 1GiB,19.3MB / 21MB
1775422247,dds26-team9-order-web-6,30.10%,253.3MiB / 1GiB,19.2MB / 21MB
1775422247,dds26-team9-order-web-8,31.00%,255.9MiB / 1GiB,19.3MB / 21.1MB
1775422247,dds26-team9-order-web-12,30.65%,253MiB / 1GiB,19.2MB / 21MB
1775422247,dds26-team9-order-web-5,36.06%,253.1MiB / 1GiB,19.2MB / 21MB
1775422247,dds26-team9-order-web-9,38.14%,254.2MiB / 1GiB,19.3MB / 21MB
1775422247,dds26-team9-order-web-11,37.53%,253.6MiB / 1GiB,19.3MB / 21.1MB
1775422247,dds26-team9-order-worker-1,21.96%,35.98MiB / 512MiB,19.1MB / 24.9MB
1775422247,dds26-team9-order-web-19,38.23%,257.4MiB / 1GiB,19.2MB / 21.1MB
1775422247,dds26-team9-order-web-16,29.92%,253.4MiB / 1GiB,19.3MB / 21.1MB
1775422247,dds26-team9-order-web-4,31.10%,262.4MiB / 1GiB,19.3MB / 21MB
1775422247,dds26-team9-order-web-22,31.05%,257.8MiB / 1GiB,19.2MB / 21.1MB
1775422247,dds26-team9-order-web-21,29.90%,255.2MiB / 1GiB,19.2MB / 21.1MB
1775422247,dds26-team9-orchestrator-worker-25,34.37%,37.4MiB / 512MiB,26.7MB / 44.1MB
1775422247,dds26-team9-order-web-3,30.34%,253.2MiB / 1GiB,19.3MB / 21.1MB
1775422247,dds26-team9-order-web-20,31.67%,252.9MiB / 1GiB,19.2MB / 21MB
1775422247,dds26-team9-order-web-2,31.97%,253.3MiB / 1GiB,19.3MB / 21.1MB
1775422247,dds26-team9-orchestrator-worker-24,35.07%,33.54MiB / 512MiB,26.8MB / 44.2MB
1775422247,dds26-team9-order-worker-4,22.12%,34.28MiB / 512MiB,19.1MB / 24.9MB
1775422247,dds26-team9-orchestrator-worker-1,35.72%,33.31MiB / 512MiB,26.6MB / 44MB
1775422247,dds26-team9-orchestrator-worker-17,34.13%,35.28MiB / 512MiB,26.7MB / 44.1MB
1775422247,dds26-team9-orchestrator-worker-3,34.64%,35.25MiB / 512MiB,26.8MB / 44.1MB
1775422247,dds26-team9-orchestrator-worker-14,34.22%,35.27MiB / 512MiB,26.8MB / 44.1MB
1775422247,dds26-team9-orchestrator-worker-21,32.97%,35.55MiB / 512MiB,26.7MB / 44.1MB
1775422247,dds26-team9-order-web-25,31.42%,253.4MiB / 1GiB,19.3MB / 21MB
1775422247,dds26-team9-orchestrator-worker-7,35.53%,35.75MiB / 512MiB,26.7MB / 44MB
1775422247,dds26-team9-order-web-10,30.77%,253.4MiB / 1GiB,19.2MB / 21.1MB
1775422247,dds26-team9-orchestrator-worker-16,35.23%,35.46MiB / 512MiB,26.9MB / 44.2MB
1775422247,dds26-team9-orchestrator-worker-6,35.27%,35.66MiB / 512MiB,26.7MB / 44MB
1775422247,dds26-team9-orchestrator-worker-23,36.37%,33.52MiB / 512MiB,26.7MB / 44.1MB
1775422247,dds26-team9-orchestrator-worker-20,34.45%,35.59MiB / 512MiB,26.9MB / 44.3MB
1775422247,dds26-team9-order-worker-8,22.78%,34.05MiB / 512MiB,19.1MB / 24.9MB
1775422247,dds26-team9-orchestrator-worker-15,36.26%,35.45MiB / 512MiB,26.6MB / 43.9MB
1775422247,dds26-team9-orchestrator-worker-22,34.74%,33.51MiB / 512MiB,26.6MB / 44MB
1775422247,dds26-team9-orchestrator-worker-13,36.20%,35.27MiB / 512MiB,26.8MB / 44.1MB
1775422247,dds26-team9-orchestrator-worker-8,33.48%,35.48MiB / 512MiB,26.9MB / 44.3MB
1775422247,dds26-team9-orchestrator-worker-19,36.11%,33.49MiB / 512MiB,26.8MB / 44.1MB
1775422247,dds26-team9-orchestrator-worker-10,36.47%,33.46MiB / 512MiB,26.7MB / 44.2MB
1775422247,dds26-team9-orchestrator-worker-18,35.52%,35.34MiB / 512MiB,26.7MB / 44.1MB
1775422247,dds26-team9-orchestrator-worker-2,34.90%,33.53MiB / 512MiB,26.7MB / 44.1MB
1775422247,dds26-team9-orchestrator-worker-11,36.28%,33.31MiB / 512MiB,26.8MB / 44.1MB
1775422247,dds26-team9-orchestrator-worker-12,34.16%,35.31MiB / 512MiB,26.6MB / 44MB
1775422247,dds26-team9-orchestrator-worker-4,33.15%,35.54MiB / 512MiB,26.8MB / 44.2MB
1775422247,dds26-team9-orchestrator-worker-9,34.96%,33.54MiB / 512MiB,26.6MB / 44MB
1775422247,dds26-team9-stock-worker-7,29.01%,33.68MiB / 512MiB,20.5MB / 28.6MB
1775422247,dds26-team9-stock-web-1,0.55%,217.6MiB / 512MiB,22kB / 4.16kB
1775422247,dds26-team9-stock-worker-1,28.14%,35.59MiB / 512MiB,20.5MB / 28.6MB
1775422247,dds26-team9-stock-worker-3,28.30%,33.6MiB / 512MiB,20.2MB / 28.3MB
1775422247,dds26-team9-orchestrator-worker-5,35.15%,35.52MiB / 512MiB,26.8MB / 44.2MB
1775422247,dds26-team9-stock-worker-6,27.17%,35.43MiB / 512MiB,20.5MB / 28.6MB
1775422247,dds26-team9-stock-web-3,0.54%,212.6MiB / 512MiB,22.2kB / 5.24kB
1775422247,dds26-team9-stock-web-2,0.60%,212.4MiB / 512MiB,20.2kB / 4.7kB
1775422247,dds26-team9-stock-worker-2,28.41%,33.43MiB / 512MiB,20.3MB / 28.4MB
1775422247,dds26-team9-stock-worker-5,27.67%,35.65MiB / 512MiB,20.6MB / 28.7MB
1775422247,dds26-team9-stock-web-4,0.57%,226MiB / 512MiB,23kB / 3.7MB
1775422247,dds26-team9-stock-worker-8,27.31%,35.39MiB / 512MiB,20.6MB / 28.8MB
1775422247,dds26-team9-stock-worker-4,28.49%,35.46MiB / 512MiB,20.4MB / 28.5MB
1775422247,dds26-team9-user-worker-4,40.34%,35.69MiB / 512MiB,34.6MB / 45.8MB
1775422247,dds26-team9-user-web-2,0.58%,213.5MiB / 512MiB,22.3kB / 4.77kB
1775422247,dds26-team9-user-worker-2,38.74%,33.58MiB / 512MiB,34.9MB / 46.1MB
1775422247,dds26-team9-user-worker-3,37.48%,35.77MiB / 512MiB,34.7MB / 45.8MB
1775422247,dds26-team9-user-worker-1,38.85%,35.71MiB / 512MiB,34.9MB / 46MB
1775422247,dds26-team9-user-web-4,0.54%,212.2MiB / 512MiB,21.5kB / 5.31kB
1775422247,dds26-team9-user-web-3,0.56%,224.5MiB / 512MiB,22.5kB / 3.1MB
1775422247,dds26-team9-user-web-1,0.56%,211.4MiB / 512MiB,19kB / 5.24kB
1775422247,dds26-team9-redis-stock-1,7.84%,28.99MiB / 512MiB,30MB / 35MB
1775422247,dds26-team9-redis-payment-1,7.57%,28.8MiB / 512MiB,27.7MB / 32.8MB
1775422247,dds26-team9-redis-order-1,44.20%,32.09MiB / 512MiB,371MB / 431MB
1775422247,dds26-team9-redis-orchestrator-1,31.73%,35.45MiB / 512MiB,420MB / 278MB
1775422247,dds26-team9-redis-bus-1,176.30%,37.66MiB / 2GiB,1.32GB / 748MB
1775422250,dds26-team9-gateway-1,24.08%,124.7MiB / 354.3GiB,211MB / 186MB
1775422250,dds26-team9-order-worker-5,23.61%,35.43MiB / 512MiB,19.7MB / 25.7MB
1775422250,dds26-team9-order-worker-3,22.70%,34.24MiB / 512MiB,19.7MB / 25.7MB
1775422250,dds26-team9-order-web-14,40.11%,256.7MiB / 1GiB,20MB / 21.8MB
1775422250,dds26-team9-order-web-7,34.69%,255.9MiB / 1GiB,20MB / 21.8MB
1775422250,dds26-team9-order-web-15,33.78%,273.5MiB / 1GiB,20MB / 33.2MB
1775422250,dds26-team9-order-web-24,35.26%,257.9MiB / 1GiB,20MB / 21.8MB
1775422250,dds26-team9-order-worker-2,21.69%,36.23MiB / 512MiB,19.7MB / 25.7MB
1775422250,dds26-team9-order-worker-7,21.70%,36.23MiB / 512MiB,19.7MB / 25.7MB
1775422250,dds26-team9-order-web-1,33.79%,253.7MiB / 1GiB,20MB / 21.8MB
1775422250,dds26-team9-order-web-18,34.70%,257.1MiB / 1GiB,20MB / 21.7MB
1775422250,dds26-team9-order-web-13,33.23%,253.1MiB / 1GiB,20MB / 21.8MB
1775422250,dds26-team9-order-web-23,34.25%,257MiB / 1GiB,20MB / 21.8MB
1775422250,dds26-team9-order-worker-6,22.46%,35.99MiB / 512MiB,19.7MB / 25.7MB
1775422250,dds26-team9-order-web-17,32.60%,253MiB / 1GiB,19.7MB / 21.5MB
1775422250,dds26-team9-order-web-6,31.57%,253.7MiB / 1GiB,20MB / 21.8MB
1775422250,dds26-team9-order-web-8,32.95%,256.3MiB / 1GiB,20MB / 21.9MB
1775422250,dds26-team9-order-web-12,31.93%,253.1MiB / 1GiB,20MB / 21.7MB
1775422250,dds26-team9-order-web-5,32.52%,253.2MiB / 1GiB,19.9MB / 21.7MB
1775422250,dds26-team9-order-web-9,32.84%,254.5MiB / 1GiB,20MB / 21.8MB
1775422250,dds26-team9-order-web-11,32.74%,253.6MiB / 1GiB,20MB / 21.9MB
1775422250,dds26-team9-order-worker-1,24.84%,36.23MiB / 512MiB,19.7MB / 25.7MB
1775422250,dds26-team9-order-web-19,32.32%,257.5MiB / 1GiB,20MB / 21.8MB
1775422250,dds26-team9-order-web-16,33.57%,253.9MiB / 1GiB,20MB / 21.8MB
1775422250,dds26-team9-order-web-4,33.39%,262.7MiB / 1GiB,20MB / 21.8MB
1775422250,dds26-team9-order-web-22,33.26%,258.1MiB / 1GiB,20MB / 21.8MB
1775422250,dds26-team9-order-web-21,34.26%,255.4MiB / 1GiB,20MB / 21.8MB
1775422250,dds26-team9-orchestrator-worker-25,35.12%,37.26MiB / 512MiB,27.5MB / 45.5MB
1775422250,dds26-team9-order-web-3,33.04%,253.2MiB / 1GiB,20MB / 21.8MB
1775422250,dds26-team9-order-web-20,34.94%,253.4MiB / 1GiB,20MB / 21.8MB
1775422250,dds26-team9-order-web-2,32.77%,253.5MiB / 1GiB,20MB / 21.8MB
1775422250,dds26-team9-orchestrator-worker-24,36.22%,33.5MiB / 512MiB,27.6MB / 45.5MB
1775422250,dds26-team9-order-worker-4,22.39%,34.05MiB / 512MiB,19.7MB / 25.7MB
1775422250,dds26-team9-orchestrator-worker-1,35.44%,33.69MiB / 512MiB,27.4MB / 45.3MB
1775422250,dds26-team9-orchestrator-worker-17,33.87%,35.47MiB / 512MiB,27.5MB / 45.4MB
1775422250,dds26-team9-orchestrator-worker-3,36.07%,35.47MiB / 512MiB,27.6MB / 45.5MB
1775422250,dds26-team9-orchestrator-worker-14,35.84%,35.42MiB / 512MiB,27.6MB / 45.5MB
1775422250,dds26-team9-orchestrator-worker-21,34.36%,35.31MiB / 512MiB,27.5MB / 45.4MB
1775422250,dds26-team9-order-web-25,35.87%,253.6MiB / 1GiB,20MB / 21.8MB
1775422250,dds26-team9-orchestrator-worker-7,34.77%,35.42MiB / 512MiB,27.5MB / 45.3MB
1775422250,dds26-team9-order-web-10,40.39%,253.4MiB / 1GiB,20MB / 21.8MB
1775422250,dds26-team9-orchestrator-worker-16,33.08%,35.48MiB / 512MiB,27.6MB / 45.5MB
1775422250,dds26-team9-orchestrator-worker-6,34.89%,35.52MiB / 512MiB,27.5MB / 45.3MB
1775422250,dds26-team9-orchestrator-worker-23,33.78%,33.33MiB / 512MiB,27.5MB / 45.4MB
1775422250,dds26-team9-orchestrator-worker-20,33.56%,35.35MiB / 512MiB,27.7MB / 45.6MB
1775422250,dds26-team9-order-worker-8,25.16%,34.05MiB / 512MiB,19.7MB / 25.7MB
1775422250,dds26-team9-orchestrator-worker-15,34.09%,35.56MiB / 512MiB,27.4MB / 45.3MB
1775422250,dds26-team9-orchestrator-worker-22,34.71%,33.5MiB / 512MiB,27.4MB / 45.3MB
1775422250,dds26-team9-orchestrator-worker-13,35.29%,35.5MiB / 512MiB,27.6MB / 45.5MB
1775422250,dds26-team9-orchestrator-worker-8,34.26%,35.56MiB / 512MiB,27.7MB / 45.6MB
1775422250,dds26-team9-orchestrator-worker-19,35.43%,33.28MiB / 512MiB,27.6MB / 45.5MB
1775422250,dds26-team9-orchestrator-worker-10,35.79%,33.54MiB / 512MiB,27.5MB / 45.5MB
1775422250,dds26-team9-orchestrator-worker-18,36.09%,35.57MiB / 512MiB,27.6MB / 45.5MB
1775422250,dds26-team9-orchestrator-worker-2,35.89%,33.51MiB / 512MiB,27.5MB / 45.4MB
1775422250,dds26-team9-orchestrator-worker-11,34.94%,33.77MiB / 512MiB,27.6MB / 45.5MB
1775422250,dds26-team9-orchestrator-worker-12,34.66%,35.51MiB / 512MiB,27.4MB / 45.3MB
1775422250,dds26-team9-orchestrator-worker-4,34.32%,35.29MiB / 512MiB,27.5MB / 45.5MB
1775422250,dds26-team9-orchestrator-worker-9,33.36%,33.29MiB / 512MiB,27.4MB / 45.3MB
1775422250,dds26-team9-stock-worker-7,27.75%,33.68MiB / 512MiB,21.1MB / 29.5MB
1775422250,dds26-team9-stock-web-1,8.30%,217.6MiB / 512MiB,22.1kB / 4.31kB
1775422250,dds26-team9-stock-worker-1,27.66%,35.83MiB / 512MiB,21.1MB / 29.5MB
1775422250,dds26-team9-stock-worker-3,28.41%,33.65MiB / 512MiB,20.8MB / 29.2MB
1775422250,dds26-team9-orchestrator-worker-5,35.41%,35.52MiB / 512MiB,27.7MB / 45.6MB
1775422250,dds26-team9-stock-worker-6,27.15%,35.68MiB / 512MiB,21.1MB / 29.4MB
1775422250,dds26-team9-stock-web-3,0.58%,212.6MiB / 512MiB,22.2kB / 5.24kB
1775422250,dds26-team9-stock-web-2,0.63%,212.4MiB / 512MiB,20.2kB / 4.7kB
1775422250,dds26-team9-stock-worker-2,27.14%,33.64MiB / 512MiB,20.9MB / 29.2MB
1775422250,dds26-team9-stock-worker-5,28.84%,35.43MiB / 512MiB,21.2MB / 29.6MB
1775422250,dds26-team9-stock-web-4,0.59%,226MiB / 512MiB,23kB / 3.7MB
1775422250,dds26-team9-stock-worker-8,28.49%,35.39MiB / 512MiB,21.2MB / 29.7MB
1775422250,dds26-team9-stock-worker-4,29.36%,35.69MiB / 512MiB,21.1MB / 29.4MB
1775422250,dds26-team9-user-worker-4,40.90%,35.73MiB / 512MiB,35.7MB / 47.2MB
1775422250,dds26-team9-user-web-2,8.75%,213.6MiB / 512MiB,22.4kB / 4.91kB
1775422250,dds26-team9-user-worker-2,38.99%,33.97MiB / 512MiB,36MB / 47.5MB
1775422250,dds26-team9-user-worker-3,37.62%,35.82MiB / 512MiB,35.8MB / 47.2MB
1775422250,dds26-team9-user-worker-1,40.13%,35.81MiB / 512MiB,35.9MB / 47.5MB
1775422250,dds26-team9-user-web-4,0.53%,212.2MiB / 512MiB,21.5kB / 5.31kB
1775422250,dds26-team9-user-web-3,0.56%,224.5MiB / 512MiB,22.5kB / 3.1MB
1775422250,dds26-team9-user-web-1,0.57%,211.4MiB / 512MiB,19kB / 5.24kB
1775422250,dds26-team9-redis-stock-1,6.97%,29.02MiB / 512MiB,30.7MB / 36.1MB
1775422250,dds26-team9-redis-payment-1,5.53%,28.81MiB / 512MiB,28.5MB / 33.9MB
1775422250,dds26-team9-redis-order-1,44.84%,33.55MiB / 512MiB,385MB / 448MB
1775422250,dds26-team9-redis-orchestrator-1,30.51%,35.54MiB / 512MiB,433MB / 286MB
1775422250,dds26-team9-redis-bus-1,173.90%,37.91MiB / 2GiB,1.36GB / 770MB
1775422253,dds26-team9-gateway-1,24.30%,124.4MiB / 354.3GiB,219MB / 193MB
1775422253,dds26-team9-order-worker-5,23.35%,35.91MiB / 512MiB,20.2MB / 26.4MB
1775422253,dds26-team9-order-worker-3,22.11%,34.01MiB / 512MiB,20.3MB / 26.4MB
1775422253,dds26-team9-order-web-14,30.40%,256.7MiB / 1GiB,20.7MB / 22.6MB
1775422253,dds26-team9-order-web-7,32.23%,256MiB / 1GiB,20.7MB / 22.5MB
1775422253,dds26-team9-order-web-15,31.63%,273.7MiB / 1GiB,20.7MB / 34MB
1775422253,dds26-team9-order-web-24,30.11%,257.7MiB / 1GiB,20.7MB / 22.5MB
1775422253,dds26-team9-order-worker-2,22.19%,35.99MiB / 512MiB,20.3MB / 26.5MB
1775422253,dds26-team9-order-worker-7,21.66%,35.98MiB / 512MiB,20.1MB / 26.2MB
1775422253,dds26-team9-order-web-1,38.93%,253.8MiB / 1GiB,20.7MB / 22.5MB
1775422253,dds26-team9-order-web-18,36.24%,266.4MiB / 1GiB,20.7MB / 22.5MB
1775422253,dds26-team9-order-web-13,29.72%,253MiB / 1GiB,20.7MB / 22.5MB
1775422253,dds26-team9-order-web-23,30.04%,257MiB / 1GiB,20.7MB / 22.5MB
1775422253,dds26-team9-order-worker-6,22.47%,35.99MiB / 512MiB,20.3MB / 26.5MB
1775422253,dds26-team9-order-web-17,30.83%,253.2MiB / 1GiB,20.7MB / 22.5MB
1775422253,dds26-team9-order-web-6,29.73%,254MiB / 1GiB,20.7MB / 22.5MB
1775422253,dds26-team9-order-web-8,30.54%,256.2MiB / 1GiB,20.8MB / 22.6MB
1775422253,dds26-team9-order-web-12,29.35%,253.2MiB / 1GiB,20.7MB / 22.4MB
1775422253,dds26-team9-order-web-5,29.16%,253.2MiB / 1GiB,20.7MB / 22.4MB
1775422253,dds26-team9-order-web-9,30.21%,254.3MiB / 1GiB,20.7MB / 22.5MB
1775422253,dds26-team9-order-web-11,29.48%,253.7MiB / 1GiB,20.7MB / 22.6MB
1775422253,dds26-team9-order-worker-1,23.89%,36.03MiB / 512MiB,20.3MB / 26.4MB
1775422253,dds26-team9-order-web-19,28.72%,257.5MiB / 1GiB,20.7MB / 22.6MB
1775422253,dds26-team9-order-web-16,28.46%,253.6MiB / 1GiB,20.7MB / 22.5MB
1775422253,dds26-team9-order-web-4,30.73%,262.1MiB / 1GiB,20.8MB / 22.5MB
1775422253,dds26-team9-order-web-22,30.40%,257.9MiB / 1GiB,20.7MB / 22.6MB
1775422253,dds26-team9-order-web-21,31.06%,255.5MiB / 1GiB,20.7MB / 22.6MB
1775422253,dds26-team9-orchestrator-worker-25,34.06%,37.32MiB / 512MiB,28.4MB / 46.8MB
1775422253,dds26-team9-order-web-3,30.85%,253.5MiB / 1GiB,20.7MB / 22.5MB
1775422253,dds26-team9-order-web-20,31.46%,253.1MiB / 1GiB,20.7MB / 22.5MB
1775422253,dds26-team9-order-web-2,30.58%,253.3MiB / 1GiB,20.7MB / 22.5MB
1775422253,dds26-team9-orchestrator-worker-24,35.09%,33.55MiB / 512MiB,28.4MB / 46.8MB
1775422253,dds26-team9-order-worker-4,23.39%,34.05MiB / 512MiB,20.3MB / 26.4MB
1775422253,dds26-team9-orchestrator-worker-1,34.61%,33.5MiB / 512MiB,28.2MB / 46.7MB
1775422253,dds26-team9-orchestrator-worker-17,34.07%,35.53MiB / 512MiB,28.3MB / 46.7MB
1775422253,dds26-team9-orchestrator-worker-3,32.75%,35.5MiB / 512MiB,28.4MB / 46.8MB
1775422253,dds26-team9-orchestrator-worker-14,34.50%,35.46MiB / 512MiB,28.4MB / 46.8MB
1775422253,dds26-team9-orchestrator-worker-21,33.17%,35.54MiB / 512MiB,28.4MB / 46.8MB
1775422253,dds26-team9-order-web-25,31.05%,253.7MiB / 1GiB,20.8MB / 22.5MB
1775422253,dds26-team9-orchestrator-worker-7,35.60%,35.5MiB / 512MiB,28.3MB / 46.6MB
1775422253,dds26-team9-order-web-10,30.44%,253.7MiB / 1GiB,20.7MB / 22.5MB
1775422253,dds26-team9-orchestrator-worker-16,32.53%,35.46MiB / 512MiB,28.5MB / 46.9MB
1775422253,dds26-team9-orchestrator-worker-6,33.45%,35.37MiB / 512MiB,28.3MB / 46.7MB
1775422253,dds26-team9-orchestrator-worker-23,34.47%,33.33MiB / 512MiB,28.4MB / 46.8MB
1775422253,dds26-team9-orchestrator-worker-20,32.27%,35.36MiB / 512MiB,28.5MB / 47MB
1775422253,dds26-team9-order-worker-8,23.56%,34.05MiB / 512MiB,20.3MB / 26.4MB
1775422253,dds26-team9-orchestrator-worker-15,33.69%,35.32MiB / 512MiB,28.2MB / 46.6MB
1775422253,dds26-team9-orchestrator-worker-22,33.79%,33.43MiB / 512MiB,28.3MB / 46.7MB
1775422253,dds26-team9-orchestrator-worker-13,33.88%,35.49MiB / 512MiB,28.4MB / 46.8MB
1775422253,dds26-team9-orchestrator-worker-8,33.16%,35.32MiB / 512MiB,28.5MB / 47MB
1775422253,dds26-team9-orchestrator-worker-19,34.67%,33.51MiB / 512MiB,28.4MB / 46.8MB
1775422253,dds26-team9-orchestrator-worker-10,32.28%,33.3MiB / 512MiB,28.3MB / 46.8MB
1775422253,dds26-team9-orchestrator-worker-18,33.82%,35.59MiB / 512MiB,28.4MB / 46.8MB
1775422253,dds26-team9-orchestrator-worker-2,32.59%,33.51MiB / 512MiB,28.3MB / 46.8MB
1775422253,dds26-team9-orchestrator-worker-11,33.17%,33.52MiB / 512MiB,28.4MB / 46.8MB
1775422253,dds26-team9-orchestrator-worker-12,32.40%,35.38MiB / 512MiB,28.2MB / 46.6MB
1775422253,dds26-team9-orchestrator-worker-4,31.28%,35.54MiB / 512MiB,28.3MB / 46.8MB
1775422253,dds26-team9-orchestrator-worker-9,32.55%,33.54MiB / 512MiB,28.2MB / 46.7MB
1775422253,dds26-team9-stock-worker-7,26.24%,33.7MiB / 512MiB,21.7MB / 30.3MB
1775422253,dds26-team9-stock-web-1,0.51%,217.6MiB / 512MiB,22.1kB / 4.31kB
1775422253,dds26-team9-stock-worker-1,26.16%,35.37MiB / 512MiB,21.7MB / 30.3MB
1775422253,dds26-team9-stock-worker-3,26.31%,33.65MiB / 512MiB,21.5MB / 30.1MB
1775422253,dds26-team9-orchestrator-worker-5,32.09%,35.53MiB / 512MiB,28.4MB / 46.9MB
1775422253,dds26-team9-stock-worker-6,26.39%,35.68MiB / 512MiB,21.7MB / 30.3MB
1775422253,dds26-team9-stock-web-3,0.57%,212.6MiB / 512MiB,22.3kB / 5.39kB
1775422253,dds26-team9-stock-web-2,0.55%,212.4MiB / 512MiB,20.3kB / 4.85kB
1775422253,dds26-team9-stock-worker-2,27.95%,33.64MiB / 512MiB,21.5MB / 30.1MB
1775422253,dds26-team9-stock-worker-5,25.19%,35.68MiB / 512MiB,21.8MB / 30.4MB
1775422253,dds26-team9-stock-web-4,0.54%,226MiB / 512MiB,23.1kB / 3.7MB
1775422253,dds26-team9-stock-worker-8,24.93%,35.64MiB / 512MiB,21.9MB / 30.5MB
1775422253,dds26-team9-stock-worker-4,26.25%,35.46MiB / 512MiB,21.7MB / 30.3MB
1775422253,dds26-team9-user-worker-4,39.74%,35.77MiB / 512MiB,36.8MB / 48.6MB
1775422253,dds26-team9-user-web-2,0.53%,213.6MiB / 512MiB,22.4kB / 4.91kB
1775422253,dds26-team9-user-worker-2,40.21%,34.06MiB / 512MiB,37.1MB / 49MB
1775422253,dds26-team9-user-worker-3,37.76%,35.58MiB / 512MiB,36.8MB / 48.6MB
1775422253,dds26-team9-user-worker-1,39.47%,35.82MiB / 512MiB,37MB / 48.8MB
1775422253,dds26-team9-user-web-4,0.54%,212.2MiB / 512MiB,21.6kB / 5.45kB
1775422253,dds26-team9-user-web-3,0.58%,224.5MiB / 512MiB,22.6kB / 3.1MB
1775422253,dds26-team9-user-web-1,8.12%,211.4MiB / 512MiB,19.1kB / 5.39kB
1775422253,dds26-team9-redis-stock-1,5.33%,29.01MiB / 512MiB,31.5MB / 37.1MB
1775422253,dds26-team9-redis-payment-1,5.52%,28.8MiB / 512MiB,29.2MB / 34.9MB
1775422253,dds26-team9-redis-order-1,42.47%,39.15MiB / 512MiB,398MB / 465MB
1775422253,dds26-team9-redis-orchestrator-1,30.61%,35.49MiB / 512MiB,446MB / 295MB
1775422253,dds26-team9-redis-bus-1,172.79%,37.95MiB / 2GiB,1.4GB / 793MB
1775422257,dds26-team9-gateway-1,22.98%,124MiB / 354.3GiB,227MB / 200MB
1775422257,dds26-team9-order-worker-5,22.70%,35.64MiB / 512MiB,20.8MB / 27.1MB
1775422257,dds26-team9-order-worker-3,22.23%,34.2MiB / 512MiB,20.8MB / 27.2MB
1775422257,dds26-team9-order-web-14,32.82%,256.5MiB / 1GiB,21.2MB / 23.1MB
1775422257,dds26-team9-order-web-7,29.95%,256MiB / 1GiB,21.5MB / 23.3MB
1775422257,dds26-team9-order-web-15,31.38%,273.5MiB / 1GiB,21.5MB / 34.7MB
1775422257,dds26-team9-order-web-24,31.87%,258.1MiB / 1GiB,21.5MB / 23.3MB
1775422257,dds26-team9-order-worker-2,21.18%,36.2MiB / 512MiB,20.9MB / 27.2MB
1775422257,dds26-team9-order-worker-7,21.19%,36.21MiB / 512MiB,20.9MB / 27.2MB
1775422257,dds26-team9-order-web-1,31.35%,253.8MiB / 1GiB,21.5MB / 23.3MB
1775422257,dds26-team9-order-web-18,30.42%,257.3MiB / 1GiB,21.5MB / 23.2MB
1775422257,dds26-team9-order-web-13,31.41%,253.4MiB / 1GiB,21.5MB / 23.3MB
1775422257,dds26-team9-order-web-23,31.02%,257.2MiB / 1GiB,21.5MB / 23.3MB
1775422257,dds26-team9-order-worker-6,21.78%,36.21MiB / 512MiB,20.8MB / 27.2MB
1775422257,dds26-team9-order-web-17,30.43%,253.5MiB / 1GiB,21.5MB / 23.2MB
1775422257,dds26-team9-order-web-6,30.13%,253.6MiB / 1GiB,21.5MB / 23.2MB
1775422257,dds26-team9-order-web-8,31.09%,256.3MiB / 1GiB,21.5MB / 23.3MB
1775422257,dds26-team9-order-web-12,31.51%,253.6MiB / 1GiB,21.5MB / 23.2MB
1775422257,dds26-team9-order-web-5,36.60%,253.4MiB / 1GiB,21.5MB / 23.2MB
1775422257,dds26-team9-order-web-9,39.53%,254.5MiB / 1GiB,21.5MB / 23.3MB
1775422257,dds26-team9-order-web-11,37.33%,254MiB / 1GiB,21.5MB / 23.3MB
1775422257,dds26-team9-order-worker-1,21.44%,36.18MiB / 512MiB,20.8MB / 27.1MB
1775422257,dds26-team9-order-web-19,38.22%,269.2MiB / 1GiB,21.5MB / 23.3MB
1775422257,dds26-team9-order-web-16,31.05%,253.8MiB / 1GiB,21.5MB / 23.3MB
1775422257,dds26-team9-order-web-4,31.16%,262.2MiB / 1GiB,21.5MB / 23.2MB
1775422257,dds26-team9-order-web-22,31.55%,258.1MiB / 1GiB,21.5MB / 23.3MB
1775422257,dds26-team9-order-web-21,30.99%,255.6MiB / 1GiB,21.5MB / 23.3MB
1775422257,dds26-team9-orchestrator-worker-25,33.92%,37.75MiB / 512MiB,29.2MB / 48.2MB
1775422257,dds26-team9-order-web-3,29.74%,253.3MiB / 1GiB,21.5MB / 23.3MB
1775422257,dds26-team9-order-web-20,30.53%,253.4MiB / 1GiB,21.5MB / 23.3MB
1775422257,dds26-team9-order-web-2,30.23%,253.4MiB / 1GiB,21.5MB / 23.3MB
1775422257,dds26-team9-orchestrator-worker-24,33.55%,33.43MiB / 512MiB,29.2MB / 48.2MB
1775422257,dds26-team9-order-worker-4,22.22%,34.2MiB / 512MiB,20.8MB / 27.2MB
1775422257,dds26-team9-orchestrator-worker-1,32.81%,33.53MiB / 512MiB,29.1MB / 48MB
1775422257,dds26-team9-orchestrator-worker-17,33.37%,35.47MiB / 512MiB,29.2MB / 48.1MB
1775422257,dds26-team9-orchestrator-worker-3,34.79%,35.25MiB / 512MiB,29.2MB / 48.2MB
1775422257,dds26-team9-orchestrator-worker-14,33.84%,35.49MiB / 512MiB,29.2MB / 48.2MB
1775422257,dds26-team9-orchestrator-worker-21,32.83%,35.56MiB / 512MiB,29.2MB / 48.2MB
1775422257,dds26-team9-order-web-25,31.73%,253.7MiB / 1GiB,21.5MB / 23.2MB
1775422257,dds26-team9-orchestrator-worker-7,35.42%,35.51MiB / 512MiB,29.1MB / 48MB
1775422257,dds26-team9-order-web-10,31.35%,253.7MiB / 1GiB,21.5MB / 23.3MB
1775422257,dds26-team9-orchestrator-worker-16,33.61%,35.47MiB / 512MiB,29.3MB / 48.2MB
1775422257,dds26-team9-orchestrator-worker-6,34.27%,35.51MiB / 512MiB,29.1MB / 48MB
1775422257,dds26-team9-orchestrator-worker-23,34.20%,33.33MiB / 512MiB,29.2MB / 48.2MB
1775422257,dds26-team9-orchestrator-worker-20,32.58%,35.52MiB / 512MiB,29.3MB / 48.3MB
1775422257,dds26-team9-order-worker-8,22.58%,34.05MiB / 512MiB,20.8MB / 27.2MB
1775422257,dds26-team9-orchestrator-worker-15,34.40%,35.56MiB / 512MiB,29.1MB / 47.9MB
1775422257,dds26-team9-orchestrator-worker-22,33.86%,33.44MiB / 512MiB,29.1MB / 48.1MB
1775422257,dds26-team9-orchestrator-worker-13,33.86%,35.41MiB / 512MiB,29.2MB / 48.1MB
1775422257,dds26-team9-orchestrator-worker-8,32.14%,35.43MiB / 512MiB,29.3MB / 48.3MB
1775422257,dds26-team9-orchestrator-worker-19,34.11%,33.3MiB / 512MiB,29.2MB / 48.2MB
1775422257,dds26-team9-orchestrator-worker-10,33.43%,33.3MiB / 512MiB,29.2MB / 48.2MB
1775422257,dds26-team9-orchestrator-worker-18,33.55%,35.55MiB / 512MiB,29.2MB / 48.2MB
1775422257,dds26-team9-orchestrator-worker-2,33.04%,33.54MiB / 512MiB,29.2MB / 48.1MB
1775422257,dds26-team9-orchestrator-worker-11,33.37%,33.52MiB / 512MiB,29.2MB / 48.2MB
1775422257,dds26-team9-orchestrator-worker-12,33.87%,35.31MiB / 512MiB,29.1MB / 48MB
1775422257,dds26-team9-orchestrator-worker-4,33.73%,35.38MiB / 512MiB,29.2MB / 48.2MB
1775422257,dds26-team9-orchestrator-worker-9,32.49%,33.79MiB / 512MiB,29.1MB / 48MB
1775422257,dds26-team9-stock-worker-7,26.38%,33.45MiB / 512MiB,22.3MB / 31.2MB
1775422257,dds26-team9-stock-web-1,0.66%,217.6MiB / 512MiB,22.1kB / 4.31kB
1775422257,dds26-team9-stock-worker-1,26.69%,35.61MiB / 512MiB,22.4MB / 31.2MB
1775422257,dds26-team9-stock-worker-3,28.67%,33.63MiB / 512MiB,22.1MB / 30.9MB
1775422257,dds26-team9-orchestrator-worker-5,34.26%,35.33MiB / 512MiB,29.3MB / 48.2MB
1775422257,dds26-team9-stock-worker-6,25.61%,35.64MiB / 512MiB,22.3MB / 31.2MB
1775422257,dds26-team9-stock-web-3,0.72%,212.6MiB / 512MiB,22.3kB / 5.39kB
1775422257,dds26-team9-stock-web-2,0.77%,212.4MiB / 512MiB,20.3kB / 4.85kB
1775422257,dds26-team9-stock-worker-2,29.95%,33.43MiB / 512MiB,22.1MB / 31MB
1775422257,dds26-team9-stock-worker-5,25.92%,35.67MiB / 512MiB,22.4MB / 31.3MB
1775422257,dds26-team9-stock-web-4,0.70%,226MiB / 512MiB,23.1kB / 3.7MB
1775422257,dds26-team9-stock-worker-8,25.26%,35.39MiB / 512MiB,22.5MB / 31.4MB
1775422257,dds26-team9-stock-worker-4,25.37%,35.45MiB / 512MiB,22.3MB / 31.2MB
1775422257,dds26-team9-user-worker-4,38.75%,35.79MiB / 512MiB,37.8MB / 50MB
1775422257,dds26-team9-user-web-2,0.68%,214.4MiB / 512MiB,22.4kB / 4.91kB
1775422257,dds26-team9-user-worker-2,38.28%,33.75MiB / 512MiB,38.1MB / 50.4MB
1775422257,dds26-team9-user-worker-3,36.75%,35.76MiB / 512MiB,37.9MB / 50MB
1775422257,dds26-team9-user-worker-1,38.00%,35.63MiB / 512MiB,38.1MB / 50.3MB
1775422257,dds26-team9-user-web-4,0.65%,212.2MiB / 512MiB,21.6kB / 5.45kB
1775422257,dds26-team9-user-web-3,0.71%,224.5MiB / 512MiB,22.6kB / 3.1MB
1775422257,dds26-team9-user-web-1,0.61%,211.4MiB / 512MiB,19.1kB / 5.39kB
1775422257,dds26-team9-redis-stock-1,7.73%,29.02MiB / 512MiB,32.4MB / 38.3MB
1775422257,dds26-team9-redis-payment-1,7.36%,28.81MiB / 512MiB,30MB / 35.9MB
1775422257,dds26-team9-redis-order-1,44.09%,33.33MiB / 512MiB,411MB / 482MB
1775422257,dds26-team9-redis-orchestrator-1,31.88%,35.56MiB / 512MiB,459MB / 304MB
1775422257,dds26-team9-redis-bus-1,171.19%,38.68MiB / 2GiB,1.44GB / 816MB
1775422260,dds26-team9-gateway-1,24.57%,125.7MiB / 354.3GiB,235MB / 206MB
1775422260,dds26-team9-order-worker-5,23.77%,35.43MiB / 512MiB,21.4MB / 27.9MB
1775422260,dds26-team9-order-worker-3,23.26%,34.01MiB / 512MiB,21.4MB / 27.9MB
1775422260,dds26-team9-order-web-14,39.16%,256.5MiB / 1GiB,22.2MB / 24MB
1775422260,dds26-team9-order-web-7,33.45%,256.3MiB / 1GiB,22.3MB / 24MB
1775422260,dds26-team9-order-web-15,33.77%,273.8MiB / 1GiB,22.3MB / 35.5MB
1775422260,dds26-team9-order-web-24,34.27%,258MiB / 1GiB,22.3MB / 24MB
1775422260,dds26-team9-order-worker-2,22.76%,35.99MiB / 512MiB,21.5MB / 28MB
1775422260,dds26-team9-order-worker-7,22.85%,35.98MiB / 512MiB,21.4MB / 28MB
1775422260,dds26-team9-order-web-1,31.76%,253.8MiB / 1GiB,22.2MB / 24MB
1775422260,dds26-team9-order-web-18,32.88%,257.6MiB / 1GiB,22.2MB / 24MB
1775422260,dds26-team9-order-web-13,31.41%,253.1MiB / 1GiB,22.2MB / 24MB
1775422260,dds26-team9-order-web-23,34.31%,257.3MiB / 1GiB,22MB / 23.8MB
1775422260,dds26-team9-order-worker-6,22.69%,35.99MiB / 512MiB,21.4MB / 28MB
1775422260,dds26-team9-order-web-17,34.12%,253.3MiB / 1GiB,22.2MB / 24MB
1775422260,dds26-team9-order-web-6,31.76%,253.9MiB / 1GiB,22.2MB / 24MB
1775422260,dds26-team9-order-web-8,33.60%,256.5MiB / 1GiB,22.3MB / 24.1MB
1775422260,dds26-team9-order-web-12,32.53%,253.6MiB / 1GiB,22.2MB / 23.9MB
1775422260,dds26-team9-order-web-5,33.34%,253.4MiB / 1GiB,22.2MB / 23.9MB
1775422260,dds26-team9-order-web-9,32.19%,254.6MiB / 1GiB,22.3MB / 24MB
1775422260,dds26-team9-order-web-11,32.42%,253.8MiB / 1GiB,22.3MB / 24.1MB
1775422260,dds26-team9-order-worker-1,23.26%,36.27MiB / 512MiB,21.4MB / 27.9MB
1775422260,dds26-team9-order-web-19,32.06%,257.6MiB / 1GiB,22.3MB / 24.1MB
1775422260,dds26-team9-order-web-16,32.25%,253.8MiB / 1GiB,22.2MB / 24.1MB
1775422260,dds26-team9-order-web-4,33.02%,262.2MiB / 1GiB,22.3MB / 24MB
1775422260,dds26-team9-order-web-22,34.04%,258.2MiB / 1GiB,22.3MB / 24.1MB
1775422260,dds26-team9-order-web-21,31.36%,256.3MiB / 1GiB,22.2MB / 24MB
1775422260,dds26-team9-orchestrator-worker-25,35.63%,37.5MiB / 512MiB,30MB / 49.5MB
1775422260,dds26-team9-order-web-3,32.07%,253.3MiB / 1GiB,22.3MB / 24.1MB
1775422260,dds26-team9-order-web-20,34.11%,253.4MiB / 1GiB,22.2MB / 24MB
1775422260,dds26-team9-order-web-2,33.05%,253.7MiB / 1GiB,22.2MB / 24MB
1775422260,dds26-team9-orchestrator-worker-24,36.19%,33.31MiB / 512MiB,30MB / 49.6MB
1775422260,dds26-team9-order-worker-4,23.30%,34.05MiB / 512MiB,21.4MB / 27.9MB
1775422260,dds26-team9-orchestrator-worker-1,34.82%,33.31MiB / 512MiB,29.9MB / 49.4MB
1775422260,dds26-team9-orchestrator-worker-17,34.21%,35.28MiB / 512MiB,30MB / 49.5MB
1775422260,dds26-team9-orchestrator-worker-3,35.45%,35.49MiB / 512MiB,30.1MB / 49.6MB
1775422260,dds26-team9-orchestrator-worker-14,34.49%,35.52MiB / 512MiB,30.1MB / 49.6MB
1775422260,dds26-team9-orchestrator-worker-21,34.32%,35.32MiB / 512MiB,30MB / 49.5MB
1775422260,dds26-team9-order-web-25,39.34%,254MiB / 1GiB,22.3MB / 24MB
1775422260,dds26-team9-orchestrator-worker-7,36.17%,35.55MiB / 512MiB,29.9MB / 49.4MB
1775422260,dds26-team9-order-web-10,39.16%,253.7MiB / 1GiB,22.2MB / 24MB
1775422260,dds26-team9-orchestrator-worker-16,34.78%,35.48MiB / 512MiB,30.1MB / 49.6MB
1775422260,dds26-team9-orchestrator-worker-6,36.77%,35.27MiB / 512MiB,30MB / 49.4MB
1775422260,dds26-team9-orchestrator-worker-23,34.95%,33.54MiB / 512MiB,30MB / 49.5MB
1775422260,dds26-team9-orchestrator-worker-20,34.64%,35.6MiB / 512MiB,30.1MB / 49.7MB
1775422260,dds26-team9-order-worker-8,23.34%,34.05MiB / 512MiB,21.4MB / 27.9MB
1775422260,dds26-team9-orchestrator-worker-15,34.87%,35.57MiB / 512MiB,29.9MB / 49.3MB
1775422260,dds26-team9-orchestrator-worker-22,35.15%,33.52MiB / 512MiB,29.9MB / 49.4MB
1775422260,dds26-team9-orchestrator-worker-13,35.45%,35.48MiB / 512MiB,30.1MB / 49.5MB
1775422260,dds26-team9-orchestrator-worker-8,33.23%,35.57MiB / 512MiB,30.1MB / 49.7MB
1775422260,dds26-team9-orchestrator-worker-19,35.40%,33.28MiB / 512MiB,30MB / 49.5MB
1775422260,dds26-team9-orchestrator-worker-10,35.76%,33.3MiB / 512MiB,30MB / 49.6MB
1775422260,dds26-team9-orchestrator-worker-18,35.37%,35.52MiB / 512MiB,30MB / 49.5MB
1775422260,dds26-team9-orchestrator-worker-2,35.59%,33.4MiB / 512MiB,30MB / 49.5MB
1775422260,dds26-team9-orchestrator-worker-11,35.53%,33.32MiB / 512MiB,30.1MB / 49.6MB
1775422260,dds26-team9-orchestrator-worker-12,35.55%,35.32MiB / 512MiB,29.9MB / 49.4MB
1775422260,dds26-team9-orchestrator-worker-4,34.65%,35.29MiB / 512MiB,30MB / 49.5MB
1775422260,dds26-team9-orchestrator-worker-9,35.09%,33.3MiB / 512MiB,29.9MB / 49.4MB
1775422260,dds26-team9-stock-worker-7,27.46%,33.46MiB / 512MiB,22.9MB / 32MB
1775422260,dds26-team9-stock-web-1,7.95%,217.6MiB / 512MiB,22.2kB / 4.46kB
1775422260,dds26-team9-stock-worker-1,26.92%,35.61MiB / 512MiB,23MB / 32.1MB
1775422260,dds26-team9-stock-worker-3,27.61%,33.41MiB / 512MiB,22.7MB / 31.8MB
1775422260,dds26-team9-orchestrator-worker-5,34.79%,35.52MiB / 512MiB,30.1MB / 49.6MB
1775422260,dds26-team9-stock-worker-6,26.95%,35.91MiB / 512MiB,22.9MB / 32.1MB
1775422260,dds26-team9-stock-web-3,0.56%,212.6MiB / 512MiB,22.3kB / 5.39kB
1775422260,dds26-team9-stock-web-2,0.58%,212.4MiB / 512MiB,20.3kB / 4.85kB
1775422260,dds26-team9-stock-worker-2,28.74%,33.66MiB / 512MiB,22.8MB / 31.9MB
1775422260,dds26-team9-stock-worker-5,27.21%,35.43MiB / 512MiB,23MB / 32.2MB
1775422260,dds26-team9-stock-web-4,0.58%,226MiB / 512MiB,23.1kB / 3.7MB
1775422260,dds26-team9-stock-worker-8,27.49%,35.39MiB / 512MiB,23.1MB / 32.3MB
1775422260,dds26-team9-stock-worker-4,28.48%,35.7MiB / 512MiB,22.9MB / 32MB
1775422260,dds26-team9-user-worker-4,40.46%,35.77MiB / 512MiB,38.9MB / 51.4MB
1775422260,dds26-team9-user-web-2,7.80%,214.4MiB / 512MiB,22.4kB / 5.06kB
1775422260,dds26-team9-user-worker-2,39.42%,33.82MiB / 512MiB,39.2MB / 51.8MB
1775422260,dds26-team9-user-worker-3,37.68%,35.57MiB / 512MiB,39MB / 51.4MB
1775422260,dds26-team9-user-worker-1,38.95%,35.81MiB / 512MiB,39.2MB / 51.7MB
1775422260,dds26-team9-user-web-4,0.51%,212.2MiB / 512MiB,21.6kB / 5.45kB
1775422260,dds26-team9-user-web-3,0.56%,224.5MiB / 512MiB,22.6kB / 3.1MB
1775422260,dds26-team9-user-web-1,0.53%,211.4MiB / 512MiB,19.1kB / 5.39kB
1775422260,dds26-team9-redis-stock-1,5.80%,29MiB / 512MiB,33.2MB / 39.4MB
1775422260,dds26-team9-redis-payment-1,5.56%,28.81MiB / 512MiB,30.8MB / 37MB
1775422260,dds26-team9-redis-order-1,44.26%,33.55MiB / 512MiB,425MB / 500MB
1775422260,dds26-team9-redis-orchestrator-1,30.75%,35.53MiB / 512MiB,472MB / 312MB
1775422260,dds26-team9-redis-bus-1,173.33%,38.12MiB / 2GiB,1.48GB / 838MB
1775422263,dds26-team9-gateway-1,22.65%,125MiB / 354.3GiB,242MB / 213MB
1775422263,dds26-team9-order-worker-5,22.26%,35.43MiB / 512MiB,21.9MB / 28.6MB
1775422263,dds26-team9-order-worker-3,21.85%,34.01MiB / 512MiB,22MB / 28.7MB
1775422263,dds26-team9-order-web-14,31.32%,256.5MiB / 1GiB,23MB / 24.8MB
1775422263,dds26-team9-order-web-7,31.34%,256.1MiB / 1GiB,23MB / 24.8MB
1775422263,dds26-team9-order-web-15,31.72%,273.6MiB / 1GiB,23MB / 36.2MB
1775422263,dds26-team9-order-web-24,31.82%,258MiB / 1GiB,23MB / 24.7MB
1775422263,dds26-team9-order-worker-2,21.18%,35.99MiB / 512MiB,22MB / 28.7MB
1775422263,dds26-team9-order-worker-7,20.57%,35.98MiB / 512MiB,22MB / 28.7MB
1775422263,dds26-team9-order-web-1,38.72%,253.8MiB / 1GiB,23MB / 24.8MB
1775422263,dds26-team9-order-web-18,33.36%,260.8MiB / 1GiB,23MB / 24.7MB
1775422263,dds26-team9-order-web-13,29.67%,253.3MiB / 1GiB,23MB / 24.7MB
1775422263,dds26-team9-order-web-23,30.54%,257.5MiB / 1GiB,23MB / 24.7MB
1775422263,dds26-team9-order-worker-6,21.14%,36.23MiB / 512MiB,22MB / 28.7MB
1775422263,dds26-team9-order-web-17,32.33%,253.4MiB / 1GiB,23MB / 24.7MB
1775422263,dds26-team9-order-web-6,28.96%,254MiB / 1GiB,22.9MB / 24.7MB
1775422263,dds26-team9-order-web-8,31.31%,256.6MiB / 1GiB,23MB / 24.8MB
1775422263,dds26-team9-order-web-12,30.98%,254MiB / 1GiB,23MB / 24.7MB
1775422263,dds26-team9-order-web-5,34.54%,253.5MiB / 1GiB,22.9MB / 24.7MB
1775422263,dds26-team9-order-web-9,30.45%,254.6MiB / 1GiB,22.7MB / 24.5MB
1775422263,dds26-team9-order-web-11,31.45%,254.1MiB / 1GiB,23MB / 24.8MB
1775422263,dds26-team9-order-worker-1,21.83%,36.03MiB / 512MiB,22MB / 28.6MB
1775422263,dds26-team9-order-web-19,31.84%,257.9MiB / 1GiB,23MB / 24.8MB
1775422263,dds26-team9-order-web-16,31.42%,253.9MiB / 1GiB,23MB / 24.8MB
1775422263,dds26-team9-order-web-4,30.83%,262.5MiB / 1GiB,23MB / 24.7MB
1775422263,dds26-team9-order-web-22,30.96%,258.3MiB / 1GiB,23MB / 24.8MB
1775422263,dds26-team9-order-web-21,29.33%,255.8MiB / 1GiB,23MB / 24.8MB
1775422263,dds26-team9-orchestrator-worker-25,34.15%,37.73MiB / 512MiB,30.8MB / 50.9MB
1775422263,dds26-team9-order-web-3,31.42%,253.4MiB / 1GiB,23MB / 24.8MB
1775422263,dds26-team9-order-web-20,30.95%,253.2MiB / 1GiB,23MB / 24.7MB
1775422263,dds26-team9-order-web-2,32.11%,254MiB / 1GiB,23MB / 24.8MB
1775422263,dds26-team9-orchestrator-worker-24,35.18%,33.31MiB / 512MiB,30.9MB / 51MB
1775422263,dds26-team9-order-worker-4,21.45%,34.28MiB / 512MiB,22MB / 28.6MB
1775422263,dds26-team9-orchestrator-worker-1,34.97%,33.55MiB / 512MiB,30.7MB / 50.7MB
1775422263,dds26-team9-orchestrator-worker-17,34.17%,35.29MiB / 512MiB,30.8MB / 50.8MB
1775422263,dds26-team9-orchestrator-worker-3,33.76%,35.48MiB / 512MiB,30.9MB / 50.9MB
1775422263,dds26-team9-orchestrator-worker-14,33.65%,35.27MiB / 512MiB,30.9MB / 51MB
1775422263,dds26-team9-orchestrator-worker-21,33.72%,35.55MiB / 512MiB,30.8MB / 50.8MB
1775422263,dds26-team9-order-web-25,30.50%,254.1MiB / 1GiB,23MB / 24.7MB
1775422263,dds26-team9-orchestrator-worker-7,34.46%,35.52MiB / 512MiB,30.8MB / 50.7MB
1775422263,dds26-team9-order-web-10,31.12%,253.8MiB / 1GiB,23MB / 24.7MB
1775422263,dds26-team9-orchestrator-worker-16,32.66%,35.24MiB / 512MiB,31MB / 50.9MB
1775422263,dds26-team9-orchestrator-worker-6,33.91%,35.27MiB / 512MiB,30.8MB / 50.8MB
1775422263,dds26-team9-orchestrator-worker-23,33.57%,33.33MiB / 512MiB,30.8MB / 50.8MB
1775422263,dds26-team9-orchestrator-worker-20,32.29%,35.36MiB / 512MiB,30.9MB / 51MB
1775422263,dds26-team9-order-worker-8,21.39%,34.05MiB / 512MiB,22MB / 28.7MB
1775422263,dds26-team9-orchestrator-worker-15,33.97%,35.55MiB / 512MiB,30.7MB / 50.6MB
1775422263,dds26-team9-orchestrator-worker-22,33.76%,33.29MiB / 512MiB,30.7MB / 50.8MB
1775422263,dds26-team9-orchestrator-worker-13,33.97%,35.49MiB / 512MiB,30.9MB / 50.9MB
1775422263,dds26-team9-orchestrator-worker-8,32.91%,35.32MiB / 512MiB,30.9MB / 51MB
1775422263,dds26-team9-orchestrator-worker-19,33.51%,33.3MiB / 512MiB,30.8MB / 50.9MB
1775422263,dds26-team9-orchestrator-worker-10,32.96%,33.55MiB / 512MiB,30.8MB / 50.9MB
1775422263,dds26-team9-orchestrator-worker-18,33.49%,35.34MiB / 512MiB,30.9MB / 50.9MB
1775422263,dds26-team9-orchestrator-worker-2,32.52%,33.54MiB / 512MiB,30.8MB / 50.8MB
1775422263,dds26-team9-orchestrator-worker-11,33.07%,33.55MiB / 512MiB,30.9MB / 50.9MB
1775422263,dds26-team9-orchestrator-worker-12,32.62%,35.32MiB / 512MiB,30.7MB / 50.7MB
1775422263,dds26-team9-orchestrator-worker-4,33.53%,35.52MiB / 512MiB,30.8MB / 50.9MB
1775422263,dds26-team9-orchestrator-worker-9,34.17%,33.3MiB / 512MiB,30.7MB / 50.7MB
1775422263,dds26-team9-stock-worker-7,26.37%,33.65MiB / 512MiB,23.5MB / 32.9MB
1775422263,dds26-team9-stock-web-1,0.53%,217.6MiB / 512MiB,22.2kB / 4.46kB
1775422263,dds26-team9-stock-worker-1,27.03%,35.38MiB / 512MiB,23.6MB / 33MB
1775422263,dds26-team9-stock-worker-3,27.68%,33.41MiB / 512MiB,23.3MB / 32.7MB
1775422263,dds26-team9-orchestrator-worker-5,34.33%,35.28MiB / 512MiB,30.9MB / 50.9MB
1775422263,dds26-team9-stock-worker-6,25.68%,35.44MiB / 512MiB,23.5MB / 32.9MB
1775422263,dds26-team9-stock-web-3,0.58%,212.6MiB / 512MiB,22.4kB / 5.53kB
1775422263,dds26-team9-stock-web-2,0.56%,212.4MiB / 512MiB,20.4kB / 4.99kB
1775422263,dds26-team9-stock-worker-2,27.15%,33.66MiB / 512MiB,23.4MB / 32.7MB
1775422263,dds26-team9-stock-worker-5,26.40%,35.56MiB / 512MiB,23.7MB / 33MB
1775422263,dds26-team9-stock-web-4,0.55%,226MiB / 512MiB,23.1kB / 3.7MB
1775422263,dds26-team9-stock-worker-8,25.59%,35.39MiB / 512MiB,23.7MB / 33.2MB
1775422263,dds26-team9-stock-worker-4,26.95%,35.46MiB / 512MiB,23.5MB / 32.9MB
1775422263,dds26-team9-user-worker-4,38.71%,35.79MiB / 512MiB,40MB / 52.8MB
1775422263,dds26-team9-user-web-2,0.55%,214.4MiB / 512MiB,22.4kB / 5.06kB
1775422263,dds26-team9-user-worker-2,39.18%,33.58MiB / 512MiB,40.3MB / 53.2MB
1775422263,dds26-team9-user-worker-3,36.60%,35.75MiB / 512MiB,40MB / 52.8MB
1775422263,dds26-team9-user-worker-1,37.10%,35.81MiB / 512MiB,40.3MB / 53.1MB
1775422263,dds26-team9-user-web-4,0.55%,212.3MiB / 512MiB,21.7kB / 5.6kB
1775422263,dds26-team9-user-web-3,0.53%,224.5MiB / 512MiB,22.7kB / 3.1MB
1775422263,dds26-team9-user-web-1,7.44%,211.4MiB / 512MiB,19.2kB / 5.53kB
1775422263,dds26-team9-redis-stock-1,7.71%,29.02MiB / 512MiB,34MB / 40.4MB
1775422263,dds26-team9-redis-payment-1,7.17%,28.82MiB / 512MiB,31.6MB / 38MB
1775422263,dds26-team9-redis-order-1,44.57%,33.46MiB / 512MiB,437MB / 516MB
1775422263,dds26-team9-redis-orchestrator-1,31.54%,35.53MiB / 512MiB,485MB / 321MB
1775422263,dds26-team9-redis-bus-1,171.55%,38.7MiB / 2GiB,1.52GB / 860MB
1775422267,dds26-team9-gateway-1,21.58%,124.3MiB / 354.3GiB,250MB / 220MB
1775422267,dds26-team9-order-worker-5,22.89%,35.43MiB / 512MiB,22.5MB / 29.3MB
1775422267,dds26-team9-order-worker-3,22.03%,34.19MiB / 512MiB,22.5MB / 29.4MB
1775422267,dds26-team9-order-web-14,30.96%,256.5MiB / 1GiB,23.7MB / 25.5MB
1775422267,dds26-team9-order-web-7,29.06%,256.2MiB / 1GiB,23.7MB / 25.5MB
1775422267,dds26-team9-order-web-15,33.80%,273.7MiB / 1GiB,23.7MB / 36.9MB
1775422267,dds26-team9-order-web-24,30.73%,258.1MiB / 1GiB,23.7MB / 25.4MB
1775422267,dds26-team9-order-worker-2,22.10%,36.13MiB / 512MiB,22.6MB / 29.4MB
1775422267,dds26-team9-order-worker-7,21.32%,35.98MiB / 512MiB,22.6MB / 29.4MB
1775422267,dds26-team9-order-web-1,30.38%,253.9MiB / 1GiB,23.7MB / 25.5MB
1775422267,dds26-team9-order-web-18,33.72%,257.6MiB / 1GiB,23.7MB / 25.4MB
1775422267,dds26-team9-order-web-13,29.74%,253.3MiB / 1GiB,23.7MB / 25.5MB
1775422267,dds26-team9-order-web-23,29.50%,257.3MiB / 1GiB,23.7MB / 25.5MB
1775422267,dds26-team9-order-worker-6,20.99%,35.99MiB / 512MiB,22.6MB / 29.4MB
1775422267,dds26-team9-order-web-17,29.49%,253.4MiB / 1GiB,23.7MB / 25.4MB
1775422267,dds26-team9-order-web-6,30.63%,254.3MiB / 1GiB,23.7MB / 25.5MB
1775422267,dds26-team9-order-web-8,30.42%,256.4MiB / 1GiB,23.8MB / 25.5MB
1775422267,dds26-team9-order-web-12,36.50%,253.8MiB / 1GiB,23.7MB / 25.4MB
1775422267,dds26-team9-order-web-5,36.69%,253.5MiB / 1GiB,23.7MB / 25.4MB
1775422267,dds26-team9-order-web-9,36.50%,254.6MiB / 1GiB,23.8MB / 25.5MB
1775422267,dds26-team9-order-web-11,37.72%,253.8MiB / 1GiB,23.7MB / 25.6MB
1775422267,dds26-team9-order-worker-1,21.74%,36.03MiB / 512MiB,22.6MB / 29.4MB
1775422267,dds26-team9-order-web-19,33.61%,261.4MiB / 1GiB,23.7MB / 25.5MB
1775422267,dds26-team9-order-web-16,30.16%,254.6MiB / 1GiB,23.7MB / 25.5MB
1775422267,dds26-team9-order-web-4,29.58%,262.3MiB / 1GiB,23.8MB / 25.4MB
1775422267,dds26-team9-order-web-22,30.13%,258.6MiB / 1GiB,23.7MB / 25.5MB
1775422267,dds26-team9-order-web-21,29.04%,255.9MiB / 1GiB,23.7MB / 25.5MB
1775422267,dds26-team9-orchestrator-worker-25,32.68%,37.47MiB / 512MiB,31.7MB / 52.3MB
1775422267,dds26-team9-order-web-3,30.31%,253.4MiB / 1GiB,23.8MB / 25.5MB
1775422267,dds26-team9-order-web-20,30.00%,253.2MiB / 1GiB,23.7MB / 25.5MB
1775422267,dds26-team9-order-web-2,29.98%,253.5MiB / 1GiB,23.7MB / 25.5MB
1775422267,dds26-team9-orchestrator-worker-24,34.39%,33.54MiB / 512MiB,31.7MB / 52.3MB
1775422267,dds26-team9-order-worker-4,21.78%,34.21MiB / 512MiB,22.5MB / 29.4MB
1775422267,dds26-team9-orchestrator-worker-1,35.66%,33.51MiB / 512MiB,31.3MB / 51.7MB
1775422267,dds26-team9-orchestrator-worker-17,32.35%,35.28MiB / 512MiB,31.6MB / 52.2MB
1775422267,dds26-team9-orchestrator-worker-3,33.30%,35.25MiB / 512MiB,31.7MB / 52.2MB
1775422267,dds26-team9-orchestrator-worker-14,33.65%,35.28MiB / 512MiB,31.7MB / 52.3MB
1775422267,dds26-team9-orchestrator-worker-21,33.57%,35.32MiB / 512MiB,31.6MB / 52.2MB
1775422267,dds26-team9-order-web-25,30.15%,253.8MiB / 1GiB,23.8MB / 25.5MB
1775422267,dds26-team9-orchestrator-worker-7,34.24%,35.42MiB / 512MiB,31.6MB / 52.1MB
1775422267,dds26-team9-order-web-10,28.86%,253.8MiB / 1GiB,23.7MB / 25.5MB
1775422267,dds26-team9-orchestrator-worker-16,32.60%,35.42MiB / 512MiB,31.8MB / 52.3MB
1775422267,dds26-team9-orchestrator-worker-6,34.22%,35.27MiB / 512MiB,31.6MB / 52.1MB
1775422267,dds26-team9-orchestrator-worker-23,34.52%,33.52MiB / 512MiB,31.6MB / 52.2MB
1775422267,dds26-team9-orchestrator-worker-20,33.28%,35.58MiB / 512MiB,31.8MB / 52.4MB
1775422267,dds26-team9-order-worker-8,22.49%,34.27MiB / 512MiB,22.6MB / 29.4MB
1775422267,dds26-team9-orchestrator-worker-15,33.31%,35.57MiB / 512MiB,31.5MB / 52MB
1775422267,dds26-team9-orchestrator-worker-22,34.54%,33.54MiB / 512MiB,31.6MB / 52.1MB
1775422267,dds26-team9-orchestrator-worker-13,33.92%,35.51MiB / 512MiB,31.7MB / 52.2MB
1775422267,dds26-team9-orchestrator-worker-8,33.44%,35.5MiB / 512MiB,31.8MB / 52.4MB
1775422267,dds26-team9-orchestrator-worker-19,33.94%,33.47MiB / 512MiB,31.7MB / 52.3MB
1775422267,dds26-team9-orchestrator-worker-10,32.40%,33.3MiB / 512MiB,31.6MB / 52.3MB
1775422267,dds26-team9-orchestrator-worker-18,34.21%,35.54MiB / 512MiB,31.7MB / 52.2MB
1775422267,dds26-team9-orchestrator-worker-2,33.34%,33.54MiB / 512MiB,31.6MB / 52.2MB
1775422267,dds26-team9-orchestrator-worker-11,32.54%,33.52MiB / 512MiB,31.7MB / 52.2MB
1775422267,dds26-team9-orchestrator-worker-12,32.30%,35.54MiB / 512MiB,31.5MB / 52MB
1775422267,dds26-team9-orchestrator-worker-4,33.18%,35.3MiB / 512MiB,31.6MB / 52.2MB
1775422267,dds26-team9-orchestrator-worker-9,34.45%,33.46MiB / 512MiB,31.6MB / 52.1MB
1775422267,dds26-team9-stock-worker-7,27.69%,33.46MiB / 512MiB,24.2MB / 33.8MB
1775422267,dds26-team9-stock-web-1,0.53%,217.6MiB / 512MiB,22.2kB / 4.46kB
1775422267,dds26-team9-stock-worker-1,27.32%,35.62MiB / 512MiB,24.2MB / 33.9MB
1775422267,dds26-team9-stock-worker-3,28.53%,33.41MiB / 512MiB,23.9MB / 33.5MB
1775422267,dds26-team9-orchestrator-worker-5,32.05%,35.51MiB / 512MiB,31.7MB / 52.3MB
1775422267,dds26-team9-stock-worker-6,25.35%,35.44MiB / 512MiB,24.2MB / 33.8MB
1775422267,dds26-team9-stock-web-3,0.59%,212.6MiB / 512MiB,22.4kB / 5.53kB
1775422267,dds26-team9-stock-web-2,0.57%,212.4MiB / 512MiB,20.4kB / 4.99kB
1775422267,dds26-team9-stock-worker-2,27.67%,33.43MiB / 512MiB,24MB / 33.6MB
1775422267,dds26-team9-stock-worker-5,25.22%,35.43MiB / 512MiB,24.3MB / 33.9MB
1775422267,dds26-team9-stock-web-4,0.58%,226MiB / 512MiB,23.1kB / 3.7MB
1775422267,dds26-team9-stock-worker-8,27.52%,35.38MiB / 512MiB,24.4MB / 34MB
1775422267,dds26-team9-stock-worker-4,26.65%,35.45MiB / 512MiB,24.2MB / 33.8MB
1775422267,dds26-team9-user-worker-4,39.70%,35.73MiB / 512MiB,41.1MB / 54.2MB
1775422267,dds26-team9-user-web-2,0.57%,217MiB / 512MiB,22.4kB / 5.06kB
1775422267,dds26-team9-user-worker-2,37.86%,33.8MiB / 512MiB,41.4MB / 54.6MB
1775422267,dds26-team9-user-worker-3,36.21%,35.82MiB / 512MiB,41.1MB / 54.2MB
1775422267,dds26-team9-user-worker-1,37.10%,35.57MiB / 512MiB,41.3MB / 54.5MB
1775422267,dds26-team9-user-web-4,0.55%,212.3MiB / 512MiB,21.7kB / 5.6kB
1775422267,dds26-team9-user-web-3,0.59%,224.5MiB / 512MiB,22.7kB / 3.1MB
1775422267,dds26-team9-user-web-1,0.56%,211.4MiB / 512MiB,19.2kB / 5.53kB
1775422267,dds26-team9-redis-stock-1,5.44%,29.01MiB / 512MiB,34.8MB / 41.5MB
1775422267,dds26-team9-redis-payment-1,5.16%,28.82MiB / 512MiB,32.3MB / 39.1MB
1775422267,dds26-team9-redis-order-1,42.86%,32.68MiB / 512MiB,450MB / 534MB
1775422267,dds26-team9-redis-orchestrator-1,28.35%,35.41MiB / 512MiB,498MB / 330MB
1775422267,dds26-team9-redis-bus-1,169.88%,38.37MiB / 2GiB,1.56GB / 883MB
1775422270,dds26-team9-gateway-1,23.61%,125.6MiB / 354.3GiB,258MB / 226MB
1775422270,dds26-team9-order-worker-5,23.55%,35.43MiB / 512MiB,23.1MB / 30.1MB
1775422270,dds26-team9-order-worker-3,22.68%,34.01MiB / 512MiB,23.1MB / 30.1MB
1775422270,dds26-team9-order-web-14,32.10%,256.8MiB / 1GiB,24.2MB / 26MB
1775422270,dds26-team9-order-web-7,33.48%,256.7MiB / 1GiB,24.5MB / 26.2MB
1775422270,dds26-team9-order-web-15,34.65%,273.8MiB / 1GiB,24.5MB / 37.7MB
1775422270,dds26-team9-order-web-24,35.43%,258.1MiB / 1GiB,24.5MB / 26.2MB
1775422270,dds26-team9-order-worker-2,22.09%,35.99MiB / 512MiB,23.1MB / 30.2MB
1775422270,dds26-team9-order-worker-7,22.23%,35.98MiB / 512MiB,23.1MB / 30.1MB
1775422270,dds26-team9-order-web-1,33.89%,254.2MiB / 1GiB,24.5MB / 26.3MB
1775422270,dds26-team9-order-web-18,32.82%,257.7MiB / 1GiB,24.5MB / 26.1MB
1775422270,dds26-team9-order-web-13,33.20%,253.4MiB / 1GiB,24.5MB / 26.2MB
1775422270,dds26-team9-order-web-23,34.41%,257.3MiB / 1GiB,24.5MB / 26.2MB
1775422270,dds26-team9-order-worker-6,21.60%,35.99MiB / 512MiB,23.1MB / 30.1MB
1775422270,dds26-team9-order-web-17,33.78%,253.5MiB / 1GiB,24.5MB / 26.1MB
1775422270,dds26-team9-order-web-6,31.02%,254.4MiB / 1GiB,24.5MB / 26.2MB
1775422270,dds26-team9-order-web-8,33.70%,256.7MiB / 1GiB,24.5MB / 26.3MB
1775422270,dds26-team9-order-web-12,32.07%,253.6MiB / 1GiB,24.5MB / 26.1MB
1775422270,dds26-team9-order-web-5,33.42%,253.8MiB / 1GiB,24.4MB / 26.1MB
1775422270,dds26-team9-order-web-9,33.78%,254.9MiB / 1GiB,24.5MB / 26.2MB
1775422270,dds26-team9-order-web-11,32.28%,254.1MiB / 1GiB,24.5MB / 26.3MB
1775422270,dds26-team9-order-worker-1,22.12%,36.03MiB / 512MiB,23.1MB / 30.1MB
1775422270,dds26-team9-order-web-19,34.11%,257.9MiB / 1GiB,24.5MB / 26.2MB
1775422270,dds26-team9-order-web-16,34.97%,254.8MiB / 1GiB,24.5MB / 26.3MB
1775422270,dds26-team9-order-web-4,33.20%,262.3MiB / 1GiB,24.5MB / 26.2MB
1775422270,dds26-team9-order-web-22,35.84%,258.4MiB / 1GiB,24.5MB / 26.3MB
1775422270,dds26-team9-order-web-21,32.23%,256.3MiB / 1GiB,24.5MB / 26.2MB
1775422270,dds26-team9-orchestrator-worker-25,34.82%,37.26MiB / 512MiB,32.5MB / 53.6MB
1775422270,dds26-team9-order-web-3,32.50%,253.5MiB / 1GiB,24.5MB / 26.2MB
1775422270,dds26-team9-order-web-20,34.58%,253.3MiB / 1GiB,24.5MB / 26.2MB
1775422270,dds26-team9-order-web-2,32.35%,253.8MiB / 1GiB,24.5MB / 26.3MB
1775422270,dds26-team9-orchestrator-worker-24,36.81%,33.41MiB / 512MiB,32.5MB / 53.6MB
1775422270,dds26-team9-order-worker-4,22.55%,34.05MiB / 512MiB,23.1MB / 30.1MB
1775422270,dds26-team9-orchestrator-worker-1,36.74%,33.56MiB / 512MiB,32.3MB / 53.4MB
1775422270,dds26-team9-orchestrator-worker-17,34.92%,35.43MiB / 512MiB,32.4MB / 53.5MB
1775422270,dds26-team9-orchestrator-worker-3,34.83%,35.5MiB / 512MiB,32.5MB / 53.6MB
1775422270,dds26-team9-orchestrator-worker-14,33.77%,35.71MiB / 512MiB,32.5MB / 53.6MB
1775422270,dds26-team9-orchestrator-worker-21,34.22%,35.56MiB / 512MiB,32.4MB / 53.5MB
1775422270,dds26-team9-order-web-25,40.19%,253.9MiB / 1GiB,24.5MB / 26.2MB
1775422270,dds26-team9-orchestrator-worker-7,35.80%,35.55MiB / 512MiB,32.4MB / 53.4MB
1775422270,dds26-team9-order-web-10,39.32%,254MiB / 1GiB,24.5MB / 26.2MB
1775422270,dds26-team9-orchestrator-worker-16,35.01%,35.23MiB / 512MiB,32.6MB / 53.6MB
1775422270,dds26-team9-orchestrator-worker-6,35.47%,35.45MiB / 512MiB,32.4MB / 53.4MB
1775422270,dds26-team9-orchestrator-worker-23,35.27%,33.8MiB / 512MiB,32.5MB / 53.5MB
1775422270,dds26-team9-orchestrator-worker-20,34.33%,35.59MiB / 512MiB,32.6MB / 53.7MB
1775422270,dds26-team9-order-worker-8,22.66%,34.05MiB / 512MiB,23.1MB / 30.1MB
1775422270,dds26-team9-orchestrator-worker-15,35.00%,35.55MiB / 512MiB,32.3MB / 53.3MB
1775422270,dds26-team9-orchestrator-worker-22,35.04%,33.29MiB / 512MiB,32.3MB / 53.4MB
1775422270,dds26-team9-orchestrator-worker-13,35.80%,35.27MiB / 512MiB,32.5MB / 53.5MB
1775422270,dds26-team9-orchestrator-worker-8,34.37%,35.32MiB / 512MiB,32.6MB / 53.7MB
1775422270,dds26-team9-orchestrator-worker-19,34.31%,33.51MiB / 512MiB,32.4MB / 53.6MB
1775422270,dds26-team9-orchestrator-worker-10,35.42%,33.31MiB / 512MiB,32.4MB / 53.6MB
1775422270,dds26-team9-orchestrator-worker-18,33.72%,35.58MiB / 512MiB,32.5MB / 53.6MB
1775422270,dds26-team9-orchestrator-worker-2,35.63%,33.54MiB / 512MiB,32.4MB / 53.5MB
1775422270,dds26-team9-orchestrator-worker-11,34.65%,33.31MiB / 512MiB,32.5MB / 53.5MB
1775422270,dds26-team9-orchestrator-worker-12,34.79%,35.56MiB / 512MiB,32.3MB / 53.3MB
1775422270,dds26-team9-orchestrator-worker-4,35.24%,35.3MiB / 512MiB,32.4MB / 53.6MB
1775422270,dds26-team9-orchestrator-worker-9,35.59%,33.53MiB / 512MiB,32.4MB / 53.5MB
1775422270,dds26-team9-stock-worker-7,28.27%,33.7MiB / 512MiB,24.8MB / 34.6MB
1775422270,dds26-team9-stock-web-1,7.90%,217.6MiB / 512MiB,22.2kB / 4.6kB
1775422270,dds26-team9-stock-worker-1,26.73%,35.58MiB / 512MiB,24.8MB / 34.7MB
1775422270,dds26-team9-stock-worker-3,27.98%,33.42MiB / 512MiB,24.5MB / 34.4MB
1775422270,dds26-team9-orchestrator-worker-5,34.49%,35.29MiB / 512MiB,32.5MB / 53.6MB
1775422270,dds26-team9-stock-worker-6,28.79%,35.91MiB / 512MiB,24.8MB / 34.7MB
1775422270,dds26-team9-stock-web-3,0.55%,212.6MiB / 512MiB,22.4kB / 5.53kB
1775422270,dds26-team9-stock-web-2,0.59%,212.4MiB / 512MiB,20.4kB / 4.99kB
1775422270,dds26-team9-stock-worker-2,28.44%,33.67MiB / 512MiB,24.6MB / 34.4MB
1775422270,dds26-team9-stock-worker-5,28.11%,35.43MiB / 512MiB,24.9MB / 34.7MB
1775422270,dds26-team9-stock-web-4,0.57%,226MiB / 512MiB,23.1kB / 3.7MB
1775422270,dds26-team9-stock-worker-8,26.88%,35.39MiB / 512MiB,25MB / 34.9MB
1775422270,dds26-team9-stock-worker-4,27.93%,35.46MiB / 512MiB,24.8MB / 34.6MB
1775422270,dds26-team9-user-worker-4,40.63%,35.8MiB / 512MiB,42.2MB / 55.6MB
1775422270,dds26-team9-user-web-2,7.87%,217MiB / 512MiB,22.5kB / 5.21kB
1775422270,dds26-team9-user-worker-2,38.45%,33.58MiB / 512MiB,42.4MB / 56MB
1775422270,dds26-team9-user-worker-3,37.46%,35.79MiB / 512MiB,42.2MB / 55.6MB
1775422270,dds26-team9-user-worker-1,39.52%,35.57MiB / 512MiB,42.4MB / 55.9MB
1775422270,dds26-team9-user-web-4,0.53%,212.3MiB / 512MiB,21.7kB / 5.6kB
1775422270,dds26-team9-user-web-3,0.57%,224.5MiB / 512MiB,22.7kB / 3.1MB
1775422270,dds26-team9-user-web-1,0.54%,211.4MiB / 512MiB,19.2kB / 5.53kB
1775422270,dds26-team9-redis-stock-1,8.19%,29MiB / 512MiB,35.6MB / 42.6MB
1775422270,dds26-team9-redis-payment-1,7.40%,28.82MiB / 512MiB,33.1MB / 40.1MB
1775422270,dds26-team9-redis-order-1,46.16%,33.05MiB / 512MiB,464MB / 551MB
1775422270,dds26-team9-redis-orchestrator-1,33.02%,35.52MiB / 512MiB,511MB / 338MB
1775422270,dds26-team9-redis-bus-1,176.37%,37.89MiB / 2GiB,1.6GB / 906MB
1775422274,dds26-team9-gateway-1,24.06%,124.7MiB / 354.3GiB,265MB / 233MB
1775422274,dds26-team9-order-worker-5,22.46%,35.84MiB / 512MiB,23.6MB / 30.8MB
1775422274,dds26-team9-order-worker-3,22.75%,34.01MiB / 512MiB,23.7MB / 30.8MB
1775422274,dds26-team9-order-web-14,31.69%,256.8MiB / 1GiB,25.2MB / 26.9MB
1775422274,dds26-team9-order-web-7,32.06%,256.5MiB / 1GiB,25.2MB / 26.9MB
1775422274,dds26-team9-order-web-15,31.46%,273.8MiB / 1GiB,25.2MB / 38.4MB
1775422274,dds26-team9-order-web-24,31.33%,258.1MiB / 1GiB,25.2MB / 26.9MB
1775422274,dds26-team9-order-worker-2,20.69%,35.99MiB / 512MiB,23.7MB / 30.9MB
1775422274,dds26-team9-order-worker-7,21.24%,35.98MiB / 512MiB,23.7MB / 30.8MB
1775422274,dds26-team9-order-web-1,38.23%,254MiB / 1GiB,25.2MB / 27MB
1775422274,dds26-team9-order-web-18,31.16%,257.8MiB / 1GiB,25.2MB / 26.8MB
1775422274,dds26-team9-order-web-13,32.11%,253.7MiB / 1GiB,25.2MB / 26.9MB
1775422274,dds26-team9-order-web-23,31.27%,257.3MiB / 1GiB,25.2MB / 26.9MB
1775422274,dds26-team9-order-worker-6,21.31%,35.99MiB / 512MiB,23.7MB / 30.8MB
1775422274,dds26-team9-order-web-17,30.04%,253.7MiB / 1GiB,25.2MB / 26.8MB
1775422274,dds26-team9-order-web-6,29.72%,253.9MiB / 1GiB,25.2MB / 26.9MB
1775422274,dds26-team9-order-web-8,31.22%,256.5MiB / 1GiB,25.2MB / 27MB
1775422274,dds26-team9-order-web-12,30.03%,253.6MiB / 1GiB,25.2MB / 26.8MB
1775422274,dds26-team9-order-web-5,31.86%,253.6MiB / 1GiB,25.2MB / 26.8MB
1775422274,dds26-team9-order-web-9,32.44%,254.8MiB / 1GiB,25.2MB / 26.9MB
1775422274,dds26-team9-order-web-11,30.88%,253.9MiB / 1GiB,25.2MB / 27MB
1775422274,dds26-team9-order-worker-1,21.89%,36.24MiB / 512MiB,23.7MB / 30.8MB
1775422274,dds26-team9-order-web-19,31.49%,258.2MiB / 1GiB,25.2MB / 27MB
1775422274,dds26-team9-order-web-16,28.98%,255.1MiB / 1GiB,25.2MB / 27MB
1775422274,dds26-team9-order-web-4,31.32%,262.6MiB / 1GiB,25.3MB / 26.9MB
1775422274,dds26-team9-order-web-22,32.01%,258.7MiB / 1GiB,25.2MB / 27MB
1775422274,dds26-team9-order-web-21,29.59%,256.4MiB / 1GiB,25.2MB / 26.9MB
1775422274,dds26-team9-orchestrator-worker-25,33.19%,37.25MiB / 512MiB,33.2MB / 54.9MB
1775422274,dds26-team9-order-web-3,30.51%,253.6MiB / 1GiB,25.2MB / 26.9MB
1775422274,dds26-team9-order-web-20,31.32%,253.3MiB / 1GiB,25MB / 26.7MB
1775422274,dds26-team9-order-web-2,30.84%,254.4MiB / 1GiB,25.2MB / 26.9MB
1775422274,dds26-team9-orchestrator-worker-24,35.02%,33.55MiB / 512MiB,33.3MB / 54.9MB
1775422274,dds26-team9-order-worker-4,22.14%,34.28MiB / 512MiB,23.6MB / 30.8MB
1775422274,dds26-team9-orchestrator-worker-1,35.11%,33.32MiB / 512MiB,33.1MB / 54.7MB
1775422274,dds26-team9-orchestrator-worker-17,32.90%,35.28MiB / 512MiB,33.2MB / 54.8MB
1775422274,dds26-team9-orchestrator-worker-3,33.73%,35.26MiB / 512MiB,33.3MB / 54.9MB
1775422274,dds26-team9-orchestrator-worker-14,32.62%,35.77MiB / 512MiB,33.3MB / 54.9MB
1775422274,dds26-team9-orchestrator-worker-21,33.40%,35.55MiB / 512MiB,33.2MB / 54.8MB
1775422274,dds26-team9-order-web-25,30.74%,254.4MiB / 1GiB,25.2MB / 26.9MB
1775422274,dds26-team9-orchestrator-worker-7,33.94%,35.55MiB / 512MiB,33.2MB / 54.7MB
1775422274,dds26-team9-order-web-10,30.77%,253.8MiB / 1GiB,25.2MB / 26.9MB
1775422274,dds26-team9-orchestrator-worker-16,32.97%,35.23MiB / 512MiB,33.3MB / 54.9MB
1775422274,dds26-team9-orchestrator-worker-6,34.26%,35.75MiB / 512MiB,33.2MB / 54.7MB
1775422274,dds26-team9-orchestrator-worker-23,33.36%,33.33MiB / 512MiB,33.2MB / 54.8MB
1775422274,dds26-team9-orchestrator-worker-20,32.92%,35.6MiB / 512MiB,33.3MB / 55MB
1775422274,dds26-team9-order-worker-8,22.25%,34.05MiB / 512MiB,23.7MB / 30.8MB
1775422274,dds26-team9-orchestrator-worker-15,32.95%,35.57MiB / 512MiB,33.1MB / 54.6MB
1775422274,dds26-team9-orchestrator-worker-22,34.47%,33.43MiB / 512MiB,33.1MB / 54.8MB
1775422274,dds26-team9-orchestrator-worker-13,34.04%,35.35MiB / 512MiB,33.3MB / 54.8MB
1775422274,dds26-team9-orchestrator-worker-8,33.16%,35.55MiB / 512MiB,33.3MB / 55MB
1775422274,dds26-team9-orchestrator-worker-19,32.19%,33.42MiB / 512MiB,33.2MB / 54.9MB
1775422274,dds26-team9-orchestrator-worker-10,32.33%,33.3MiB / 512MiB,33.2MB / 54.9MB
1775422274,dds26-team9-orchestrator-worker-18,32.64%,35.34MiB / 512MiB,33.3MB / 54.9MB
1775422274,dds26-team9-orchestrator-worker-2,33.69%,33.45MiB / 512MiB,33.2MB / 54.8MB
1775422274,dds26-team9-orchestrator-worker-11,33.10%,33.31MiB / 512MiB,33.3MB / 54.9MB
1775422274,dds26-team9-orchestrator-worker-12,33.16%,35.57MiB / 512MiB,33.1MB / 54.6MB
1775422274,dds26-team9-orchestrator-worker-4,33.33%,35.45MiB / 512MiB,33.2MB / 54.8MB
1775422274,dds26-team9-orchestrator-worker-9,32.73%,33.3MiB / 512MiB,33.2MB / 54.8MB
1775422274,dds26-team9-stock-worker-7,26.71%,33.94MiB / 512MiB,25.4MB / 35.5MB
1775422274,dds26-team9-stock-web-1,0.52%,217.6MiB / 512MiB,22.2kB / 4.6kB
1775422274,dds26-team9-stock-worker-1,27.14%,35.38MiB / 512MiB,25.4MB / 35.6MB
1775422274,dds26-team9-stock-worker-3,27.96%,33.64MiB / 512MiB,25.1MB / 35.2MB
1775422274,dds26-team9-orchestrator-worker-5,35.24%,35.73MiB / 512MiB,33.3MB / 54.9MB
1775422274,dds26-team9-stock-worker-6,26.71%,35.44MiB / 512MiB,25.4MB / 35.5MB
1775422274,dds26-team9-stock-web-3,0.55%,212.6MiB / 512MiB,22.4kB / 5.68kB
1775422274,dds26-team9-stock-web-2,0.54%,212.4MiB / 512MiB,20.4kB / 5.14kB
1775422274,dds26-team9-stock-worker-2,27.10%,33.64MiB / 512MiB,25.2MB / 35.2MB
1775422274,dds26-team9-stock-worker-5,26.90%,35.68MiB / 512MiB,25.5MB / 35.6MB
1775422274,dds26-team9-stock-web-4,0.56%,226MiB / 512MiB,23.2kB / 3.7MB
1775422274,dds26-team9-stock-worker-8,26.04%,35.63MiB / 512MiB,25.6MB / 35.7MB
1775422274,dds26-team9-stock-worker-4,27.29%,35.7MiB / 512MiB,25.4MB / 35.5MB
1775422274,dds26-team9-user-worker-4,39.25%,35.79MiB / 512MiB,43.2MB / 56.9MB
1775422274,dds26-team9-user-web-2,0.55%,217MiB / 512MiB,22.5kB / 5.21kB
1775422274,dds26-team9-user-worker-2,37.44%,33.58MiB / 512MiB,43.5MB / 57.3MB
1775422274,dds26-team9-user-worker-3,35.31%,35.57MiB / 512MiB,43.2MB / 57MB
1775422274,dds26-team9-user-worker-1,37.46%,35.8MiB / 512MiB,43.4MB / 57.3MB
1775422274,dds26-team9-user-web-4,0.54%,212.3MiB / 512MiB,21.7kB / 5.75kB
1775422274,dds26-team9-user-web-3,0.54%,224.5MiB / 512MiB,22.7kB / 3.1MB
1775422274,dds26-team9-user-web-1,7.99%,211.5MiB / 512MiB,19.2kB / 5.68kB
1775422274,dds26-team9-redis-stock-1,5.41%,29MiB / 512MiB,36.4MB / 43.6MB
1775422274,dds26-team9-redis-payment-1,5.18%,28.81MiB / 512MiB,33.8MB / 41.1MB
1775422274,dds26-team9-redis-order-1,42.21%,32.77MiB / 512MiB,476MB / 567MB
1775422274,dds26-team9-redis-orchestrator-1,28.88%,35.55MiB / 512MiB,524MB / 346MB
1775422274,dds26-team9-redis-bus-1,170.46%,38.27MiB / 2GiB,1.63GB / 927MB
1775422277,dds26-team9-gateway-1,21.02%,125.5MiB / 354.3GiB,273MB / 239MB
1775422277,dds26-team9-order-worker-5,22.05%,35.59MiB / 512MiB,24.2MB / 31.5MB
1775422277,dds26-team9-order-worker-3,21.06%,34.2MiB / 512MiB,24.2MB / 31.5MB
1775422277,dds26-team9-order-web-14,29.58%,256.6MiB / 1GiB,25.9MB / 27.7MB
1775422277,dds26-team9-order-web-7,28.52%,256.5MiB / 1GiB,25.9MB / 27.7MB
1775422277,dds26-team9-order-web-15,29.44%,273.8MiB / 1GiB,26MB / 39.1MB
1775422277,dds26-team9-order-web-24,29.02%,258.2MiB / 1GiB,26MB / 27.6MB
1775422277,dds26-team9-order-worker-2,20.89%,36.21MiB / 512MiB,24.2MB / 31.6MB
1775422277,dds26-team9-order-worker-7,21.15%,35.98MiB / 512MiB,24.2MB / 31.6MB
1775422277,dds26-team9-order-web-1,28.71%,254MiB / 1GiB,25.9MB / 27.7MB
1775422277,dds26-team9-order-web-18,29.36%,257.9MiB / 1GiB,26MB / 27.6MB
1775422277,dds26-team9-order-web-13,28.12%,253.5MiB / 1GiB,25.9MB / 27.6MB
1775422277,dds26-team9-order-web-23,29.15%,257.4MiB / 1GiB,25.9MB / 27.6MB
1775422277,dds26-team9-order-worker-6,20.59%,35.99MiB / 512MiB,24.2MB / 31.6MB
1775422277,dds26-team9-order-web-17,28.39%,253.5MiB / 1GiB,25.9MB / 27.6MB
1775422277,dds26-team9-order-web-6,27.75%,253.9MiB / 1GiB,25.9MB / 27.6MB
1775422277,dds26-team9-order-web-8,29.57%,256.5MiB / 1GiB,26MB / 27.7MB
1775422277,dds26-team9-order-web-12,30.45%,253.9MiB / 1GiB,25.7MB / 27.3MB
1775422277,dds26-team9-order-web-5,36.85%,253.6MiB / 1GiB,25.9MB / 27.5MB
1775422277,dds26-team9-order-web-9,35.20%,254.8MiB / 1GiB,26MB / 27.6MB
1775422277,dds26-team9-order-web-11,35.94%,254MiB / 1GiB,25.9MB / 27.7MB
1775422277,dds26-team9-order-worker-1,20.99%,36.22MiB / 512MiB,24.2MB / 31.5MB
1775422277,dds26-team9-order-web-19,29.83%,258MiB / 1GiB,26MB / 27.7MB
1775422277,dds26-team9-order-web-16,27.54%,254.9MiB / 1GiB,26MB / 27.7MB
1775422277,dds26-team9-order-web-4,28.04%,262.4MiB / 1GiB,26MB / 27.6MB
1775422277,dds26-team9-order-web-22,28.87%,258.4MiB / 1GiB,25.9MB / 27.7MB
1775422277,dds26-team9-order-web-21,28.10%,256.4MiB / 1GiB,25.9MB / 27.7MB
1775422277,dds26-team9-orchestrator-worker-25,31.66%,37.26MiB / 512MiB,34MB / 56.2MB
1775422277,dds26-team9-order-web-3,28.15%,253.6MiB / 1GiB,26MB / 27.7MB
1775422277,dds26-team9-order-web-20,31.09%,253.3MiB / 1GiB,25.9MB / 27.6MB
1775422277,dds26-team9-order-web-2,27.84%,253.6MiB / 1GiB,26MB / 27.7MB
1775422277,dds26-team9-orchestrator-worker-24,33.32%,33.52MiB / 512MiB,34.1MB / 56.2MB
1775422277,dds26-team9-order-worker-4,20.81%,34.3MiB / 512MiB,24.2MB / 31.5MB
1775422277,dds26-team9-orchestrator-worker-1,31.84%,33.53MiB / 512MiB,33.9MB / 56MB
1775422277,dds26-team9-orchestrator-worker-17,30.49%,35.28MiB / 512MiB,34MB / 56.1MB
1775422277,dds26-team9-orchestrator-worker-3,32.47%,35.49MiB / 512MiB,34.1MB / 56.2MB
1775422277,dds26-team9-orchestrator-worker-14,31.67%,35.43MiB / 512MiB,34.1MB / 56.2MB
1775422277,dds26-team9-orchestrator-worker-21,31.41%,35.56MiB / 512MiB,34MB / 56.2MB
1775422277,dds26-team9-order-web-25,28.01%,253.9MiB / 1GiB,26MB / 27.6MB
1775422277,dds26-team9-orchestrator-worker-7,32.75%,35.46MiB / 512MiB,34MB / 56MB
1775422277,dds26-team9-order-web-10,28.04%,253.9MiB / 1GiB,25.9MB / 27.6MB
1775422277,dds26-team9-orchestrator-worker-16,31.72%,35.24MiB / 512MiB,34.1MB / 56.2MB
1775422277,dds26-team9-orchestrator-worker-6,33.50%,35.51MiB / 512MiB,34MB / 56MB
1775422277,dds26-team9-orchestrator-worker-23,31.13%,33.33MiB / 512MiB,34MB / 56.1MB
1775422277,dds26-team9-orchestrator-worker-20,30.64%,35.36MiB / 512MiB,34.1MB / 56.3MB
1775422277,dds26-team9-order-worker-8,21.66%,34.27MiB / 512MiB,24.2MB / 31.5MB
1775422277,dds26-team9-orchestrator-worker-15,31.11%,35.57MiB / 512MiB,33.9MB / 56MB
1775422277,dds26-team9-orchestrator-worker-22,32.09%,33.29MiB / 512MiB,33.9MB / 56.1MB
1775422277,dds26-team9-orchestrator-worker-13,32.83%,35.51MiB / 512MiB,34.1MB / 56.1MB
1775422277,dds26-team9-orchestrator-worker-8,32.72%,35.54MiB / 512MiB,34.1MB / 56.3MB
1775422277,dds26-team9-orchestrator-worker-19,31.86%,33.52MiB / 512MiB,34MB / 56.2MB
1775422277,dds26-team9-orchestrator-worker-10,32.83%,33.51MiB / 512MiB,34MB / 56.2MB
1775422277,dds26-team9-orchestrator-worker-18,31.56%,35.54MiB / 512MiB,34MB / 56.2MB
1775422277,dds26-team9-orchestrator-worker-2,31.99%,33.3MiB / 512MiB,34MB / 56.1MB
1775422277,dds26-team9-orchestrator-worker-11,30.83%,33.45MiB / 512MiB,34.1MB / 56.2MB
1775422277,dds26-team9-orchestrator-worker-12,31.55%,35.55MiB / 512MiB,33.9MB / 56MB
1775422277,dds26-team9-orchestrator-worker-4,31.60%,35.3MiB / 512MiB,34MB / 56.2MB
1775422277,dds26-team9-orchestrator-worker-9,31.85%,33.54MiB / 512MiB,34MB / 56.1MB
1775422277,dds26-team9-stock-worker-7,26.01%,33.69MiB / 512MiB,26MB / 36.3MB
1775422277,dds26-team9-stock-web-1,0.57%,217.6MiB / 512MiB,22.2kB / 4.6kB
1775422277,dds26-team9-stock-worker-1,25.67%,35.38MiB / 512MiB,26MB / 36.4MB
1775422277,dds26-team9-stock-worker-3,26.09%,33.42MiB / 512MiB,25.7MB / 36MB
1775422277,dds26-team9-orchestrator-worker-5,32.06%,35.29MiB / 512MiB,34.1MB / 56.3MB
1775422277,dds26-team9-stock-worker-6,24.37%,35.45MiB / 512MiB,26MB / 36.3MB
1775422277,dds26-team9-stock-web-3,0.61%,212.6MiB / 512MiB,22.4kB / 5.68kB
1775422277,dds26-team9-stock-web-2,0.59%,212.4MiB / 512MiB,20.4kB / 5.14kB
1775422277,dds26-team9-stock-worker-2,25.42%,33.43MiB / 512MiB,25.8MB / 36.1MB
1775422277,dds26-team9-stock-worker-5,25.25%,35.43MiB / 512MiB,26.1MB / 36.5MB
1775422277,dds26-team9-stock-web-4,0.60%,226MiB / 512MiB,23.2kB / 3.7MB
1775422277,dds26-team9-stock-worker-8,25.41%,35.39MiB / 512MiB,26.2MB / 36.6MB
1775422277,dds26-team9-stock-worker-4,24.26%,35.69MiB / 512MiB,26MB / 36.3MB
1775422277,dds26-team9-user-worker-4,40.43%,35.54MiB / 512MiB,44.2MB / 58.3MB
1775422277,dds26-team9-user-web-2,0.57%,218.1MiB / 512MiB,22.5kB / 5.21kB
1775422277,dds26-team9-user-worker-2,38.60%,33.82MiB / 512MiB,44.5MB / 58.7MB
1775422277,dds26-team9-user-worker-3,35.75%,35.82MiB / 512MiB,44.2MB / 58.3MB
1775422277,dds26-team9-user-worker-1,37.40%,35.57MiB / 512MiB,44.5MB / 58.6MB
1775422277,dds26-team9-user-web-4,0.61%,212.3MiB / 512MiB,21.7kB / 5.75kB
1775422277,dds26-team9-user-web-3,0.60%,224.5MiB / 512MiB,22.7kB / 3.1MB
1775422277,dds26-team9-user-web-1,0.58%,211.5MiB / 512MiB,19.2kB / 5.68kB
1775422277,dds26-team9-redis-stock-1,5.12%,28.96MiB / 512MiB,37.1MB / 44.7MB
1775422277,dds26-team9-redis-payment-1,7.32%,28.85MiB / 512MiB,34.6MB / 42.1MB
1775422277,dds26-team9-redis-order-1,44.91%,32.65MiB / 512MiB,489MB / 584MB
1775422277,dds26-team9-redis-orchestrator-1,29.68%,35.51MiB / 512MiB,536MB / 355MB
1775422277,dds26-team9-redis-bus-1,169.62%,37.41MiB / 2GiB,1.67GB / 949MB
1775422280,dds26-team9-gateway-1,24.18%,124.8MiB / 354.3GiB,281MB / 246MB
1775422280,dds26-team9-order-worker-5,21.73%,35.43MiB / 512MiB,24.7MB / 32.2MB
1775422280,dds26-team9-order-worker-3,22.50%,34.01MiB / 512MiB,24.8MB / 32.3MB
1775422280,dds26-team9-order-web-14,41.25%,256.6MiB / 1GiB,26.7MB / 28.4MB
1775422280,dds26-team9-order-web-7,34.02%,256.3MiB / 1GiB,26.7MB / 28.4MB
1775422280,dds26-team9-order-web-15,34.40%,273.9MiB / 1GiB,26.7MB / 39.8MB
1775422280,dds26-team9-order-web-24,34.39%,258.5MiB / 1GiB,26.7MB / 28.4MB
1775422280,dds26-team9-order-worker-2,22.07%,35.99MiB / 512MiB,24.8MB / 32.3MB
1775422280,dds26-team9-order-worker-7,22.22%,35.98MiB / 512MiB,24.8MB / 32.3MB
1775422280,dds26-team9-order-web-1,32.44%,254.1MiB / 1GiB,26.7MB / 28.4MB
1775422280,dds26-team9-order-web-18,33.01%,257.9MiB / 1GiB,26.7MB / 28.3MB
1775422280,dds26-team9-order-web-13,36.27%,253.6MiB / 1GiB,26.7MB / 28.4MB
1775422280,dds26-team9-order-web-23,34.96%,257.4MiB / 1GiB,26.7MB / 28.4MB
1775422280,dds26-team9-order-worker-6,21.60%,35.99MiB / 512MiB,24.8MB / 32.3MB
1775422280,dds26-team9-order-web-17,35.69%,253.8MiB / 1GiB,26.7MB / 28.3MB
1775422280,dds26-team9-order-web-6,33.24%,254MiB / 1GiB,26.7MB / 28.4MB
1775422280,dds26-team9-order-web-8,33.27%,256.5MiB / 1GiB,26.7MB / 28.5MB
1775422280,dds26-team9-order-web-12,33.80%,253.9MiB / 1GiB,26.7MB / 28.3MB
1775422280,dds26-team9-order-web-5,32.57%,253.6MiB / 1GiB,26.7MB / 28.3MB
1775422280,dds26-team9-order-web-9,33.24%,254.8MiB / 1GiB,26.7MB / 28.4MB
1775422280,dds26-team9-order-web-11,32.58%,254.8MiB / 1GiB,26.7MB / 28.5MB
1775422280,dds26-team9-order-worker-1,22.36%,36.03MiB / 512MiB,24.8MB / 32.3MB
1775422280,dds26-team9-order-web-19,36.04%,258.1MiB / 1GiB,26.7MB / 28.4MB
1775422280,dds26-team9-order-web-16,34.52%,254.9MiB / 1GiB,26.7MB / 28.4MB
1775422280,dds26-team9-order-web-4,31.80%,262.4MiB / 1GiB,26.8MB / 28.3MB
1775422280,dds26-team9-order-web-22,33.75%,258.4MiB / 1GiB,26.7MB / 28.4MB
1775422280,dds26-team9-order-web-21,32.79%,256.2MiB / 1GiB,26.7MB / 28.4MB
1775422280,dds26-team9-orchestrator-worker-25,36.12%,37.26MiB / 512MiB,34.9MB / 57.5MB
1775422280,dds26-team9-order-web-3,33.23%,254.1MiB / 1GiB,26.7MB / 28.4MB
1775422280,dds26-team9-order-web-20,34.41%,253.3MiB / 1GiB,26.7MB / 28.4MB
1775422280,dds26-team9-order-web-2,34.08%,253.6MiB / 1GiB,26.7MB / 28.4MB
1775422280,dds26-team9-orchestrator-worker-24,35.21%,33.52MiB / 512MiB,34.9MB / 57.6MB
1775422280,dds26-team9-order-worker-4,22.79%,34.05MiB / 512MiB,24.8MB / 32.3MB
1775422280,dds26-team9-orchestrator-worker-1,38.30%,33.31MiB / 512MiB,34.8MB / 57.4MB
1775422280,dds26-team9-orchestrator-worker-17,35.18%,35.51MiB / 512MiB,34.8MB / 57.5MB
1775422280,dds26-team9-orchestrator-worker-3,35.50%,35.5MiB / 512MiB,34.9MB / 57.5MB
1775422280,dds26-team9-orchestrator-worker-14,33.68%,35.44MiB / 512MiB,34.6MB / 57.1MB
1775422280,dds26-team9-orchestrator-worker-21,35.75%,35.32MiB / 512MiB,34.8MB / 57.5MB
1775422280,dds26-team9-order-web-25,39.48%,254.2MiB / 1GiB,26.7MB / 28.3MB
1775422280,dds26-team9-orchestrator-worker-7,36.88%,35.32MiB / 512MiB,34.8MB / 57.4MB
1775422280,dds26-team9-order-web-10,39.66%,253.9MiB / 1GiB,26.7MB / 28.4MB
1775422280,dds26-team9-orchestrator-worker-16,36.31%,35.48MiB / 512MiB,35MB / 57.6MB
1775422280,dds26-team9-orchestrator-worker-6,38.36%,35.47MiB / 512MiB,34.8MB / 57.4MB
1775422280,dds26-team9-orchestrator-worker-23,34.50%,33.33MiB / 512MiB,34.8MB / 57.5MB
1775422280,dds26-team9-orchestrator-worker-20,37.29%,35.59MiB / 512MiB,35MB / 57.7MB
1775422280,dds26-team9-order-worker-8,22.89%,34.28MiB / 512MiB,24.8MB / 32.3MB
1775422280,dds26-team9-orchestrator-worker-15,34.81%,35.54MiB / 512MiB,34.7MB / 57.3MB
1775422280,dds26-team9-orchestrator-worker-22,35.52%,33.75MiB / 512MiB,34.7MB / 57.4MB
1775422280,dds26-team9-orchestrator-worker-13,37.31%,35.27MiB / 512MiB,34.9MB / 57.5MB
1775422280,dds26-team9-orchestrator-worker-8,36.21%,35.65MiB / 512MiB,35MB / 57.7MB
1775422280,dds26-team9-orchestrator-worker-19,36.55%,33.29MiB / 512MiB,34.8MB / 57.5MB
1775422280,dds26-team9-orchestrator-worker-10,37.03%,33.31MiB / 512MiB,34.8MB / 57.6MB
1775422280,dds26-team9-orchestrator-worker-18,36.39%,35.59MiB / 512MiB,34.9MB / 57.6MB
1775422280,dds26-team9-orchestrator-worker-2,37.76%,33.3MiB / 512MiB,34.8MB / 57.5MB
1775422280,dds26-team9-orchestrator-worker-11,34.98%,33.31MiB / 512MiB,34.9MB / 57.5MB
1775422280,dds26-team9-orchestrator-worker-12,36.42%,35.48MiB / 512MiB,34.7MB / 57.3MB
1775422280,dds26-team9-orchestrator-worker-4,36.21%,35.3MiB / 512MiB,34.8MB / 57.6MB
1775422280,dds26-team9-orchestrator-worker-9,36.94%,33.78MiB / 512MiB,34.8MB / 57.4MB
1775422280,dds26-team9-stock-worker-7,30.18%,33.7MiB / 512MiB,26.6MB / 37.2MB
1775422280,dds26-team9-stock-web-1,7.71%,217.6MiB / 512MiB,22.3kB / 4.75kB
1775422280,dds26-team9-stock-worker-1,27.74%,35.61MiB / 512MiB,26.6MB / 37.3MB
1775422280,dds26-team9-stock-worker-3,31.10%,33.67MiB / 512MiB,26.4MB / 36.9MB
1775422280,dds26-team9-orchestrator-worker-5,36.53%,35.29MiB / 512MiB,35MB / 57.6MB
1775422280,dds26-team9-stock-worker-6,29.36%,35.66MiB / 512MiB,26.6MB / 37.2MB
1775422280,dds26-team9-stock-web-3,0.53%,212.6MiB / 512MiB,22.4kB / 5.68kB
1775422280,dds26-team9-stock-web-2,0.62%,212.4MiB / 512MiB,20.4kB / 5.14kB
1775422280,dds26-team9-stock-worker-2,31.63%,33.68MiB / 512MiB,26.4MB / 37MB
1775422280,dds26-team9-stock-worker-5,28.63%,35.93MiB / 512MiB,26.7MB / 37.3MB
1775422280,dds26-team9-stock-web-4,0.59%,226MiB / 512MiB,23.2kB / 3.7MB
1775422280,dds26-team9-stock-worker-8,28.52%,35.84MiB / 512MiB,26.8MB / 37.4MB
1775422280,dds26-team9-stock-worker-4,28.90%,35.46MiB / 512MiB,26.6MB / 37.2MB
1775422280,dds26-team9-user-worker-4,40.19%,36.02MiB / 512MiB,45.3MB / 59.7MB
1775422280,dds26-team9-user-web-2,7.94%,218.1MiB / 512MiB,22.6kB / 5.35kB
1775422280,dds26-team9-user-worker-2,38.26%,33.58MiB / 512MiB,45.5MB / 60.1MB
1775422280,dds26-team9-user-worker-3,37.62%,35.81MiB / 512MiB,45.3MB / 59.7MB
1775422280,dds26-team9-user-worker-1,40.04%,36.05MiB / 512MiB,45.5MB / 60MB
1775422280,dds26-team9-user-web-4,0.57%,212.3MiB / 512MiB,21.7kB / 5.75kB
1775422280,dds26-team9-user-web-3,0.61%,224.5MiB / 512MiB,22.7kB / 3.1MB
1775422280,dds26-team9-user-web-1,0.56%,211.5MiB / 512MiB,19.2kB / 5.68kB
1775422280,dds26-team9-redis-stock-1,8.56%,29.01MiB / 512MiB,37.9MB / 45.7MB
1775422280,dds26-team9-redis-payment-1,7.69%,28.81MiB / 512MiB,35.4MB / 43.1MB
1775422280,dds26-team9-redis-order-1,43.80%,33MiB / 512MiB,502MB / 602MB
1775422280,dds26-team9-redis-orchestrator-1,30.55%,35.54MiB / 512MiB,549MB / 363MB
1775422280,dds26-team9-redis-bus-1,174.78%,38.79MiB / 2GiB,1.71GB / 972MB
1775422284,dds26-team9-gateway-1,23.34%,125.7MiB / 354.3GiB,289MB / 252MB
1775422284,dds26-team9-order-worker-5,22.56%,35.43MiB / 512MiB,25.3MB / 33MB
1775422284,dds26-team9-order-worker-3,21.27%,34.23MiB / 512MiB,25.3MB / 33MB
1775422284,dds26-team9-order-web-14,31.96%,256.6MiB / 1GiB,27.4MB / 29.1MB
1775422284,dds26-team9-order-web-7,32.50%,256.3MiB / 1GiB,27.4MB / 29.1MB
1775422284,dds26-team9-order-web-15,32.91%,274MiB / 1GiB,27.5MB / 40.6MB
1775422284,dds26-team9-order-web-24,32.19%,258.3MiB / 1GiB,27.4MB / 29.1MB
1775422284,dds26-team9-order-worker-2,21.56%,35.99MiB / 512MiB,25.4MB / 33.1MB
1775422284,dds26-team9-order-worker-7,22.09%,35.98MiB / 512MiB,25.4MB / 33MB
1775422284,dds26-team9-order-web-1,39.79%,254.1MiB / 1GiB,27.4MB / 29.1MB
1775422284,dds26-team9-order-web-18,32.49%,258MiB / 1GiB,27.4MB / 29MB
1775422284,dds26-team9-order-web-13,30.88%,253.9MiB / 1GiB,27.4MB / 29.1MB
1775422284,dds26-team9-order-web-23,31.61%,257.4MiB / 1GiB,27.2MB / 28.8MB
1775422284,dds26-team9-order-worker-6,21.74%,36.22MiB / 512MiB,25.4MB / 33MB
1775422284,dds26-team9-order-web-17,33.47%,253.6MiB / 1GiB,27.4MB / 29MB
1775422284,dds26-team9-order-web-6,32.11%,254.2MiB / 1GiB,27.4MB / 29.1MB
1775422284,dds26-team9-order-web-8,32.57%,256.7MiB / 1GiB,27.5MB / 29.2MB
1775422284,dds26-team9-order-web-12,32.02%,253.7MiB / 1GiB,27.4MB / 29MB
1775422284,dds26-team9-order-web-5,31.89%,253.9MiB / 1GiB,27.4MB / 29MB
1775422284,dds26-team9-order-web-9,33.97%,254.9MiB / 1GiB,27.5MB / 29.1MB
1775422284,dds26-team9-order-web-11,31.54%,254.1MiB / 1GiB,27.4MB / 29.2MB
1775422284,dds26-team9-order-worker-1,22.60%,36.03MiB / 512MiB,25.3MB / 33MB
1775422284,dds26-team9-order-web-19,33.25%,258.1MiB / 1GiB,27.5MB / 29.2MB
1775422284,dds26-team9-order-web-16,33.78%,255MiB / 1GiB,27.5MB / 29.2MB
1775422284,dds26-team9-order-web-4,34.58%,262.8MiB / 1GiB,27.5MB / 29.1MB
1775422284,dds26-team9-order-web-22,31.48%,258.9MiB / 1GiB,27.4MB / 29.1MB
1775422284,dds26-team9-order-web-21,31.83%,256.3MiB / 1GiB,27.4MB / 29.1MB
1775422284,dds26-team9-orchestrator-worker-25,35.58%,37.51MiB / 512MiB,35.7MB / 58.9MB
1775422284,dds26-team9-order-web-3,35.51%,254MiB / 1GiB,27.5MB / 29.2MB
1775422284,dds26-team9-order-web-20,33.98%,253.3MiB / 1GiB,27.4MB / 29.1MB
1775422284,dds26-team9-order-web-2,31.54%,253.9MiB / 1GiB,27.5MB / 29.2MB
1775422284,dds26-team9-orchestrator-worker-24,35.64%,33.42MiB / 512MiB,35.7MB / 59MB
1775422284,dds26-team9-order-worker-4,21.59%,34.05MiB / 512MiB,25.3MB / 33MB
1775422284,dds26-team9-orchestrator-worker-1,34.37%,33.53MiB / 512MiB,35.5MB / 58.7MB
1775422284,dds26-team9-orchestrator-worker-17,33.24%,35.53MiB / 512MiB,35.6MB / 58.8MB
1775422284,dds26-team9-orchestrator-worker-3,34.83%,35.26MiB / 512MiB,35.7MB / 58.9MB
1775422284,dds26-team9-orchestrator-worker-14,33.93%,35.74MiB / 512MiB,35.7MB / 58.9MB
1775422284,dds26-team9-orchestrator-worker-21,34.40%,35.56MiB / 512MiB,35.6MB / 58.8MB
1775422284,dds26-team9-order-web-25,31.81%,254MiB / 1GiB,27.5MB / 29.1MB
1775422284,dds26-team9-orchestrator-worker-7,35.73%,35.32MiB / 512MiB,35.6MB / 58.7MB
1775422284,dds26-team9-order-web-10,31.46%,254.3MiB / 1GiB,27.4MB / 29.1MB
1775422284,dds26-team9-orchestrator-worker-16,34.70%,35.25MiB / 512MiB,35.8MB / 58.9MB
1775422284,dds26-team9-orchestrator-worker-6,34.93%,35.5MiB / 512MiB,35.6MB / 58.7MB
1775422284,dds26-team9-orchestrator-worker-23,33.45%,33.57MiB / 512MiB,35.7MB / 58.9MB
1775422284,dds26-team9-orchestrator-worker-20,33.15%,35.36MiB / 512MiB,35.8MB / 59MB
1775422284,dds26-team9-order-worker-8,22.72%,34.05MiB / 512MiB,25.3MB / 33MB
1775422284,dds26-team9-orchestrator-worker-15,33.33%,35.56MiB / 512MiB,35.5MB / 58.6MB
1775422284,dds26-team9-orchestrator-worker-22,33.95%,33.3MiB / 512MiB,35.5MB / 58.7MB
1775422284,dds26-team9-orchestrator-worker-13,35.26%,35.27MiB / 512MiB,35.7MB / 58.8MB
1775422284,dds26-team9-orchestrator-worker-8,33.22%,35.56MiB / 512MiB,35.8MB / 59MB
1775422284,dds26-team9-orchestrator-worker-19,33.46%,33.52MiB / 512MiB,35.6MB / 58.8MB
1775422284,dds26-team9-orchestrator-worker-10,34.84%,33.31MiB / 512MiB,35.6MB / 58.9MB
1775422284,dds26-team9-orchestrator-worker-18,33.68%,35.34MiB / 512MiB,35.7MB / 58.9MB
1775422284,dds26-team9-orchestrator-worker-2,34.22%,33.3MiB / 512MiB,35.6MB / 58.8MB
1775422284,dds26-team9-orchestrator-worker-11,35.13%,33.54MiB / 512MiB,35.7MB / 58.9MB
1775422284,dds26-team9-orchestrator-worker-12,34.23%,35.56MiB / 512MiB,35.5MB / 58.6MB
1775422284,dds26-team9-orchestrator-worker-4,34.21%,35.3MiB / 512MiB,35.6MB / 58.9MB
1775422284,dds26-team9-orchestrator-worker-9,33.03%,33.31MiB / 512MiB,35.6MB / 58.8MB
1775422284,dds26-team9-stock-worker-7,27.92%,33.68MiB / 512MiB,27.2MB / 38.1MB
1775422284,dds26-team9-stock-web-1,0.56%,217.6MiB / 512MiB,22.3kB / 4.75kB
1775422284,dds26-team9-stock-worker-1,26.24%,35.38MiB / 512MiB,27.2MB / 38.1MB
1775422284,dds26-team9-stock-worker-3,28.89%,33.42MiB / 512MiB,27MB / 37.8MB
1775422284,dds26-team9-orchestrator-worker-5,33.35%,35.29MiB / 512MiB,35.7MB / 58.9MB
1775422284,dds26-team9-stock-worker-6,26.90%,35.68MiB / 512MiB,27.2MB / 38.1MB
1775422284,dds26-team9-stock-web-3,0.51%,212.6MiB / 512MiB,22.5kB / 5.83kB
1775422284,dds26-team9-stock-web-2,0.57%,212.6MiB / 512MiB,20.9kB / 5.83kB
1775422284,dds26-team9-stock-worker-2,28.35%,33.44MiB / 512MiB,27MB / 37.8MB
1775422284,dds26-team9-stock-worker-5,27.85%,35.65MiB / 512MiB,27.3MB / 38.2MB
1775422284,dds26-team9-stock-web-4,0.55%,226MiB / 512MiB,23.3kB / 3.7MB
1775422284,dds26-team9-stock-worker-8,26.64%,35.63MiB / 512MiB,27.4MB / 38.3MB
1775422284,dds26-team9-stock-worker-4,26.82%,35.68MiB / 512MiB,27.2MB / 38MB
1775422284,dds26-team9-user-worker-4,39.40%,35.78MiB / 512MiB,46.4MB / 61.1MB
1775422284,dds26-team9-user-web-2,0.57%,218.1MiB / 512MiB,22.6kB / 5.35kB
1775422284,dds26-team9-user-worker-2,37.67%,33.59MiB / 512MiB,46.6MB / 61.5MB
1775422284,dds26-team9-user-worker-3,36.29%,35.57MiB / 512MiB,46.4MB / 61.1MB
1775422284,dds26-team9-user-worker-1,38.04%,36.01MiB / 512MiB,46.6MB / 61.4MB
1775422284,dds26-team9-user-web-4,0.52%,212.3MiB / 512MiB,21.8kB / 5.89kB
1775422284,dds26-team9-user-web-3,0.56%,224.5MiB / 512MiB,22.8kB / 3.1MB
1775422284,dds26-team9-user-web-1,8.23%,211.5MiB / 512MiB,19.3kB / 5.83kB
1775422284,dds26-team9-redis-stock-1,5.71%,29.02MiB / 512MiB,38.7MB / 46.8MB
1775422284,dds26-team9-redis-payment-1,5.37%,28.81MiB / 512MiB,36.1MB / 44.2MB
1775422284,dds26-team9-redis-order-1,43.75%,33.04MiB / 512MiB,515MB / 619MB
1775422284,dds26-team9-redis-orchestrator-1,29.99%,35.56MiB / 512MiB,562MB / 372MB
1775422284,dds26-team9-redis-bus-1,171.18%,37.82MiB / 2GiB,1.75GB / 994MB
1775422287,dds26-team9-gateway-1,22.99%,124.8MiB / 354.3GiB,296MB / 259MB
1775422287,dds26-team9-order-worker-5,23.01%,35.68MiB / 512MiB,25.8MB / 33.7MB
1775422287,dds26-team9-order-worker-3,22.37%,34.22MiB / 512MiB,25.9MB / 33.7MB
1775422287,dds26-team9-order-web-14,30.41%,256.6MiB / 1GiB,28.1MB / 29.8MB
1775422287,dds26-team9-order-web-7,30.23%,256.4MiB / 1GiB,28.2MB / 29.8MB
1775422287,dds26-team9-order-web-15,30.54%,274MiB / 1GiB,28.2MB / 41.2MB
1775422287,dds26-team9-order-web-24,29.42%,258.6MiB / 1GiB,28.2MB / 29.8MB
1775422287,dds26-team9-order-worker-2,21.66%,35.99MiB / 512MiB,25.9MB / 33.8MB
1775422287,dds26-team9-order-worker-7,22.30%,35.98MiB / 512MiB,25.9MB / 33.8MB
1775422287,dds26-team9-order-web-1,28.71%,254.2MiB / 1GiB,28.2MB / 29.9MB
1775422287,dds26-team9-order-web-18,30.19%,258.2MiB / 1GiB,28.2MB / 29.7MB
1775422287,dds26-team9-order-web-13,28.25%,253.7MiB / 1GiB,28.2MB / 29.8MB
1775422287,dds26-team9-order-web-23,29.03%,257.4MiB / 1GiB,28.2MB / 29.8MB
1775422287,dds26-team9-order-worker-6,20.97%,35.99MiB / 512MiB,25.9MB / 33.7MB
1775422287,dds26-team9-order-web-17,29.69%,253.8MiB / 1GiB,28.2MB / 29.7MB
1775422287,dds26-team9-order-web-6,27.39%,254.3MiB / 1GiB,28.1MB / 29.8MB
1775422287,dds26-team9-order-web-8,29.77%,256.5MiB / 1GiB,28.2MB / 29.9MB
1775422287,dds26-team9-order-web-12,34.81%,253.8MiB / 1GiB,28.1MB / 29.7MB
1775422287,dds26-team9-order-web-5,37.03%,253.9MiB / 1GiB,28.1MB / 29.7MB
1775422287,dds26-team9-order-web-9,31.54%,254.9MiB / 1GiB,28MB / 29.6MB
1775422287,dds26-team9-order-web-11,34.15%,254.8MiB / 1GiB,28.2MB / 29.9MB
1775422287,dds26-team9-order-worker-1,21.96%,36.24MiB / 512MiB,25.9MB / 33.7MB
1775422287,dds26-team9-order-web-19,29.15%,258.3MiB / 1GiB,28.2MB / 29.9MB
1775422287,dds26-team9-order-web-16,28.46%,255.2MiB / 1GiB,28.2MB / 29.8MB
1775422287,dds26-team9-order-web-4,29.72%,262.6MiB / 1GiB,28.2MB / 29.8MB
1775422287,dds26-team9-order-web-22,29.50%,258.5MiB / 1GiB,28.2MB / 29.9MB
1775422287,dds26-team9-order-web-21,27.58%,256.4MiB / 1GiB,28.1MB / 29.9MB
1775422287,dds26-team9-orchestrator-worker-25,31.21%,37.26MiB / 512MiB,36.5MB / 60.2MB
1775422287,dds26-team9-order-web-3,30.07%,253.8MiB / 1GiB,28.2MB / 29.8MB
1775422287,dds26-team9-order-web-20,30.71%,253.7MiB / 1GiB,28.1MB / 29.8MB
1775422287,dds26-team9-order-web-2,28.51%,253.7MiB / 1GiB,28.2MB / 29.9MB
1775422287,dds26-team9-orchestrator-worker-24,33.31%,33.55MiB / 512MiB,36.5MB / 60.2MB
1775422287,dds26-team9-order-worker-4,21.95%,34.05MiB / 512MiB,25.9MB / 33.7MB
1775422287,dds26-team9-orchestrator-worker-1,33.26%,33.53MiB / 512MiB,36.3MB / 60MB
1775422287,dds26-team9-orchestrator-worker-17,31.11%,35.49MiB / 512MiB,36.4MB / 60.1MB
1775422287,dds26-team9-orchestrator-worker-3,31.44%,35.5MiB / 512MiB,36.5MB / 60.2MB
1775422287,dds26-team9-orchestrator-worker-14,31.96%,35.28MiB / 512MiB,36.5MB / 60.2MB
1775422287,dds26-team9-orchestrator-worker-21,31.18%,35.32MiB / 512MiB,36.4MB / 60.2MB
1775422287,dds26-team9-order-web-25,29.58%,254.6MiB / 1GiB,28.2MB / 29.8MB
1775422287,dds26-team9-orchestrator-worker-7,33.77%,35.55MiB / 512MiB,36.4MB / 60MB
1775422287,dds26-team9-order-web-10,29.81%,254.1MiB / 1GiB,28.2MB / 29.8MB
1775422287,dds26-team9-orchestrator-worker-16,31.89%,35.24MiB / 512MiB,36.6MB / 60.2MB
1775422287,dds26-team9-orchestrator-worker-6,33.38%,35.47MiB / 512MiB,36.4MB / 60.1MB
1775422287,dds26-team9-orchestrator-worker-23,32.96%,33.33MiB / 512MiB,36.4MB / 60.1MB
1775422287,dds26-team9-orchestrator-worker-20,31.60%,35.6MiB / 512MiB,36.5MB / 60.3MB
1775422287,dds26-team9-order-worker-8,21.78%,34.05MiB / 512MiB,25.9MB / 33.7MB
1775422287,dds26-team9-orchestrator-worker-15,32.09%,35.32MiB / 512MiB,36.3MB / 59.9MB
1775422287,dds26-team9-orchestrator-worker-22,32.05%,33.55MiB / 512MiB,36.3MB / 60MB
1775422287,dds26-team9-orchestrator-worker-13,33.29%,35.27MiB / 512MiB,36.5MB / 60.1MB
1775422287,dds26-team9-orchestrator-worker-8,31.70%,35.32MiB / 512MiB,36.6MB / 60.3MB
1775422287,dds26-team9-orchestrator-worker-19,32.95%,33.52MiB / 512MiB,36.4MB / 60.2MB
1775422287,dds26-team9-orchestrator-worker-10,32.03%,33.5MiB / 512MiB,36.4MB / 60.2MB
1775422287,dds26-team9-orchestrator-worker-18,32.12%,35.34MiB / 512MiB,36.5MB / 60.2MB
1775422287,dds26-team9-orchestrator-worker-2,32.35%,33.43MiB / 512MiB,36.4MB / 60.1MB
1775422287,dds26-team9-orchestrator-worker-11,32.39%,33.32MiB / 512MiB,36.5MB / 60.2MB
1775422287,dds26-team9-orchestrator-worker-12,31.98%,35.32MiB / 512MiB,36.3MB / 60MB
1775422287,dds26-team9-orchestrator-worker-4,33.29%,35.55MiB / 512MiB,36.4MB / 60.2MB
1775422287,dds26-team9-orchestrator-worker-9,32.13%,33.55MiB / 512MiB,36.3MB / 60MB
1775422287,dds26-team9-stock-worker-7,24.64%,33.46MiB / 512MiB,27.8MB / 38.9MB
1775422287,dds26-team9-stock-web-1,0.52%,217.6MiB / 512MiB,22.3kB / 4.75kB
1775422287,dds26-team9-stock-worker-1,24.47%,35.39MiB / 512MiB,27.9MB / 39MB
1775422287,dds26-team9-stock-worker-3,26.64%,33.41MiB / 512MiB,27.5MB / 38.6MB
1775422287,dds26-team9-orchestrator-worker-5,32.61%,35.51MiB / 512MiB,36.5MB / 60.2MB
1775422287,dds26-team9-stock-worker-6,25.97%,35.44MiB / 512MiB,27.8MB / 38.9MB
1775422287,dds26-team9-stock-web-3,0.53%,212.6MiB / 512MiB,22.5kB / 5.83kB
1775422287,dds26-team9-stock-web-2,0.60%,212.6MiB / 512MiB,20.9kB / 5.83kB
1775422287,dds26-team9-stock-worker-2,25.60%,33.65MiB / 512MiB,27.6MB / 38.7MB
1775422287,dds26-team9-stock-worker-5,24.20%,35.43MiB / 512MiB,27.9MB / 39MB
1775422287,dds26-team9-stock-web-4,0.58%,226MiB / 512MiB,23.3kB / 3.7MB
1775422287,dds26-team9-stock-worker-8,24.63%,35.38MiB / 512MiB,28MB / 39.1MB
1775422287,dds26-team9-stock-worker-4,25.16%,35.71MiB / 512MiB,27.8MB / 38.9MB
1775422287,dds26-team9-user-worker-4,39.45%,35.75MiB / 512MiB,47.4MB / 62.5MB
1775422287,dds26-team9-user-web-2,0.54%,218.1MiB / 512MiB,22.6kB / 5.35kB
1775422287,dds26-team9-user-worker-2,37.46%,33.81MiB / 512MiB,47.7MB / 62.8MB
1775422287,dds26-team9-user-worker-3,36.92%,35.76MiB / 512MiB,47.4MB / 62.5MB
1775422287,dds26-team9-user-worker-1,38.79%,35.79MiB / 512MiB,47.6MB / 62.8MB
1775422287,dds26-team9-user-web-4,0.51%,212.3MiB / 512MiB,21.8kB / 5.89kB
1775422287,dds26-team9-user-web-3,0.54%,224.5MiB / 512MiB,22.8kB / 3.1MB
1775422287,dds26-team9-user-web-1,0.56%,211.5MiB / 512MiB,19.3kB / 5.83kB
1775422287,dds26-team9-redis-stock-1,7.00%,29.27MiB / 512MiB,39.5MB / 47.9MB
1775422287,dds26-team9-redis-payment-1,7.56%,28.82MiB / 512MiB,36.9MB / 45.2MB
1775422287,dds26-team9-redis-order-1,42.23%,32.78MiB / 512MiB,528MB / 636MB
1775422287,dds26-team9-redis-orchestrator-1,29.92%,35.5MiB / 512MiB,575MB / 380MB
1775422287,dds26-team9-redis-bus-1,169.87%,37.54MiB / 2GiB,1.79GB / 1.02GB
1775422290,dds26-team9-gateway-1,24.24%,125.3MiB / 354.3GiB,304MB / 265MB
1775422290,dds26-team9-order-worker-5,24.09%,35.43MiB / 512MiB,26.4MB / 34.4MB
1775422290,dds26-team9-order-worker-3,23.48%,34.01MiB / 512MiB,26.4MB / 34.4MB
1775422290,dds26-team9-order-web-14,37.67%,256.6MiB / 1GiB,28.9MB / 30.6MB
1775422290,dds26-team9-order-web-7,32.06%,256.5MiB / 1GiB,28.9MB / 30.6MB
1775422290,dds26-team9-order-web-15,32.64%,274MiB / 1GiB,28.9MB / 42MB
1775422290,dds26-team9-order-web-24,30.36%,258.4MiB / 1GiB,28.9MB / 30.5MB
1775422290,dds26-team9-order-worker-2,22.25%,35.99MiB / 512MiB,26.5MB / 34.5MB
1775422290,dds26-team9-order-worker-7,22.31%,36.19MiB / 512MiB,26.5MB / 34.5MB
1775422290,dds26-team9-order-web-1,34.12%,254.4MiB / 1GiB,28.9MB / 30.6MB
1775422290,dds26-team9-order-web-18,31.08%,258MiB / 1GiB,28.9MB / 30.5MB
1775422290,dds26-team9-order-web-13,31.20%,253.7MiB / 1GiB,28.9MB / 30.5MB
1775422290,dds26-team9-order-web-23,31.85%,257.5MiB / 1GiB,28.9MB / 30.5MB
1775422290,dds26-team9-order-worker-6,22.98%,36MiB / 512MiB,26.5MB / 34.5MB
1775422290,dds26-team9-order-web-17,32.97%,253.9MiB / 1GiB,28.7MB / 30.2MB
1775422290,dds26-team9-order-web-6,30.42%,254.3MiB / 1GiB,28.9MB / 30.5MB
1775422290,dds26-team9-order-web-8,33.28%,256.6MiB / 1GiB,28.9MB / 30.6MB
1775422290,dds26-team9-order-web-12,30.52%,254MiB / 1GiB,28.9MB / 30.5MB
1775422290,dds26-team9-order-web-5,32.63%,254MiB / 1GiB,28.9MB / 30.4MB
1775422290,dds26-team9-order-web-9,31.45%,255.2MiB / 1GiB,28.9MB / 30.5MB
1775422290,dds26-team9-order-web-11,31.15%,255MiB / 1GiB,28.9MB / 30.6MB
1775422290,dds26-team9-order-worker-1,22.62%,36.03MiB / 512MiB,26.4MB / 34.4MB
1775422290,dds26-team9-order-web-19,30.98%,258.1MiB / 1GiB,29MB / 30.6MB
1775422290,dds26-team9-order-web-16,30.89%,255MiB / 1GiB,28.9MB / 30.6MB
1775422290,dds26-team9-order-web-4,32.30%,262.6MiB / 1GiB,29MB / 30.5MB
1775422290,dds26-team9-order-web-22,31.81%,258.5MiB / 1GiB,28.9MB / 30.6MB
1775422290,dds26-team9-order-web-21,31.31%,256.6MiB / 1GiB,28.9MB / 30.6MB
1775422290,dds26-team9-orchestrator-worker-25,35.19%,37.5MiB / 512MiB,37.2MB / 61.5MB
1775422290,dds26-team9-order-web-3,31.83%,254.3MiB / 1GiB,28.9MB / 30.6MB
1775422290,dds26-team9-order-web-20,32.38%,253.7MiB / 1GiB,28.9MB / 30.5MB
1775422290,dds26-team9-order-web-2,31.51%,253.7MiB / 1GiB,28.9MB / 30.6MB
1775422290,dds26-team9-orchestrator-worker-24,35.26%,33.32MiB / 512MiB,37.3MB / 61.6MB
1775422290,dds26-team9-order-worker-4,22.88%,34.28MiB / 512MiB,26.4MB / 34.4MB
1775422290,dds26-team9-orchestrator-worker-1,35.55%,33.31MiB / 512MiB,37.2MB / 61.4MB
1775422290,dds26-team9-orchestrator-worker-17,34.53%,35.47MiB / 512MiB,37.2MB / 61.4MB
1775422290,dds26-team9-orchestrator-worker-3,33.93%,35.5MiB / 512MiB,37.3MB / 61.5MB
1775422290,dds26-team9-orchestrator-worker-14,33.71%,35.29MiB / 512MiB,37.3MB / 61.6MB
1775422290,dds26-team9-orchestrator-worker-21,34.50%,35.32MiB / 512MiB,37.3MB / 61.6MB
1775422290,dds26-team9-order-web-25,37.28%,254.1MiB / 1GiB,29MB / 30.5MB
1775422290,dds26-team9-orchestrator-worker-7,34.10%,35.52MiB / 512MiB,37.2MB / 61.4MB
1775422290,dds26-team9-order-web-10,37.16%,254.1MiB / 1GiB,28.9MB / 30.6MB
1775422290,dds26-team9-orchestrator-worker-16,34.38%,35.24MiB / 512MiB,37.4MB / 61.5MB
1775422290,dds26-team9-orchestrator-worker-6,35.77%,35.43MiB / 512MiB,37.2MB / 61.4MB
1775422290,dds26-team9-orchestrator-worker-23,35.42%,33.33MiB / 512MiB,37.2MB / 61.5MB
1775422290,dds26-team9-orchestrator-worker-20,33.96%,35.6MiB / 512MiB,37.4MB / 61.6MB
1775422290,dds26-team9-order-worker-8,22.78%,34.3MiB / 512MiB,26.4MB / 34.4MB
1775422290,dds26-team9-orchestrator-worker-15,34.94%,35.32MiB / 512MiB,37.1MB / 61.3MB
1775422290,dds26-team9-orchestrator-worker-22,34.99%,33.55MiB / 512MiB,37.1MB / 61.4MB
1775422290,dds26-team9-orchestrator-worker-13,35.95%,35.27MiB / 512MiB,37.3MB / 61.5MB
1775422290,dds26-team9-orchestrator-worker-8,35.92%,35.5MiB / 512MiB,37.4MB / 61.7MB
1775422290,dds26-team9-orchestrator-worker-19,35.14%,33.29MiB / 512MiB,37.2MB / 61.5MB
1775422290,dds26-team9-orchestrator-worker-10,35.89%,33.5MiB / 512MiB,37.2MB / 61.5MB
1775422290,dds26-team9-orchestrator-worker-18,35.36%,35.34MiB / 512MiB,37.3MB / 61.5MB
1775422290,dds26-team9-orchestrator-worker-2,34.96%,33.55MiB / 512MiB,37.2MB / 61.5MB
1775422290,dds26-team9-orchestrator-worker-11,35.27%,33.47MiB / 512MiB,37.3MB / 61.5MB
1775422290,dds26-team9-orchestrator-worker-12,35.67%,35.32MiB / 512MiB,37.1MB / 61.3MB
1775422290,dds26-team9-orchestrator-worker-4,35.21%,35.5MiB / 512MiB,37.2MB / 61.5MB
1775422290,dds26-team9-orchestrator-worker-9,34.51%,33.53MiB / 512MiB,37.2MB / 61.4MB
1775422290,dds26-team9-stock-worker-7,27.82%,33.66MiB / 512MiB,28.4MB / 39.8MB
1775422290,dds26-team9-stock-web-1,8.11%,217.8MiB / 512MiB,22.7kB / 5.43kB
1775422290,dds26-team9-stock-worker-1,28.10%,35.39MiB / 512MiB,28.5MB / 39.9MB
1775422290,dds26-team9-stock-worker-3,28.48%,33.91MiB / 512MiB,28.2MB / 39.5MB
1775422290,dds26-team9-orchestrator-worker-5,34.84%,35.46MiB / 512MiB,37.4MB / 61.6MB
1775422290,dds26-team9-stock-worker-6,27.46%,35.45MiB / 512MiB,28.4MB / 39.8MB
1775422290,dds26-team9-stock-web-3,0.53%,212.6MiB / 512MiB,22.5kB / 5.83kB
1775422290,dds26-team9-stock-web-2,0.61%,212.6MiB / 512MiB,20.9kB / 5.83kB
1775422290,dds26-team9-stock-worker-2,28.80%,33.68MiB / 512MiB,28.2MB / 39.5MB
1775422290,dds26-team9-stock-worker-5,29.22%,35.67MiB / 512MiB,28.5MB / 39.9MB
1775422290,dds26-team9-stock-web-4,0.57%,226MiB / 512MiB,23.3kB / 3.7MB
1775422290,dds26-team9-stock-worker-8,28.17%,35.62MiB / 512MiB,28.6MB / 40MB
1775422290,dds26-team9-stock-worker-4,28.54%,35.71MiB / 512MiB,28.4MB / 39.8MB
1775422290,dds26-team9-user-worker-4,40.16%,35.79MiB / 512MiB,48.5MB / 63.9MB
1775422290,dds26-team9-user-web-2,7.47%,218.1MiB / 512MiB,22.7kB / 5.5kB
1775422290,dds26-team9-user-worker-2,39.02%,33.58MiB / 512MiB,48.7MB / 64.2MB
1775422290,dds26-team9-user-worker-3,36.31%,35.57MiB / 512MiB,48.5MB / 63.9MB
1775422290,dds26-team9-user-worker-1,39.35%,35.81MiB / 512MiB,48.7MB / 64.1MB
1775422290,dds26-team9-user-web-4,0.50%,212.3MiB / 512MiB,21.8kB / 5.89kB
1775422290,dds26-team9-user-web-3,0.57%,224.5MiB / 512MiB,22.8kB / 3.1MB
1775422290,dds26-team9-user-web-1,0.54%,211.5MiB / 512MiB,19.3kB / 5.83kB
1775422290,dds26-team9-redis-stock-1,5.67%,29.01MiB / 512MiB,40.3MB / 48.9MB
1775422290,dds26-team9-redis-payment-1,5.85%,28.82MiB / 512MiB,37.6MB / 46.2MB
1775422290,dds26-team9-redis-order-1,44.40%,32.95MiB / 512MiB,541MB / 653MB
1775422290,dds26-team9-redis-orchestrator-1,29.51%,35.52MiB / 512MiB,588MB / 389MB
1775422290,dds26-team9-redis-bus-1,174.36%,38.01MiB / 2GiB,1.83GB / 1.04GB
1775422294,dds26-team9-gateway-1,23.74%,125.4MiB / 354.3GiB,312MB / 272MB
1775422294,dds26-team9-order-worker-5,21.71%,35.65MiB / 512MiB,26.9MB / 35.1MB
1775422294,dds26-team9-order-worker-3,22.80%,34.01MiB / 512MiB,27MB / 35.2MB
1775422294,dds26-team9-order-web-14,32.36%,256.6MiB / 1GiB,29.6MB / 31.3MB
1775422294,dds26-team9-order-web-7,32.30%,256.7MiB / 1GiB,29.7MB / 31.3MB
1775422294,dds26-team9-order-web-15,33.44%,274.3MiB / 1GiB,29.7MB / 42.7MB
1775422294,dds26-team9-order-web-24,36.48%,258.5MiB / 1GiB,29.7MB / 31.2MB
1775422294,dds26-team9-order-worker-2,21.35%,35.99MiB / 512MiB,27MB / 35.2MB
1775422294,dds26-team9-order-worker-7,21.45%,35.98MiB / 512MiB,27MB / 35.2MB
1775422294,dds26-team9-order-web-1,40.34%,254.7MiB / 1GiB,29.7MB / 31.3MB
1775422294,dds26-team9-order-web-18,31.33%,258.3MiB / 1GiB,29.4MB / 30.9MB
1775422294,dds26-team9-order-web-13,31.59%,253.8MiB / 1GiB,29.7MB / 31.2MB
1775422294,dds26-team9-order-web-23,32.60%,257.7MiB / 1GiB,29.7MB / 31.2MB
1775422294,dds26-team9-order-worker-6,21.23%,36.2MiB / 512MiB,27MB / 35.2MB
1775422294,dds26-team9-order-web-17,32.60%,253.7MiB / 1GiB,29.7MB / 31.2MB
1775422294,dds26-team9-order-web-6,31.46%,254MiB / 1GiB,29.6MB / 31.2MB
1775422294,dds26-team9-order-web-8,32.91%,256.6MiB / 1GiB,29.7MB / 31.3MB
1775422294,dds26-team9-order-web-12,31.24%,253.8MiB / 1GiB,29.6MB / 31.2MB
1775422294,dds26-team9-order-web-5,31.46%,253.8MiB / 1GiB,29.6MB / 31.2MB
1775422294,dds26-team9-order-web-9,31.87%,255MiB / 1GiB,29.7MB / 31.2MB
1775422294,dds26-team9-order-web-11,32.64%,254.2MiB / 1GiB,29.6MB / 31.3MB
1775422294,dds26-team9-order-worker-1,21.79%,36.03MiB / 512MiB,27MB / 35.2MB
1775422294,dds26-team9-order-web-19,32.14%,258.4MiB / 1GiB,29.7MB / 31.3MB
1775422294,dds26-team9-order-web-16,31.91%,255.3MiB / 1GiB,29.7MB / 31.3MB
1775422294,dds26-team9-order-web-4,31.96%,262.7MiB / 1GiB,29.7MB / 31.2MB
1775422294,dds26-team9-order-web-22,31.23%,258.5MiB / 1GiB,29.6MB / 31.3MB
1775422294,dds26-team9-order-web-21,31.80%,256.9MiB / 1GiB,29.6MB / 31.3MB
1775422294,dds26-team9-orchestrator-worker-25,33.75%,37.26MiB / 512MiB,38.1MB / 62.8MB
1775422294,dds26-team9-order-web-3,32.30%,253.9MiB / 1GiB,29.7MB / 31.3MB
1775422294,dds26-team9-order-web-20,32.59%,253.9MiB / 1GiB,29.6MB / 31.2MB
1775422294,dds26-team9-order-web-2,31.79%,253.7MiB / 1GiB,29.7MB / 31.3MB
1775422294,dds26-team9-orchestrator-worker-24,35.15%,33.56MiB / 512MiB,38.1MB / 62.9MB
1775422294,dds26-team9-order-worker-4,21.95%,34.05MiB / 512MiB,27MB / 35.1MB
1775422294,dds26-team9-orchestrator-worker-1,34.42%,33.32MiB / 512MiB,37.9MB / 62.6MB
1775422294,dds26-team9-orchestrator-worker-17,33.60%,35.28MiB / 512MiB,38MB / 62.7MB
1775422294,dds26-team9-orchestrator-worker-3,34.35%,35.5MiB / 512MiB,38.1MB / 62.8MB
1775422294,dds26-team9-orchestrator-worker-14,34.20%,35.75MiB / 512MiB,38.1MB / 62.9MB
1775422294,dds26-team9-orchestrator-worker-21,33.83%,35.8MiB / 512MiB,38MB / 62.8MB
1775422294,dds26-team9-order-web-25,32.57%,254.1MiB / 1GiB,29.7MB / 31.2MB
1775422294,dds26-team9-orchestrator-worker-7,34.33%,35.32MiB / 512MiB,38MB / 62.7MB
1775422294,dds26-team9-order-web-10,30.21%,254.4MiB / 1GiB,29.6MB / 31.2MB
1775422294,dds26-team9-orchestrator-worker-16,33.91%,35.48MiB / 512MiB,38.2MB / 62.8MB
1775422294,dds26-team9-orchestrator-worker-6,34.27%,35.5MiB / 512MiB,38MB / 62.7MB
1775422294,dds26-team9-orchestrator-worker-23,33.75%,33.58MiB / 512MiB,38MB / 62.8MB
1775422294,dds26-team9-orchestrator-worker-20,32.94%,35.53MiB / 512MiB,38.1MB / 62.9MB
1775422294,dds26-team9-order-worker-8,21.53%,34.05MiB / 512MiB,27MB / 35.1MB
1775422294,dds26-team9-orchestrator-worker-15,34.70%,35.32MiB / 512MiB,37.9MB / 62.6MB
1775422294,dds26-team9-orchestrator-worker-22,33.81%,33.3MiB / 512MiB,38MB / 62.7MB
1775422294,dds26-team9-orchestrator-worker-13,34.28%,35.48MiB / 512MiB,38.1MB / 62.8MB
1775422294,dds26-team9-orchestrator-worker-8,33.73%,35.55MiB / 512MiB,38.2MB / 63MB
1775422294,dds26-team9-orchestrator-worker-19,33.59%,33.52MiB / 512MiB,38MB / 62.9MB
1775422294,dds26-team9-orchestrator-worker-10,34.32%,33.56MiB / 512MiB,38MB / 62.9MB
1775422294,dds26-team9-orchestrator-worker-18,35.64%,35.35MiB / 512MiB,38.1MB / 62.8MB
1775422294,dds26-team9-orchestrator-worker-2,33.87%,33.54MiB / 512MiB,38MB / 62.8MB
1775422294,dds26-team9-orchestrator-worker-11,33.14%,33.5MiB / 512MiB,38.1MB / 62.8MB
1775422294,dds26-team9-orchestrator-worker-12,33.39%,35.57MiB / 512MiB,37.9MB / 62.6MB
1775422294,dds26-team9-orchestrator-worker-4,34.18%,35.47MiB / 512MiB,38MB / 62.8MB
1775422294,dds26-team9-orchestrator-worker-9,33.76%,33.46MiB / 512MiB,37.9MB / 62.7MB
1775422294,dds26-team9-stock-worker-7,28.40%,33.47MiB / 512MiB,29MB / 40.6MB
1775422294,dds26-team9-stock-web-1,0.56%,217.8MiB / 512MiB,22.7kB / 5.43kB
1775422294,dds26-team9-stock-worker-1,27.52%,35.63MiB / 512MiB,29.1MB / 40.7MB
1775422294,dds26-team9-stock-worker-3,30.03%,33.83MiB / 512MiB,28.8MB / 40.3MB
1775422294,dds26-team9-orchestrator-worker-5,33.33%,35.5MiB / 512MiB,38.1MB / 62.8MB
1775422294,dds26-team9-stock-worker-6,28.39%,35.67MiB / 512MiB,29MB / 40.6MB
1775422294,dds26-team9-stock-web-3,0.54%,212.6MiB / 512MiB,22.6kB / 5.97kB
1775422294,dds26-team9-stock-web-2,0.61%,212.6MiB / 512MiB,20.9kB / 5.97kB
1775422294,dds26-team9-stock-worker-2,28.42%,33.64MiB / 512MiB,28.8MB / 40.4MB
1775422294,dds26-team9-stock-worker-5,27.54%,35.64MiB / 512MiB,29.1MB / 40.8MB
1775422294,dds26-team9-stock-web-4,0.59%,226MiB / 512MiB,23.4kB / 3.7MB
1775422294,dds26-team9-stock-worker-8,26.58%,35.62MiB / 512MiB,29.2MB / 40.9MB
1775422294,dds26-team9-stock-worker-4,28.05%,35.68MiB / 512MiB,29MB / 40.6MB
1775422294,dds26-team9-user-worker-4,38.60%,35.54MiB / 512MiB,49.5MB / 65.2MB
1775422294,dds26-team9-user-web-2,0.56%,218.1MiB / 512MiB,22.7kB / 5.5kB
1775422294,dds26-team9-user-worker-2,37.35%,33.58MiB / 512MiB,49.8MB / 65.6MB
1775422294,dds26-team9-user-worker-3,36.00%,35.76MiB / 512MiB,49.5MB / 65.2MB
1775422294,dds26-team9-user-worker-1,38.11%,35.82MiB / 512MiB,49.7MB / 65.5MB
1775422294,dds26-team9-user-web-4,0.54%,212.3MiB / 512MiB,21.9kB / 6.04kB
1775422294,dds26-team9-user-web-3,0.58%,224.5MiB / 512MiB,22.9kB / 3.1MB
1775422294,dds26-team9-user-web-1,7.76%,211.5MiB / 512MiB,19.4kB / 5.97kB
1775422294,dds26-team9-redis-stock-1,7.64%,29.04MiB / 512MiB,41.1MB / 49.9MB
1775422294,dds26-team9-redis-payment-1,7.25%,28.82MiB / 512MiB,38.4MB / 47.2MB
1775422294,dds26-team9-redis-order-1,46.68%,34.16MiB / 512MiB,554MB / 670MB
1775422294,dds26-team9-redis-orchestrator-1,31.35%,35.56MiB / 512MiB,600MB / 397MB
1775422294,dds26-team9-redis-bus-1,172.62%,38.51MiB / 2GiB,1.87GB / 1.06GB
1775422297,dds26-team9-gateway-1,23.16%,125.5MiB / 354.3GiB,319MB / 278MB
1775422297,dds26-team9-order-worker-5,23.36%,35.65MiB / 512MiB,27.5MB / 35.8MB
1775422297,dds26-team9-order-worker-3,24.43%,34.49MiB / 512MiB,27.4MB / 35.7MB
1775422297,dds26-team9-order-web-14,30.44%,258.3MiB / 1GiB,30.4MB / 32MB
1775422297,dds26-team9-order-web-7,30.84%,256.8MiB / 1GiB,30.4MB / 32MB
1775422297,dds26-team9-order-web-15,31.74%,274.1MiB / 1GiB,30.4MB / 43.4MB
1775422297,dds26-team9-order-web-24,30.38%,258.5MiB / 1GiB,30.4MB / 31.9MB
1775422297,dds26-team9-order-worker-2,21.21%,36.23MiB / 512MiB,27.6MB / 36MB
1775422297,dds26-team9-order-worker-7,21.75%,36.07MiB / 512MiB,27.6MB / 35.9MB
1775422297,dds26-team9-order-web-1,30.90%,254.2MiB / 1GiB,30.4MB / 32MB
1775422297,dds26-team9-order-web-18,30.10%,258.1MiB / 1GiB,30.4MB / 31.9MB
1775422297,dds26-team9-order-web-13,31.45%,254.1MiB / 1GiB,30.4MB / 32MB
1775422297,dds26-team9-order-web-23,31.32%,257.8MiB / 1GiB,30.4MB / 31.9MB
1775422297,dds26-team9-order-worker-6,21.34%,35.99MiB / 512MiB,27.6MB / 35.9MB
1775422297,dds26-team9-order-web-17,29.80%,254.1MiB / 1GiB,30.4MB / 31.9MB
1775422297,dds26-team9-order-web-6,29.18%,254.1MiB / 1GiB,30.4MB / 31.9MB
1775422297,dds26-team9-order-web-8,29.91%,256.8MiB / 1GiB,30.4MB / 32MB
1775422297,dds26-team9-order-web-12,40.64%,254MiB / 1GiB,30.3MB / 31.9MB
1775422297,dds26-team9-order-web-5,37.95%,253.8MiB / 1GiB,30.3MB / 31.9MB
1775422297,dds26-team9-order-web-9,36.63%,255MiB / 1GiB,30.4MB / 31.9MB
1775422297,dds26-team9-order-web-11,37.79%,265.5MiB / 1GiB,30.4MB / 32.1MB
1775422297,dds26-team9-order-worker-1,22.00%,36.03MiB / 512MiB,27.5MB / 35.9MB
1775422297,dds26-team9-order-web-19,30.78%,258.2MiB / 1GiB,30.4MB / 32MB
1775422297,dds26-team9-order-web-16,29.41%,255.1MiB / 1GiB,30.4MB / 32MB
1775422297,dds26-team9-order-web-4,30.92%,262.7MiB / 1GiB,30.4MB / 31.9MB
1775422297,dds26-team9-order-web-22,30.69%,258.7MiB / 1GiB,30.4MB / 32MB
1775422297,dds26-team9-order-web-21,29.58%,256.4MiB / 1GiB,30.3MB / 32MB
1775422297,dds26-team9-orchestrator-worker-25,32.52%,37.45MiB / 512MiB,38.9MB / 64.1MB
1775422297,dds26-team9-order-web-3,30.77%,253.9MiB / 1GiB,30.4MB / 32MB
1775422297,dds26-team9-order-web-20,30.64%,253.4MiB / 1GiB,30.4MB / 32MB
1775422297,dds26-team9-order-web-2,30.85%,254MiB / 1GiB,30.4MB / 32MB
1775422297,dds26-team9-orchestrator-worker-24,35.36%,33.32MiB / 512MiB,38.9MB / 64.3MB
1775422297,dds26-team9-order-worker-4,22.71%,34.05MiB / 512MiB,27.5MB / 35.9MB
1775422297,dds26-team9-orchestrator-worker-1,34.27%,33.41MiB / 512MiB,38.7MB / 64MB
1775422297,dds26-team9-orchestrator-worker-17,33.04%,35.52MiB / 512MiB,38.8MB / 64.1MB
1775422297,dds26-team9-orchestrator-worker-3,33.21%,35.47MiB / 512MiB,38.9MB / 64.2MB
1775422297,dds26-team9-orchestrator-worker-14,34.26%,35.47MiB / 512MiB,38.9MB / 64.2MB
1775422297,dds26-team9-orchestrator-worker-21,33.49%,35.54MiB / 512MiB,38.9MB / 64.2MB
1775422297,dds26-team9-order-web-25,30.95%,254.6MiB / 1GiB,30.4MB / 32MB
1775422297,dds26-team9-orchestrator-worker-7,34.14%,35.56MiB / 512MiB,38.8MB / 64MB
1775422297,dds26-team9-order-web-10,29.48%,254.4MiB / 1GiB,30.4MB / 32MB
1775422297,dds26-team9-orchestrator-worker-16,33.79%,35.47MiB / 512MiB,39MB / 64.2MB
1775422297,dds26-team9-orchestrator-worker-6,33.77%,35.27MiB / 512MiB,38.8MB / 64.1MB
1775422297,dds26-team9-orchestrator-worker-23,34.31%,33.51MiB / 512MiB,38.8MB / 64.1MB
1775422297,dds26-team9-orchestrator-worker-20,34.90%,35.55MiB / 512MiB,39MB / 64.3MB
1775422297,dds26-team9-order-worker-8,22.73%,34.05MiB / 512MiB,27.6MB / 35.9MB
1775422297,dds26-team9-orchestrator-worker-15,35.24%,35.54MiB / 512MiB,38.7MB / 63.9MB
1775422297,dds26-team9-orchestrator-worker-22,33.59%,33.3MiB / 512MiB,38.7MB / 64MB
1775422297,dds26-team9-orchestrator-worker-13,34.99%,35.27MiB / 512MiB,38.9MB / 64.1MB
1775422297,dds26-team9-orchestrator-worker-8,33.07%,35.79MiB / 512MiB,39MB / 64.3MB
1775422297,dds26-team9-orchestrator-worker-19,35.94%,33.59MiB / 512MiB,38.8MB / 64.2MB
1775422297,dds26-team9-orchestrator-worker-10,34.88%,33.56MiB / 512MiB,38.8MB / 64.2MB
1775422297,dds26-team9-orchestrator-worker-18,34.80%,35.34MiB / 512MiB,38.9MB / 64.2MB
1775422297,dds26-team9-orchestrator-worker-2,33.46%,33.3MiB / 512MiB,38.8MB / 64.1MB
1775422297,dds26-team9-orchestrator-worker-11,33.22%,33.52MiB / 512MiB,38.9MB / 64.2MB
1775422297,dds26-team9-orchestrator-worker-12,33.63%,35.32MiB / 512MiB,38.7MB / 64MB
1775422297,dds26-team9-orchestrator-worker-4,32.81%,35.5MiB / 512MiB,38.8MB / 64.1MB
1775422297,dds26-team9-orchestrator-worker-9,33.07%,33.31MiB / 512MiB,38.7MB / 64MB
1775422297,dds26-team9-stock-worker-7,25.14%,33.46MiB / 512MiB,29.6MB / 41.5MB
1775422297,dds26-team9-stock-web-1,0.53%,217.8MiB / 512MiB,22.7kB / 5.43kB
1775422297,dds26-team9-stock-worker-1,26.37%,35.62MiB / 512MiB,29.7MB / 41.6MB
1775422297,dds26-team9-stock-worker-3,26.86%,33.65MiB / 512MiB,29.4MB / 41.2MB
1775422297,dds26-team9-orchestrator-worker-5,33.52%,35.53MiB / 512MiB,39MB / 64.2MB
1775422297,dds26-team9-stock-worker-6,26.80%,35.45MiB / 512MiB,29.6MB / 41.5MB
1775422297,dds26-team9-stock-web-3,0.56%,212.6MiB / 512MiB,22.6kB / 5.97kB
1775422297,dds26-team9-stock-web-2,0.59%,212.6MiB / 512MiB,20.9kB / 5.97kB
1775422297,dds26-team9-stock-worker-2,26.75%,33.65MiB / 512MiB,29.4MB / 41.2MB
1775422297,dds26-team9-stock-worker-5,27.21%,35.43MiB / 512MiB,29.8MB / 41.7MB
1775422297,dds26-team9-stock-web-4,0.58%,226MiB / 512MiB,23.4kB / 3.7MB
1775422297,dds26-team9-stock-worker-8,26.60%,35.61MiB / 512MiB,29.8MB / 41.7MB
1775422297,dds26-team9-stock-worker-4,26.19%,35.71MiB / 512MiB,29.6MB / 41.5MB
1775422297,dds26-team9-user-worker-4,41.28%,35.71MiB / 512MiB,50.5MB / 66.6MB
1775422297,dds26-team9-user-web-2,0.56%,218.1MiB / 512MiB,22.7kB / 5.5kB
1775422297,dds26-team9-user-worker-2,40.48%,33.82MiB / 512MiB,50.8MB / 67MB
1775422297,dds26-team9-user-worker-3,37.16%,35.8MiB / 512MiB,50.6MB / 66.6MB
1775422297,dds26-team9-user-worker-1,39.08%,35.82MiB / 512MiB,50.8MB / 66.9MB
1775422297,dds26-team9-user-web-4,0.53%,212.3MiB / 512MiB,21.9kB / 6.04kB
1775422297,dds26-team9-user-web-3,0.56%,224.5MiB / 512MiB,22.9kB / 3.1MB
1775422297,dds26-team9-user-web-1,0.55%,211.5MiB / 512MiB,19.4kB / 5.97kB
1775422297,dds26-team9-redis-stock-1,5.30%,28.99MiB / 512MiB,41.8MB / 51MB
1775422297,dds26-team9-redis-payment-1,5.55%,28.81MiB / 512MiB,39.2MB / 48.2MB
1775422297,dds26-team9-redis-order-1,41.85%,32.82MiB / 512MiB,567MB / 687MB
1775422297,dds26-team9-redis-orchestrator-1,29.05%,35.52MiB / 512MiB,613MB / 406MB
1775422297,dds26-team9-redis-bus-1,172.02%,37.73MiB / 2GiB,1.91GB / 1.08GB
1775422300,dds26-team9-gateway-1,24.12%,124.9MiB / 354.3GiB,327MB / 285MB
1775422300,dds26-team9-order-worker-5,23.23%,35.43MiB / 512MiB,28.1MB / 36.6MB
1775422300,dds26-team9-order-worker-3,22.92%,34.04MiB / 512MiB,28.1MB / 36.6MB
1775422300,dds26-team9-order-web-14,39.32%,258.3MiB / 1GiB,31.1MB / 32.7MB
1775422300,dds26-team9-order-web-7,34.89%,257MiB / 1GiB,31.1MB / 32.7MB
1775422300,dds26-team9-order-web-15,31.38%,274.4MiB / 1GiB,31.2MB / 44.2MB
1775422300,dds26-team9-order-web-24,32.54%,258.5MiB / 1GiB,31.1MB / 32.7MB
1775422300,dds26-team9-order-worker-2,21.92%,35.99MiB / 512MiB,28.1MB / 36.7MB
1775422300,dds26-team9-order-worker-7,22.25%,35.98MiB / 512MiB,28.1MB / 36.6MB
1775422300,dds26-team9-order-web-1,30.90%,254.2MiB / 1GiB,31.1MB / 32.8MB
1775422300,dds26-team9-order-web-18,31.59%,258.1MiB / 1GiB,31.2MB / 32.6MB
1775422300,dds26-team9-order-web-13,32.81%,254.1MiB / 1GiB,30.9MB / 32.5MB
1775422300,dds26-team9-order-web-23,31.04%,257.6MiB / 1GiB,31.2MB / 32.7MB
1775422300,dds26-team9-order-worker-6,20.87%,35.99MiB / 512MiB,28.1MB / 36.6MB
1775422300,dds26-team9-order-web-17,32.42%,254.1MiB / 1GiB,31.2MB / 32.6MB
1775422300,dds26-team9-order-web-6,30.69%,254.3MiB / 1GiB,31.1MB / 32.7MB
1775422300,dds26-team9-order-web-8,30.74%,256.9MiB / 1GiB,31.2MB / 32.8MB
1775422300,dds26-team9-order-web-12,30.39%,253.8MiB / 1GiB,31.1MB / 32.6MB
1775422300,dds26-team9-order-web-5,32.00%,254.1MiB / 1GiB,31.1MB / 32.6MB
1775422300,dds26-team9-order-web-9,31.59%,255MiB / 1GiB,31.2MB / 32.7MB
1775422300,dds26-team9-order-web-11,32.12%,254.6MiB / 1GiB,31.1MB / 32.8MB
1775422300,dds26-team9-order-worker-1,22.70%,36.03MiB / 512MiB,28.1MB / 36.6MB
1775422300,dds26-team9-order-web-19,31.70%,258.5MiB / 1GiB,31.2MB / 32.8MB
1775422300,dds26-team9-order-web-16,31.25%,255.3MiB / 1GiB,31.2MB / 32.8MB
1775422300,dds26-team9-order-web-4,31.91%,262.9MiB / 1GiB,31.2MB / 32.7MB
1775422300,dds26-team9-order-web-22,33.98%,258.5MiB / 1GiB,31.1MB / 32.8MB
1775422300,dds26-team9-order-web-21,29.97%,256.4MiB / 1GiB,31.1MB / 32.8MB
1775422300,dds26-team9-orchestrator-worker-25,35.48%,37.26MiB / 512MiB,39.7MB / 65.5MB
1775422300,dds26-team9-order-web-3,31.40%,254.2MiB / 1GiB,31.2MB / 32.8MB
1775422300,dds26-team9-order-web-20,32.12%,253.7MiB / 1GiB,31.1MB / 32.7MB
1775422300,dds26-team9-order-web-2,31.13%,254MiB / 1GiB,31.2MB / 32.8MB
1775422300,dds26-team9-orchestrator-worker-24,35.34%,33.56MiB / 512MiB,39.7MB / 65.6MB
1775422300,dds26-team9-order-worker-4,22.47%,34.3MiB / 512MiB,28.1MB / 36.6MB
1775422300,dds26-team9-orchestrator-worker-1,36.60%,33.54MiB / 512MiB,39.5MB / 65.3MB
1775422300,dds26-team9-orchestrator-worker-17,34.77%,35.52MiB / 512MiB,39.6MB / 65.5MB
1775422300,dds26-team9-orchestrator-worker-3,34.84%,35.27MiB / 512MiB,39.7MB / 65.5MB
1775422300,dds26-team9-orchestrator-worker-14,33.92%,35.52MiB / 512MiB,39.8MB / 65.6MB
1775422300,dds26-team9-orchestrator-worker-21,34.85%,35.32MiB / 512MiB,39.7MB / 65.6MB
1775422300,dds26-team9-order-web-25,42.14%,254.9MiB / 1GiB,31.2MB / 32.7MB
1775422300,dds26-team9-orchestrator-worker-7,34.67%,35.79MiB / 512MiB,39.6MB / 65.3MB
1775422300,dds26-team9-order-web-10,37.71%,254.4MiB / 1GiB,31.2MB / 32.7MB
1775422300,dds26-team9-orchestrator-worker-16,35.14%,35.48MiB / 512MiB,39.8MB / 65.6MB
1775422300,dds26-team9-orchestrator-worker-6,35.03%,35.5MiB / 512MiB,39.6MB / 65.4MB
1775422300,dds26-team9-orchestrator-worker-23,33.45%,33.52MiB / 512MiB,39.7MB / 65.5MB
1775422300,dds26-team9-orchestrator-worker-20,34.81%,35.6MiB / 512MiB,39.8MB / 65.6MB
1775422300,dds26-team9-order-worker-8,22.67%,34.25MiB / 512MiB,28.1MB / 36.6MB
1775422300,dds26-team9-orchestrator-worker-15,33.83%,35.53MiB / 512MiB,39.5MB / 65.3MB
1775422300,dds26-team9-orchestrator-worker-22,34.32%,33.3MiB / 512MiB,39.5MB / 65.4MB
1775422300,dds26-team9-orchestrator-worker-13,34.63%,35.48MiB / 512MiB,39.7MB / 65.5MB
1775422300,dds26-team9-orchestrator-worker-8,32.90%,35.56MiB / 512MiB,39.8MB / 65.7MB
1775422300,dds26-team9-orchestrator-worker-19,35.12%,33.29MiB / 512MiB,39.7MB / 65.5MB
1775422300,dds26-team9-orchestrator-worker-10,34.99%,33.32MiB / 512MiB,39.6MB / 65.6MB
1775422300,dds26-team9-orchestrator-worker-18,35.58%,35.34MiB / 512MiB,39.7MB / 65.5MB
1775422300,dds26-team9-orchestrator-worker-2,34.62%,33.73MiB / 512MiB,39.7MB / 65.5MB
1775422300,dds26-team9-orchestrator-worker-11,33.71%,34.01MiB / 512MiB,39.7MB / 65.5MB
1775422300,dds26-team9-orchestrator-worker-12,35.08%,35.32MiB / 512MiB,39.5MB / 65.3MB
1775422300,dds26-team9-orchestrator-worker-4,35.34%,35.54MiB / 512MiB,39.6MB / 65.5MB
1775422300,dds26-team9-orchestrator-worker-9,34.88%,33.8MiB / 512MiB,39.5MB / 65.4MB
1775422300,dds26-team9-stock-worker-7,28.23%,33.71MiB / 512MiB,30.2MB / 42.3MB
1775422300,dds26-team9-stock-web-1,8.63%,217.8MiB / 512MiB,22.8kB / 5.58kB
1775422300,dds26-team9-stock-worker-1,27.62%,35.39MiB / 512MiB,30.3MB / 42.5MB
1775422300,dds26-team9-stock-worker-3,28.36%,33.61MiB / 512MiB,30MB / 42.1MB
1775422300,dds26-team9-orchestrator-worker-5,34.89%,35.51MiB / 512MiB,39.8MB / 65.6MB
1775422300,dds26-team9-stock-worker-6,28.76%,35.68MiB / 512MiB,30.3MB / 42.4MB
1775422300,dds26-team9-stock-web-3,0.55%,212.6MiB / 512MiB,22.6kB / 5.97kB
1775422300,dds26-team9-stock-web-2,0.60%,212.6MiB / 512MiB,20.9kB / 5.97kB
1775422300,dds26-team9-stock-worker-2,28.10%,33.62MiB / 512MiB,30MB / 42.1MB
1775422300,dds26-team9-stock-worker-5,26.56%,35.68MiB / 512MiB,30.4MB / 42.5MB
1775422300,dds26-team9-stock-web-4,0.59%,226MiB / 512MiB,23.4kB / 3.7MB
1775422300,dds26-team9-stock-worker-8,26.62%,35.62MiB / 512MiB,30.4MB / 42.6MB
1775422300,dds26-team9-stock-worker-4,28.06%,35.71MiB / 512MiB,30.2MB / 42.4MB
1775422300,dds26-team9-user-worker-4,40.55%,35.76MiB / 512MiB,51.6MB / 68MB
1775422300,dds26-team9-user-web-2,8.61%,218.3MiB / 512MiB,23.1kB / 6.25kB
1775422300,dds26-team9-user-worker-2,39.09%,33.58MiB / 512MiB,51.9MB / 68.4MB
1775422300,dds26-team9-user-worker-3,37.07%,35.82MiB / 512MiB,51.6MB / 68MB
1775422300,dds26-team9-user-worker-1,39.64%,35.79MiB / 512MiB,51.8MB / 68.3MB
1775422300,dds26-team9-user-web-4,0.54%,212.3MiB / 512MiB,21.9kB / 6.04kB
1775422300,dds26-team9-user-web-3,0.55%,224.5MiB / 512MiB,22.9kB / 3.1MB
1775422300,dds26-team9-user-web-1,0.55%,211.5MiB / 512MiB,19.4kB / 5.97kB
1775422300,dds26-team9-redis-stock-1,7.71%,32.19MiB / 512MiB,42.7MB / 52.1MB
1775422300,dds26-team9-redis-payment-1,7.63%,28.83MiB / 512MiB,39.9MB / 49.3MB
1775422300,dds26-team9-redis-order-1,46.41%,32.87MiB / 512MiB,580MB / 704MB
1775422300,dds26-team9-redis-orchestrator-1,32.31%,35.54MiB / 512MiB,626MB / 414MB
1775422300,dds26-team9-redis-bus-1,176.38%,38.41MiB / 2GiB,1.95GB / 1.1GB
1775422304,dds26-team9-gateway-1,23.32%,125.8MiB / 354.3GiB,332MB / 289MB
1775422304,dds26-team9-order-worker-5,22.49%,35.65MiB / 512MiB,28.6MB / 37.3MB
1775422304,dds26-team9-order-worker-3,22.14%,34.04MiB / 512MiB,28.7MB / 37.4MB
1775422304,dds26-team9-order-web-14,30.52%,258.4MiB / 1GiB,31.6MB / 33.2MB
1775422304,dds26-team9-order-web-7,32.33%,256.7MiB / 1GiB,31.9MB / 33.5MB
1775422304,dds26-team9-order-web-15,33.39%,274.1MiB / 1GiB,31.9MB / 44.9MB
1775422304,dds26-team9-order-web-24,36.58%,258.5MiB / 1GiB,31.9MB / 33.4MB
1775422304,dds26-team9-order-worker-2,20.48%,35.99MiB / 512MiB,28.7MB / 37.4MB
1775422304,dds26-team9-order-worker-7,20.85%,35.98MiB / 512MiB,28.7MB / 37.4MB
1775422304,dds26-team9-order-web-1,35.82%,260.3MiB / 1GiB,31.9MB / 33.5MB
1775422304,dds26-team9-order-web-18,32.65%,258.1MiB / 1GiB,31.9MB / 33.3MB
1775422304,dds26-team9-order-web-13,31.34%,253.9MiB / 1GiB,31.9MB / 33.4MB
1775422304,dds26-team9-order-web-23,31.37%,257.7MiB / 1GiB,31.9MB / 33.4MB
1775422304,dds26-team9-order-worker-6,20.71%,35.99MiB / 512MiB,28.7MB / 37.4MB
1775422304,dds26-team9-order-web-17,33.05%,253.8MiB / 1GiB,31.9MB / 33.3MB
1775422304,dds26-team9-order-web-6,33.08%,254.1MiB / 1GiB,31.9MB / 33.4MB
1775422304,dds26-team9-order-web-8,32.08%,256.6MiB / 1GiB,31.9MB / 33.5MB
1775422304,dds26-team9-order-web-12,30.35%,253.9MiB / 1GiB,31.8MB / 33.3MB
1775422304,dds26-team9-order-web-5,32.50%,253.9MiB / 1GiB,31.9MB / 33.4MB
1775422304,dds26-team9-order-web-9,32.72%,255.3MiB / 1GiB,31.9MB / 33.4MB
1775422304,dds26-team9-order-web-11,33.16%,254.5MiB / 1GiB,31.9MB / 33.5MB
1775422304,dds26-team9-order-worker-1,21.49%,36.03MiB / 512MiB,28.7MB / 37.3MB
1775422304,dds26-team9-order-web-19,32.24%,258.3MiB / 1GiB,31.9MB / 33.5MB
1775422304,dds26-team9-order-web-16,31.26%,255.1MiB / 1GiB,31.9MB / 33.5MB
1775422304,dds26-team9-order-web-4,31.58%,262.7MiB / 1GiB,31.9MB / 33.4MB
1775422304,dds26-team9-order-web-22,32.59%,258.5MiB / 1GiB,31.9MB / 33.5MB
1775422304,dds26-team9-order-web-21,32.60%,256.6MiB / 1GiB,31.9MB / 33.5MB
1775422304,dds26-team9-orchestrator-worker-25,34.45%,37.65MiB / 512MiB,40.5MB / 66.8MB
1775422304,dds26-team9-order-web-3,31.13%,254.3MiB / 1GiB,31.9MB / 33.5MB
1775422304,dds26-team9-order-web-20,32.15%,253.7MiB / 1GiB,31.9MB / 33.4MB
1775422304,dds26-team9-order-web-2,31.53%,253.8MiB / 1GiB,31.9MB / 33.5MB
1775422304,dds26-team9-orchestrator-worker-24,34.75%,33.32MiB / 512MiB,40.6MB / 67MB
1775422304,dds26-team9-order-worker-4,21.77%,34.05MiB / 512MiB,28.7MB / 37.3MB
1775422304,dds26-team9-orchestrator-worker-1,35.71%,33.35MiB / 512MiB,40.3MB / 66.7MB
1775422304,dds26-team9-orchestrator-worker-17,34.86%,35.52MiB / 512MiB,40.4MB / 66.8MB
1775422304,dds26-team9-orchestrator-worker-3,34.02%,35.46MiB / 512MiB,40.5MB / 66.8MB
1775422304,dds26-team9-orchestrator-worker-14,34.06%,35.52MiB / 512MiB,40.6MB / 66.9MB
1775422304,dds26-team9-orchestrator-worker-21,33.85%,35.52MiB / 512MiB,40.5MB / 66.9MB
1775422304,dds26-team9-order-web-25,31.58%,254.4MiB / 1GiB,31.9MB / 33.4MB
1775422304,dds26-team9-orchestrator-worker-7,35.71%,35.56MiB / 512MiB,40.4MB / 66.7MB
1775422304,dds26-team9-order-web-10,31.09%,254.3MiB / 1GiB,31.9MB / 33.4MB
1775422304,dds26-team9-orchestrator-worker-16,35.66%,35.25MiB / 512MiB,40.6MB / 66.9MB
1775422304,dds26-team9-orchestrator-worker-6,34.45%,35.27MiB / 512MiB,40.4MB / 66.7MB
1775422304,dds26-team9-orchestrator-worker-23,34.92%,33.57MiB / 512MiB,40.5MB / 66.8MB
1775422304,dds26-team9-orchestrator-worker-20,33.77%,35.36MiB / 512MiB,40.6MB / 67MB
1775422304,dds26-team9-order-worker-8,21.79%,34.27MiB / 512MiB,28.7MB / 37.3MB
1775422304,dds26-team9-orchestrator-worker-15,32.57%,35.52MiB / 512MiB,40.3MB / 66.6MB
1775422304,dds26-team9-orchestrator-worker-22,34.82%,33.77MiB / 512MiB,40.4MB / 66.7MB
1775422304,dds26-team9-orchestrator-worker-13,35.50%,35.48MiB / 512MiB,40.5MB / 66.8MB
1775422304,dds26-team9-orchestrator-worker-8,33.58%,35.32MiB / 512MiB,40.6MB / 67MB
1775422304,dds26-team9-orchestrator-worker-19,34.44%,33.52MiB / 512MiB,40.5MB / 66.9MB
1775422304,dds26-team9-orchestrator-worker-10,35.25%,33.54MiB / 512MiB,40.4MB / 66.8MB
1775422304,dds26-team9-orchestrator-worker-18,33.03%,35.59MiB / 512MiB,40.5MB / 66.9MB
1775422304,dds26-team9-orchestrator-worker-2,34.47%,33.54MiB / 512MiB,40.5MB / 66.8MB
1775422304,dds26-team9-orchestrator-worker-11,33.80%,33.33MiB / 512MiB,40.5MB / 66.8MB
1775422304,dds26-team9-orchestrator-worker-12,34.23%,35.5MiB / 512MiB,40.3MB / 66.6MB
1775422304,dds26-team9-orchestrator-worker-4,34.18%,35.54MiB / 512MiB,40.4MB / 66.8MB
1775422304,dds26-team9-orchestrator-worker-9,33.74%,33.55MiB / 512MiB,40.4MB / 66.7MB
1775422304,dds26-team9-stock-worker-7,27.58%,33.46MiB / 512MiB,30.8MB / 43.2MB
1775422304,dds26-team9-stock-web-1,0.52%,217.8MiB / 512MiB,22.8kB / 5.58kB
1775422304,dds26-team9-stock-worker-1,27.92%,35.61MiB / 512MiB,30.9MB / 43.3MB
1775422304,dds26-team9-stock-worker-3,29.75%,33.63MiB / 512MiB,30.6MB / 42.9MB
1775422304,dds26-team9-orchestrator-worker-5,33.77%,35.53MiB / 512MiB,40.6MB / 66.9MB
1775422304,dds26-team9-stock-worker-6,27.68%,35.68MiB / 512MiB,30.9MB / 43.3MB
1775422304,dds26-team9-stock-web-3,0.56%,212.6MiB / 512MiB,22.7kB / 6.12kB
1775422304,dds26-team9-stock-web-2,0.57%,212.6MiB / 512MiB,21kB / 6.12kB
1775422304,dds26-team9-stock-worker-2,27.42%,33.63MiB / 512MiB,30.6MB / 42.9MB
1775422304,dds26-team9-stock-worker-5,26.23%,35.65MiB / 512MiB,31MB / 43.4MB
1775422304,dds26-team9-stock-web-4,0.57%,226MiB / 512MiB,23.4kB / 3.7MB
1775422304,dds26-team9-stock-worker-8,28.49%,35.39MiB / 512MiB,31.1MB / 43.5MB
1775422304,dds26-team9-stock-worker-4,27.13%,35.71MiB / 512MiB,30.8MB / 43.2MB
1775422304,dds26-team9-user-worker-4,38.71%,35.77MiB / 512MiB,52.7MB / 69.4MB
1775422304,dds26-team9-user-web-2,0.55%,218.3MiB / 512MiB,23.1kB / 6.25kB
1775422304,dds26-team9-user-worker-2,37.85%,34.04MiB / 512MiB,52.9MB / 69.8MB
1775422304,dds26-team9-user-worker-3,36.33%,35.81MiB / 512MiB,52.7MB / 69.4MB
1775422304,dds26-team9-user-worker-1,37.64%,35.77MiB / 512MiB,52.9MB / 69.7MB
1775422304,dds26-team9-user-web-4,0.57%,212.3MiB / 512MiB,22kB / 6.18kB
1775422304,dds26-team9-user-web-3,0.56%,224.5MiB / 512MiB,22.9kB / 3.1MB
1775422304,dds26-team9-user-web-1,7.42%,211.5MiB / 512MiB,19.4kB / 6.12kB
1775422304,dds26-team9-redis-stock-1,7.68%,29.02MiB / 512MiB,43.5MB / 53.2MB
1775422304,dds26-team9-redis-payment-1,7.32%,28.82MiB / 512MiB,40.7MB / 50.3MB
1775422304,dds26-team9-redis-order-1,43.74%,33.17MiB / 512MiB,593MB / 721MB
1775422304,dds26-team9-redis-orchestrator-1,29.23%,35.54MiB / 512MiB,639MB / 423MB
1775422304,dds26-team9-redis-bus-1,171.83%,37.64MiB / 2GiB,1.99GB / 1.13GB
1775422307,dds26-team9-gateway-1,21.30%,124.9MiB / 354.3GiB,342MB / 298MB
1775422307,dds26-team9-order-worker-5,23.28%,35.43MiB / 512MiB,29.2MB / 38MB
1775422307,dds26-team9-order-worker-3,22.62%,34.04MiB / 512MiB,29MB / 37.8MB
1775422307,dds26-team9-order-web-14,29.27%,258.4MiB / 1GiB,32.6MB / 34.2MB
1775422307,dds26-team9-order-web-7,30.27%,256.5MiB / 1GiB,32.6MB / 34.2MB
1775422307,dds26-team9-order-web-15,29.53%,274.7MiB / 1GiB,32.6MB / 45.6MB
1775422307,dds26-team9-order-web-24,30.72%,258.6MiB / 1GiB,32.6MB / 34.1MB
1775422307,dds26-team9-order-worker-2,21.49%,35.99MiB / 512MiB,29.3MB / 38.1MB
1775422307,dds26-team9-order-worker-7,21.22%,35.98MiB / 512MiB,29.2MB / 38.1MB
1775422307,dds26-team9-order-web-1,31.33%,254.3MiB / 1GiB,32.6MB / 34.2MB
1775422307,dds26-team9-order-web-18,29.66%,258.6MiB / 1GiB,32.6MB / 34MB
1775422307,dds26-team9-order-web-13,29.02%,253.9MiB / 1GiB,32.6MB / 34.1MB
1775422307,dds26-team9-order-web-23,29.12%,257.7MiB / 1GiB,32.6MB / 34.1MB
1775422307,dds26-team9-order-worker-6,21.35%,36.17MiB / 512MiB,29.2MB / 38.1MB
1775422307,dds26-team9-order-web-17,30.50%,253.8MiB / 1GiB,32.6MB / 34MB
1775422307,dds26-team9-order-web-6,29.78%,254.1MiB / 1GiB,32.6MB / 34.1MB
1775422307,dds26-team9-order-web-8,33.84%,256.6MiB / 1GiB,32.6MB / 34.2MB
1775422307,dds26-team9-order-web-12,38.59%,254.2MiB / 1GiB,32.6MB / 34.1MB
1775422307,dds26-team9-order-web-5,37.29%,254.1MiB / 1GiB,32.6MB / 34.1MB
1775422307,dds26-team9-order-web-9,37.38%,255.3MiB / 1GiB,32.6MB / 34.1MB
1775422307,dds26-team9-order-web-11,30.00%,254.8MiB / 1GiB,32.6MB / 34.2MB
1775422307,dds26-team9-order-worker-1,21.82%,36.21MiB / 512MiB,29.2MB / 38.1MB
1775422307,dds26-team9-order-web-19,29.24%,258.3MiB / 1GiB,32.7MB / 34.2MB
1775422307,dds26-team9-order-web-16,30.30%,255.7MiB / 1GiB,32.6MB / 34.2MB
1775422307,dds26-team9-order-web-4,30.53%,262.7MiB / 1GiB,32.7MB / 34.1MB
1775422307,dds26-team9-order-web-22,30.57%,258.7MiB / 1GiB,32.6MB / 34.2MB
1775422307,dds26-team9-order-web-21,29.39%,256.9MiB / 1GiB,32.6MB / 34.2MB
1775422307,dds26-team9-orchestrator-worker-25,32.92%,37.27MiB / 512MiB,41.3MB / 68.1MB
1775422307,dds26-team9-order-web-3,28.39%,254.4MiB / 1GiB,32.6MB / 34.2MB
1775422307,dds26-team9-order-web-20,30.11%,253.5MiB / 1GiB,32.6MB / 34.1MB
1775422307,dds26-team9-order-web-2,29.88%,253.8MiB / 1GiB,32.6MB / 34.2MB
1775422307,dds26-team9-orchestrator-worker-24,33.81%,33.56MiB / 512MiB,41.3MB / 68.2MB
1775422307,dds26-team9-order-worker-4,21.71%,34.29MiB / 512MiB,29.2MB / 38.1MB
1775422307,dds26-team9-orchestrator-worker-1,34.38%,33.31MiB / 512MiB,41.1MB / 68MB
1775422307,dds26-team9-orchestrator-worker-17,32.78%,35.29MiB / 512MiB,41.2MB / 68.1MB
1775422307,dds26-team9-orchestrator-worker-3,32.14%,35.46MiB / 512MiB,41.3MB / 68.1MB
1775422307,dds26-team9-orchestrator-worker-14,33.12%,35.28MiB / 512MiB,41.3MB / 68.2MB
1775422307,dds26-team9-orchestrator-worker-21,31.65%,35.57MiB / 512MiB,41.3MB / 68.2MB
1775422307,dds26-team9-order-web-25,30.16%,254.1MiB / 1GiB,32.6MB / 34.1MB
1775422307,dds26-team9-orchestrator-worker-7,34.15%,35.32MiB / 512MiB,41.2MB / 68MB
1775422307,dds26-team9-order-web-10,29.30%,254.3MiB / 1GiB,32.6MB / 34.1MB
1775422307,dds26-team9-orchestrator-worker-16,32.07%,35.25MiB / 512MiB,41.4MB / 68.2MB
1775422307,dds26-team9-orchestrator-worker-6,33.37%,35.27MiB / 512MiB,41.2MB / 68MB
1775422307,dds26-team9-orchestrator-worker-23,33.12%,33.33MiB / 512MiB,41.2MB / 68.1MB
1775422307,dds26-team9-orchestrator-worker-20,32.68%,35.54MiB / 512MiB,41.4MB / 68.3MB
1775422307,dds26-team9-order-worker-8,22.44%,34.06MiB / 512MiB,29.2MB / 38MB
1775422307,dds26-team9-orchestrator-worker-15,33.27%,35.79MiB / 512MiB,41.1MB / 67.9MB
1775422307,dds26-team9-orchestrator-worker-22,33.55%,33.54MiB / 512MiB,41.2MB / 68MB
1775422307,dds26-team9-orchestrator-worker-13,33.51%,35.49MiB / 512MiB,41.3MB / 68.1MB
1775422307,dds26-team9-orchestrator-worker-8,31.90%,35.81MiB / 512MiB,41.4MB / 68.3MB
1775422307,dds26-team9-orchestrator-worker-19,33.31%,33.53MiB / 512MiB,41.3MB / 68.2MB
1775422307,dds26-team9-orchestrator-worker-10,33.71%,33.54MiB / 512MiB,41.2MB / 68.2MB
1775422307,dds26-team9-orchestrator-worker-18,33.67%,35.59MiB / 512MiB,41.3MB / 68.2MB
1775422307,dds26-team9-orchestrator-worker-2,32.96%,33.55MiB / 512MiB,41.3MB / 68.1MB
1775422307,dds26-team9-orchestrator-worker-11,33.73%,33.57MiB / 512MiB,41.3MB / 68.2MB
1775422307,dds26-team9-orchestrator-worker-12,32.53%,35.32MiB / 512MiB,41.1MB / 67.9MB
1775422307,dds26-team9-orchestrator-worker-4,31.72%,35.52MiB / 512MiB,41.2MB / 68.1MB
1775422307,dds26-team9-orchestrator-worker-9,32.90%,33.55MiB / 512MiB,41.1MB / 68MB
1775422307,dds26-team9-stock-worker-7,25.72%,33.71MiB / 512MiB,31.4MB / 44.1MB
1775422307,dds26-team9-stock-web-1,0.55%,217.8MiB / 512MiB,22.8kB / 5.58kB
1775422307,dds26-team9-stock-worker-1,25.89%,35.39MiB / 512MiB,31.5MB / 44.2MB
1775422307,dds26-team9-stock-worker-3,27.18%,33.65MiB / 512MiB,31.2MB / 43.8MB
1775422307,dds26-team9-orchestrator-worker-5,31.67%,35.53MiB / 512MiB,41.4MB / 68.2MB
1775422307,dds26-team9-stock-worker-6,25.04%,35.45MiB / 512MiB,31.5MB / 44.1MB
1775422307,dds26-team9-stock-web-3,0.58%,212.6MiB / 512MiB,22.7kB / 6.12kB
1775422307,dds26-team9-stock-web-2,0.62%,212.6MiB / 512MiB,21kB / 6.12kB
1775422307,dds26-team9-stock-worker-2,26.94%,33.44MiB / 512MiB,31.2MB / 43.8MB
1775422307,dds26-team9-stock-worker-5,25.04%,35.64MiB / 512MiB,31.6MB / 44.2MB
1775422307,dds26-team9-stock-web-4,0.56%,226MiB / 512MiB,23.4kB / 3.7MB
1775422307,dds26-team9-stock-worker-8,25.46%,35.63MiB / 512MiB,31.6MB / 44.3MB
1775422307,dds26-team9-stock-worker-4,27.06%,35.46MiB / 512MiB,31.4MB / 44.1MB
1775422307,dds26-team9-user-worker-4,39.43%,35.54MiB / 512MiB,53.7MB / 70.7MB
1775422307,dds26-team9-user-web-2,0.53%,218.3MiB / 512MiB,23.1kB / 6.25kB
1775422307,dds26-team9-user-worker-2,39.09%,33.81MiB / 512MiB,54MB / 71.1MB
1775422307,dds26-team9-user-worker-3,36.06%,35.79MiB / 512MiB,53.7MB / 70.7MB
1775422307,dds26-team9-user-worker-1,37.88%,35.57MiB / 512MiB,54MB / 71.1MB
1775422307,dds26-team9-user-web-4,0.56%,212.3MiB / 512MiB,22kB / 6.18kB
1775422307,dds26-team9-user-web-3,0.58%,224.5MiB / 512MiB,22.9kB / 3.1MB
1775422307,dds26-team9-user-web-1,0.56%,211.5MiB / 512MiB,19.4kB / 6.12kB
1775422307,dds26-team9-redis-stock-1,4.96%,28.99MiB / 512MiB,44.2MB / 54.2MB
1775422307,dds26-team9-redis-payment-1,5.14%,28.82MiB / 512MiB,41.4MB / 51.3MB
1775422307,dds26-team9-redis-order-1,42.88%,32.86MiB / 512MiB,606MB / 738MB
1775422307,dds26-team9-redis-orchestrator-1,28.22%,35.46MiB / 512MiB,651MB / 431MB
1775422307,dds26-team9-redis-bus-1,170.18%,39.05MiB / 2GiB,2.03GB / 1.15GB
1775422310,dds26-team9-gateway-1,21.98%,124.2MiB / 354.3GiB,350MB / 305MB
1775422310,dds26-team9-order-worker-5,21.58%,35.43MiB / 512MiB,29.7MB / 38.7MB
1775422310,dds26-team9-order-worker-3,22.30%,34.28MiB / 512MiB,29.8MB / 38.8MB
1775422310,dds26-team9-order-web-14,38.19%,258.4MiB / 1GiB,33.3MB / 34.9MB
1775422310,dds26-team9-order-web-7,29.65%,256.5MiB / 1GiB,33.3MB / 34.9MB
1775422310,dds26-team9-order-web-15,32.25%,274.4MiB / 1GiB,33.4MB / 46.3MB
1775422310,dds26-team9-order-web-24,30.71%,258.6MiB / 1GiB,33.4MB / 34.8MB
1775422310,dds26-team9-order-worker-2,20.83%,36.12MiB / 512MiB,29.8MB / 38.8MB
1775422310,dds26-team9-order-worker-7,21.11%,36.14MiB / 512MiB,29.8MB / 38.8MB
1775422310,dds26-team9-order-web-1,30.64%,254.3MiB / 1GiB,33.3MB / 34.9MB
1775422310,dds26-team9-order-web-18,31.80%,258.1MiB / 1GiB,33.4MB / 34.8MB
1775422310,dds26-team9-order-web-13,31.53%,254.2MiB / 1GiB,33.1MB / 34.6MB
1775422310,dds26-team9-order-web-23,32.00%,257.8MiB / 1GiB,33.4MB / 34.8MB
1775422310,dds26-team9-order-worker-6,21.22%,36.23MiB / 512MiB,29.8MB / 38.8MB
1775422310,dds26-team9-order-web-17,29.80%,253.8MiB / 1GiB,33.4MB / 34.8MB
1775422310,dds26-team9-order-web-6,30.46%,254.1MiB / 1GiB,33.3MB / 34.8MB
1775422310,dds26-team9-order-web-8,32.26%,256.7MiB / 1GiB,33.4MB / 34.9MB
1775422310,dds26-team9-order-web-12,29.73%,254MiB / 1GiB,33.3MB / 34.8MB
1775422310,dds26-team9-order-web-5,31.96%,254.2MiB / 1GiB,33.3MB / 34.8MB
1775422310,dds26-team9-order-web-9,33.52%,255MiB / 1GiB,33.4MB / 34.8MB
1775422310,dds26-team9-order-web-11,30.70%,254.6MiB / 1GiB,33.4MB / 35MB
1775422310,dds26-team9-order-worker-1,22.43%,36.03MiB / 512MiB,29.8MB / 38.8MB
1775422310,dds26-team9-order-web-19,30.95%,258.3MiB / 1GiB,33.4MB / 35MB
1775422310,dds26-team9-order-web-16,31.10%,255.2MiB / 1GiB,33.4MB / 34.9MB
1775422310,dds26-team9-order-web-4,29.72%,262.7MiB / 1GiB,33.4MB / 34.9MB
1775422310,dds26-team9-order-web-22,30.49%,258.7MiB / 1GiB,33.3MB / 34.9MB
1775422310,dds26-team9-order-web-21,29.20%,256.4MiB / 1GiB,33.3MB / 34.9MB
1775422310,dds26-team9-orchestrator-worker-25,34.22%,37.27MiB / 512MiB,42.1MB / 69.5MB
1775422310,dds26-team9-order-web-3,29.98%,254.4MiB / 1GiB,33.4MB / 34.9MB
1775422310,dds26-team9-order-web-20,31.09%,253.5MiB / 1GiB,33.4MB / 34.9MB
1775422310,dds26-team9-order-web-2,39.43%,254.1MiB / 1GiB,33.4MB / 34.9MB
1775422310,dds26-team9-orchestrator-worker-24,35.63%,33.5MiB / 512MiB,42.1MB / 69.6MB
1775422310,dds26-team9-order-worker-4,22.27%,34.05MiB / 512MiB,29.8MB / 38.8MB
1775422310,dds26-team9-orchestrator-worker-1,34.60%,33.54MiB / 512MiB,41.9MB / 69.3MB
1775422310,dds26-team9-orchestrator-worker-17,32.83%,35.29MiB / 512MiB,42MB / 69.4MB
1775422310,dds26-team9-orchestrator-worker-3,34.50%,35.5MiB / 512MiB,42.1MB / 69.5MB
1775422310,dds26-team9-orchestrator-worker-14,33.89%,35.28MiB / 512MiB,42.1MB / 69.5MB
1775422310,dds26-team9-orchestrator-worker-21,34.26%,35.54MiB / 512MiB,42.1MB / 69.5MB
1775422310,dds26-team9-order-web-25,40.48%,254.2MiB / 1GiB,33.4MB / 34.8MB
1775422310,dds26-team9-orchestrator-worker-7,34.07%,35.55MiB / 512MiB,42MB / 69.3MB
1775422310,dds26-team9-order-web-10,36.04%,254.5MiB / 1GiB,33.4MB / 34.9MB
1775422310,dds26-team9-orchestrator-worker-16,33.84%,35.48MiB / 512MiB,42.2MB / 69.6MB
1775422310,dds26-team9-orchestrator-worker-6,32.97%,35.27MiB / 512MiB,42MB / 69.4MB
1775422310,dds26-team9-orchestrator-worker-23,33.62%,33.33MiB / 512MiB,42MB / 69.4MB
1775422310,dds26-team9-orchestrator-worker-20,31.88%,35.83MiB / 512MiB,42.2MB / 69.6MB
1775422310,dds26-team9-order-worker-8,21.77%,34.05MiB / 512MiB,29.8MB / 38.8MB
1775422310,dds26-team9-orchestrator-worker-15,34.00%,35.55MiB / 512MiB,41.9MB / 69.3MB
1775422310,dds26-team9-orchestrator-worker-22,34.11%,33.77MiB / 512MiB,42MB / 69.4MB
1775422310,dds26-team9-orchestrator-worker-13,33.70%,35.62MiB / 512MiB,42.1MB / 69.4MB
1775422310,dds26-team9-orchestrator-worker-8,32.98%,35.57MiB / 512MiB,42.2MB / 69.7MB
1775422310,dds26-team9-orchestrator-worker-19,32.96%,33.5MiB / 512MiB,42.1MB / 69.5MB
1775422310,dds26-team9-orchestrator-worker-10,34.90%,33.32MiB / 512MiB,42MB / 69.5MB
1775422310,dds26-team9-orchestrator-worker-18,32.35%,35.44MiB / 512MiB,42.1MB / 69.5MB
1775422310,dds26-team9-orchestrator-worker-2,35.15%,33.55MiB / 512MiB,42.1MB / 69.4MB
1775422310,dds26-team9-orchestrator-worker-11,33.35%,33.55MiB / 512MiB,42.1MB / 69.5MB
1775422310,dds26-team9-orchestrator-worker-12,33.85%,35.54MiB / 512MiB,41.9MB / 69.3MB
1775422310,dds26-team9-orchestrator-worker-4,34.43%,35.54MiB / 512MiB,42MB / 69.5MB
1775422310,dds26-team9-orchestrator-worker-9,33.50%,33.31MiB / 512MiB,41.9MB / 69.3MB
1775422310,dds26-team9-stock-worker-7,28.17%,33.68MiB / 512MiB,32MB / 44.9MB
1775422310,dds26-team9-stock-web-1,7.93%,217.8MiB / 512MiB,22.9kB / 5.72kB
1775422310,dds26-team9-stock-worker-1,26.52%,35.39MiB / 512MiB,32.1MB / 45MB
1775422310,dds26-team9-stock-worker-3,26.87%,33.67MiB / 512MiB,31.8MB / 44.6MB
1775422310,dds26-team9-orchestrator-worker-5,33.08%,35.52MiB / 512MiB,42.2MB / 69.5MB
1775422310,dds26-team9-stock-worker-6,26.54%,35.67MiB / 512MiB,32.1MB / 45MB
1775422310,dds26-team9-stock-web-3,0.58%,212.6MiB / 512MiB,22.7kB / 6.12kB
1775422310,dds26-team9-stock-web-2,0.60%,212.6MiB / 512MiB,21kB / 6.12kB
1775422310,dds26-team9-stock-worker-2,27.57%,33.69MiB / 512MiB,31.8MB / 44.7MB
1775422310,dds26-team9-stock-worker-5,26.52%,35.43MiB / 512MiB,32.2MB / 45.1MB
1775422310,dds26-team9-stock-web-4,0.61%,226MiB / 512MiB,23.4kB / 3.7MB
1775422310,dds26-team9-stock-worker-8,26.89%,35.61MiB / 512MiB,32.2MB / 45.2MB
1775422310,dds26-team9-stock-worker-4,27.71%,35.46MiB / 512MiB,32.1MB / 44.9MB
1775422310,dds26-team9-user-worker-4,38.63%,35.78MiB / 512MiB,54.8MB / 72.1MB
1775422310,dds26-team9-user-web-2,9.03%,218.3MiB / 512MiB,23.2kB / 6.39kB
1775422310,dds26-team9-user-worker-2,37.57%,33.59MiB / 512MiB,55MB / 72.5MB
1775422310,dds26-team9-user-worker-3,36.16%,35.82MiB / 512MiB,54.8MB / 72.1MB
1775422310,dds26-team9-user-worker-1,37.04%,35.8MiB / 512MiB,55MB / 72.4MB
1775422310,dds26-team9-user-web-4,0.59%,212.3MiB / 512MiB,22kB / 6.18kB
1775422310,dds26-team9-user-web-3,0.58%,224.5MiB / 512MiB,22.9kB / 3.1MB
1775422310,dds26-team9-user-web-1,0.58%,211.5MiB / 512MiB,19.4kB / 6.12kB
1775422310,dds26-team9-redis-stock-1,7.82%,29.02MiB / 512MiB,45MB / 55.3MB
1775422310,dds26-team9-redis-payment-1,7.31%,28.82MiB / 512MiB,42.2MB / 52.3MB
1775422310,dds26-team9-redis-order-1,44.28%,32.66MiB / 512MiB,619MB / 755MB
1775422310,dds26-team9-redis-orchestrator-1,32.10%,35.54MiB / 512MiB,664MB / 439MB
1775422310,dds26-team9-redis-bus-1,174.53%,38.1MiB / 2GiB,2.07GB / 1.17GB
1775422314,dds26-team9-gateway-1,24.44%,125MiB / 354.3GiB,358MB / 311MB
1775422314,dds26-team9-order-worker-5,22.54%,35.43MiB / 512MiB,30.3MB / 39.4MB
1775422314,dds26-team9-order-worker-3,22.01%,34.04MiB / 512MiB,30.1MB / 39.2MB
1775422314,dds26-team9-order-web-14,32.37%,258.5MiB / 1GiB,34.1MB / 35.6MB
1775422314,dds26-team9-order-web-7,33.80%,256.8MiB / 1GiB,34.1MB / 35.6MB
1775422314,dds26-team9-order-web-15,32.83%,274.4MiB / 1GiB,34.1MB / 47MB
1775422314,dds26-team9-order-web-24,34.97%,258.6MiB / 1GiB,34.1MB / 35.5MB
1775422314,dds26-team9-order-worker-2,22.62%,36.23MiB / 512MiB,30.3MB / 39.5MB
1775422314,dds26-team9-order-worker-7,21.56%,36.22MiB / 512MiB,30.3MB / 39.5MB
1775422314,dds26-team9-order-web-1,30.84%,254.6MiB / 1GiB,34.1MB / 35.6MB
1775422314,dds26-team9-order-web-18,32.34%,258.1MiB / 1GiB,34.1MB / 35.5MB
1775422314,dds26-team9-order-web-13,31.79%,254MiB / 1GiB,34.1MB / 35.6MB
1775422314,dds26-team9-order-web-23,31.78%,257.9MiB / 1GiB,34.1MB / 35.5MB
1775422314,dds26-team9-order-worker-6,22.08%,35.99MiB / 512MiB,30.3MB / 39.5MB
1775422314,dds26-team9-order-web-17,31.64%,253.9MiB / 1GiB,34.1MB / 35.5MB
1775422314,dds26-team9-order-web-6,31.33%,254.1MiB / 1GiB,34.1MB / 35.6MB
1775422314,dds26-team9-order-web-8,32.41%,257.2MiB / 1GiB,34.1MB / 35.6MB
1775422314,dds26-team9-order-web-12,30.59%,254MiB / 1GiB,34.1MB / 35.5MB
1775422314,dds26-team9-order-web-5,30.52%,254MiB / 1GiB,34MB / 35.5MB
1775422314,dds26-team9-order-web-9,32.00%,255MiB / 1GiB,34.1MB / 35.6MB
1775422314,dds26-team9-order-web-11,31.43%,254.6MiB / 1GiB,34.1MB / 35.7MB
1775422314,dds26-team9-order-worker-1,22.38%,36.03MiB / 512MiB,30.3MB / 39.5MB
1775422314,dds26-team9-order-web-19,30.60%,258.3MiB / 1GiB,34.1MB / 35.7MB
1775422314,dds26-team9-order-web-16,31.49%,255.3MiB / 1GiB,34.1MB / 35.6MB
1775422314,dds26-team9-order-web-4,30.71%,263.2MiB / 1GiB,34.2MB / 35.6MB
1775422314,dds26-team9-order-web-22,31.82%,258.7MiB / 1GiB,34.1MB / 35.6MB
1775422314,dds26-team9-order-web-21,32.51%,256.4MiB / 1GiB,34.1MB / 35.7MB
1775422314,dds26-team9-orchestrator-worker-25,34.06%,37.46MiB / 512MiB,42.9MB / 70.7MB
1775422314,dds26-team9-order-web-3,30.72%,254.4MiB / 1GiB,34.1MB / 35.6MB
1775422314,dds26-team9-order-web-20,32.27%,253.5MiB / 1GiB,34.1MB / 35.6MB
1775422314,dds26-team9-order-web-2,30.56%,253.8MiB / 1GiB,34.1MB / 35.7MB
1775422314,dds26-team9-orchestrator-worker-24,35.24%,33.57MiB / 512MiB,42.9MB / 70.9MB
1775422314,dds26-team9-order-worker-4,22.34%,34.05MiB / 512MiB,30.3MB / 39.5MB
1775422314,dds26-team9-orchestrator-worker-1,33.72%,33.31MiB / 512MiB,42.7MB / 70.5MB
1775422314,dds26-team9-orchestrator-worker-17,33.03%,35.75MiB / 512MiB,42.8MB / 70.7MB
1775422314,dds26-team9-orchestrator-worker-3,35.35%,35.49MiB / 512MiB,42.9MB / 70.8MB
1775422314,dds26-team9-orchestrator-worker-14,33.76%,35.47MiB / 512MiB,42.9MB / 70.8MB
1775422314,dds26-team9-orchestrator-worker-21,33.84%,35.57MiB / 512MiB,42.9MB / 70.8MB
1775422314,dds26-team9-order-web-25,31.04%,254.2MiB / 1GiB,34.1MB / 35.5MB
1775422314,dds26-team9-orchestrator-worker-7,36.24%,35.43MiB / 512MiB,42.8MB / 70.6MB
1775422314,dds26-team9-order-web-10,31.22%,254.3MiB / 1GiB,34.1MB / 35.6MB
1775422314,dds26-team9-orchestrator-worker-16,34.65%,35.25MiB / 512MiB,43MB / 70.9MB
1775422314,dds26-team9-orchestrator-worker-6,35.60%,35.27MiB / 512MiB,42.8MB / 70.6MB
1775422314,dds26-team9-orchestrator-worker-23,33.67%,33.33MiB / 512MiB,42.8MB / 70.7MB
1775422314,dds26-team9-orchestrator-worker-20,34.64%,35.36MiB / 512MiB,43MB / 70.9MB
1775422314,dds26-team9-order-worker-8,22.61%,34.05MiB / 512MiB,30.3MB / 39.5MB
1775422314,dds26-team9-orchestrator-worker-15,34.25%,35.32MiB / 512MiB,42.7MB / 70.5MB
1775422314,dds26-team9-orchestrator-worker-22,35.85%,33.8MiB / 512MiB,42.8MB / 70.7MB
1775422314,dds26-team9-orchestrator-worker-13,34.22%,35.49MiB / 512MiB,42.9MB / 70.7MB
1775422314,dds26-team9-orchestrator-worker-8,32.83%,35.33MiB / 512MiB,43MB / 70.9MB
1775422314,dds26-team9-orchestrator-worker-19,33.89%,33.43MiB / 512MiB,42.8MB / 70.8MB
1775422314,dds26-team9-orchestrator-worker-10,34.82%,33.55MiB / 512MiB,42.8MB / 70.8MB
1775422314,dds26-team9-orchestrator-worker-18,34.47%,35.34MiB / 512MiB,42.9MB / 70.8MB
1775422314,dds26-team9-orchestrator-worker-2,34.46%,33.31MiB / 512MiB,42.8MB / 70.7MB
1775422314,dds26-team9-orchestrator-worker-11,32.68%,33.54MiB / 512MiB,42.9MB / 70.8MB
1775422314,dds26-team9-orchestrator-worker-12,35.05%,35.54MiB / 512MiB,42.7MB / 70.6MB
1775422314,dds26-team9-orchestrator-worker-4,34.12%,35.5MiB / 512MiB,42.8MB / 70.8MB
1775422314,dds26-team9-orchestrator-worker-9,35.14%,33.31MiB / 512MiB,42.7MB / 70.6MB
1775422314,dds26-team9-stock-worker-7,27.17%,33.46MiB / 512MiB,32.6MB / 45.8MB
1775422314,dds26-team9-stock-web-1,0.53%,217.8MiB / 512MiB,22.9kB / 5.72kB
1775422314,dds26-team9-stock-worker-1,27.23%,35.39MiB / 512MiB,32.7MB / 45.9MB
1775422314,dds26-team9-stock-worker-3,28.92%,33.43MiB / 512MiB,32.4MB / 45.5MB
1775422314,dds26-team9-orchestrator-worker-5,34.81%,35.29MiB / 512MiB,42.9MB / 70.8MB
1775422314,dds26-team9-stock-worker-6,27.97%,35.65MiB / 512MiB,32.7MB / 45.8MB
1775422314,dds26-team9-stock-web-3,0.52%,212.6MiB / 512MiB,22.7kB / 6.26kB
1775422314,dds26-team9-stock-web-2,0.59%,212.6MiB / 512MiB,21.1kB / 6.26kB
1775422314,dds26-team9-stock-worker-2,28.53%,33.63MiB / 512MiB,32.4MB / 45.5MB
1775422314,dds26-team9-stock-worker-5,27.61%,35.44MiB / 512MiB,32.8MB / 45.9MB
1775422314,dds26-team9-stock-web-4,2.29%,226.1MiB / 512MiB,23.5kB / 3.7MB
1775422314,dds26-team9-stock-worker-8,26.70%,35.61MiB / 512MiB,32.8MB / 46MB
1775422314,dds26-team9-stock-worker-4,26.20%,35.66MiB / 512MiB,32.6MB / 45.8MB
1775422314,dds26-team9-user-worker-4,39.62%,35.8MiB / 512MiB,55.8MB / 73.5MB
1775422314,dds26-team9-user-web-2,0.54%,218.3MiB / 512MiB,23.2kB / 6.39kB
1775422314,dds26-team9-user-worker-2,38.38%,33.79MiB / 512MiB,56.1MB / 73.8MB
1775422314,dds26-team9-user-worker-3,37.25%,35.58MiB / 512MiB,55.8MB / 73.4MB
1775422314,dds26-team9-user-worker-1,38.02%,35.8MiB / 512MiB,56MB / 73.8MB
1775422314,dds26-team9-user-web-4,0.52%,212.3MiB / 512MiB,22kB / 6.33kB
1775422314,dds26-team9-user-web-3,0.55%,224.5MiB / 512MiB,23kB / 3.1MB
1775422314,dds26-team9-user-web-1,7.77%,211.5MiB / 512MiB,19.5kB / 6.26kB
1775422314,dds26-team9-redis-stock-1,5.38%,29.03MiB / 512MiB,45.8MB / 56.3MB
1775422314,dds26-team9-redis-payment-1,5.36%,28.82MiB / 512MiB,42.9MB / 53.3MB
1775422314,dds26-team9-redis-order-1,45.00%,33.38MiB / 512MiB,632MB / 772MB
1775422314,dds26-team9-redis-orchestrator-1,29.59%,35.57MiB / 512MiB,677MB / 448MB
1775422314,dds26-team9-redis-bus-1,169.67%,37.66MiB / 2GiB,2.1GB / 1.19GB
1775422317,dds26-team9-gateway-1,25.04%,124.7MiB / 354.3GiB,365MB / 317MB
1775422317,dds26-team9-order-worker-5,22.15%,35.55MiB / 512MiB,30.8MB / 40.1MB
1775422317,dds26-team9-order-worker-3,22.47%,34.04MiB / 512MiB,30.9MB / 40.2MB
1775422317,dds26-team9-order-web-14,29.59%,258.5MiB / 1GiB,34.8MB / 36.3MB
1775422317,dds26-team9-order-web-7,29.32%,256.5MiB / 1GiB,34.8MB / 36.3MB
1775422317,dds26-team9-order-web-15,30.18%,274.2MiB / 1GiB,34.8MB / 47.7MB
1775422317,dds26-team9-order-web-24,29.82%,258.6MiB / 1GiB,34.8MB / 36.2MB
1775422317,dds26-team9-order-worker-2,21.32%,36MiB / 512MiB,30.9MB / 40.2MB
1775422317,dds26-team9-order-worker-7,21.15%,36.21MiB / 512MiB,30.9MB / 40.2MB
1775422317,dds26-team9-order-web-1,29.24%,254.6MiB / 1GiB,34.8MB / 36.3MB
1775422317,dds26-team9-order-web-18,29.13%,258.1MiB / 1GiB,34.8MB / 36.2MB
1775422317,dds26-team9-order-web-13,29.88%,254.2MiB / 1GiB,34.8MB / 36.3MB
1775422317,dds26-team9-order-web-23,33.14%,258.4MiB / 1GiB,34.8MB / 36.3MB
1775422317,dds26-team9-order-worker-6,21.83%,35.99MiB / 512MiB,30.9MB / 40.2MB
1775422317,dds26-team9-order-web-17,30.83%,253.9MiB / 1GiB,34.8MB / 36.2MB
1775422317,dds26-team9-order-web-6,29.91%,254.1MiB / 1GiB,34.8MB / 36.2MB
1775422317,dds26-team9-order-web-8,38.47%,256.8MiB / 1GiB,34.9MB / 36.4MB
1775422317,dds26-team9-order-web-12,37.33%,254MiB / 1GiB,34.8MB / 36.2MB
1775422317,dds26-team9-order-web-5,38.98%,254MiB / 1GiB,34.8MB / 36.2MB
1775422317,dds26-team9-order-web-9,30.14%,255MiB / 1GiB,34.6MB / 36MB
1775422317,dds26-team9-order-web-11,31.30%,254.9MiB / 1GiB,34.8MB / 36.4MB
1775422317,dds26-team9-order-worker-1,22.15%,36.24MiB / 512MiB,30.9MB / 40.2MB
1775422317,dds26-team9-order-web-19,31.03%,258.5MiB / 1GiB,34.9MB / 36.4MB
1775422317,dds26-team9-order-web-16,31.12%,255.3MiB / 1GiB,34.8MB / 36.3MB
1775422317,dds26-team9-order-web-4,30.29%,263MiB / 1GiB,34.9MB / 36.3MB
1775422317,dds26-team9-order-web-22,30.09%,258.8MiB / 1GiB,34.8MB / 36.4MB
1775422317,dds26-team9-order-web-21,29.58%,256.4MiB / 1GiB,34.8MB / 36.3MB
1775422317,dds26-team9-orchestrator-worker-25,33.08%,37.51MiB / 512MiB,43.7MB / 72.1MB
1775422317,dds26-team9-order-web-3,30.48%,254.2MiB / 1GiB,34.8MB / 36.3MB
1775422317,dds26-team9-order-web-20,30.00%,253.6MiB / 1GiB,34.8MB / 36.3MB
1775422317,dds26-team9-order-web-2,29.67%,253.8MiB / 1GiB,34.8MB / 36.4MB
1775422317,dds26-team9-orchestrator-worker-24,34.67%,33.32MiB / 512MiB,43.7MB / 72.2MB
1775422317,dds26-team9-order-worker-4,23.09%,34.29MiB / 512MiB,30.8MB / 40.2MB
1775422317,dds26-team9-orchestrator-worker-1,34.09%,33.5MiB / 512MiB,43.5MB / 71.9MB
1775422317,dds26-team9-orchestrator-worker-17,32.96%,35.5MiB / 512MiB,43.6MB / 72MB
1775422317,dds26-team9-orchestrator-worker-3,33.55%,35.27MiB / 512MiB,43.7MB / 72.1MB
1775422317,dds26-team9-orchestrator-worker-14,33.69%,35.49MiB / 512MiB,43.7MB / 72.1MB
1775422317,dds26-team9-orchestrator-worker-21,34.16%,35.33MiB / 512MiB,43.7MB / 72.1MB
1775422317,dds26-team9-order-web-25,31.13%,254.2MiB / 1GiB,34.8MB / 36.3MB
1775422317,dds26-team9-orchestrator-worker-7,34.65%,35.75MiB / 512MiB,43.6MB / 71.9MB
1775422317,dds26-team9-order-web-10,30.69%,254.3MiB / 1GiB,34.8MB / 36.3MB
1775422317,dds26-team9-orchestrator-worker-16,33.99%,35.47MiB / 512MiB,43.8MB / 72.2MB
1775422317,dds26-team9-orchestrator-worker-6,34.85%,35.47MiB / 512MiB,43.6MB / 71.9MB
1775422317,dds26-team9-orchestrator-worker-23,34.25%,33.47MiB / 512MiB,43.6MB / 72MB
1775422317,dds26-team9-orchestrator-worker-20,34.10%,35.79MiB / 512MiB,43.7MB / 72.2MB
1775422317,dds26-team9-order-worker-8,22.22%,34.05MiB / 512MiB,30.8MB / 40.2MB
1775422317,dds26-team9-orchestrator-worker-15,34.86%,35.32MiB / 512MiB,43.5MB / 71.8MB
1775422317,dds26-team9-orchestrator-worker-22,34.35%,33.3MiB / 512MiB,43.5MB / 72MB
1775422317,dds26-team9-orchestrator-worker-13,34.36%,35.49MiB / 512MiB,43.7MB / 72MB
1775422317,dds26-team9-orchestrator-worker-8,33.78%,35.32MiB / 512MiB,43.8MB / 72.3MB
1775422317,dds26-team9-orchestrator-worker-19,35.02%,33.29MiB / 512MiB,43.7MB / 72.1MB
1775422317,dds26-team9-orchestrator-worker-10,33.91%,33.32MiB / 512MiB,43.6MB / 72.1MB
1775422317,dds26-team9-orchestrator-worker-18,33.98%,35.34MiB / 512MiB,43.7MB / 72.1MB
1775422317,dds26-team9-orchestrator-worker-2,34.57%,33.52MiB / 512MiB,43.6MB / 72MB
1775422317,dds26-team9-orchestrator-worker-11,34.47%,33.41MiB / 512MiB,43.7MB / 72.1MB
1775422317,dds26-team9-orchestrator-worker-12,33.84%,35.51MiB / 512MiB,43.4MB / 71.8MB
1775422317,dds26-team9-orchestrator-worker-4,34.20%,35.55MiB / 512MiB,43.6MB / 72MB
1775422317,dds26-team9-orchestrator-worker-9,33.32%,33.46MiB / 512MiB,43.5MB / 71.9MB
1775422317,dds26-team9-stock-worker-7,27.88%,33.66MiB / 512MiB,33.2MB / 46.6MB
1775422317,dds26-team9-stock-web-1,0.60%,217.8MiB / 512MiB,22.9kB / 5.72kB
1775422317,dds26-team9-stock-worker-1,26.66%,35.62MiB / 512MiB,33.3MB / 46.7MB
1775422317,dds26-team9-stock-worker-3,28.77%,33.43MiB / 512MiB,33MB / 46.3MB
1775422317,dds26-team9-orchestrator-worker-5,33.72%,35.52MiB / 512MiB,43.7MB / 72.1MB
1775422317,dds26-team9-stock-worker-6,26.20%,35.68MiB / 512MiB,33.3MB / 46.7MB
1775422317,dds26-team9-stock-web-3,0.54%,212.6MiB / 512MiB,22.7kB / 6.26kB
1775422317,dds26-team9-stock-web-2,0.60%,212.6MiB / 512MiB,21.1kB / 6.26kB
1775422317,dds26-team9-stock-worker-2,28.42%,33.44MiB / 512MiB,33MB / 46.3MB
1775422317,dds26-team9-stock-worker-5,27.42%,35.43MiB / 512MiB,33.4MB / 46.8MB
1775422317,dds26-team9-stock-web-4,0.58%,226.1MiB / 512MiB,23.5kB / 3.7MB
1775422317,dds26-team9-stock-worker-8,26.80%,35.62MiB / 512MiB,33.4MB / 46.9MB
1775422317,dds26-team9-stock-worker-4,26.24%,35.68MiB / 512MiB,33.2MB / 46.6MB
1775422317,dds26-team9-user-worker-4,39.19%,35.79MiB / 512MiB,56.8MB / 74.8MB
1775422317,dds26-team9-user-web-2,0.58%,218.3MiB / 512MiB,23.2kB / 6.39kB
1775422317,dds26-team9-user-worker-2,39.06%,33.81MiB / 512MiB,57.1MB / 75.2MB
1775422317,dds26-team9-user-worker-3,36.50%,35.58MiB / 512MiB,56.8MB / 74.8MB
1775422317,dds26-team9-user-worker-1,38.43%,35.81MiB / 512MiB,57MB / 75.1MB
1775422317,dds26-team9-user-web-4,0.57%,212.3MiB / 512MiB,22kB / 6.33kB
1775422317,dds26-team9-user-web-3,0.60%,224.5MiB / 512MiB,23kB / 3.1MB
1775422317,dds26-team9-user-web-1,0.58%,211.5MiB / 512MiB,19.5kB / 6.26kB
1775422317,dds26-team9-redis-stock-1,8.77%,29.03MiB / 512MiB,46.5MB / 57.3MB
1775422317,dds26-team9-redis-payment-1,7.65%,28.82MiB / 512MiB,43.6MB / 54.3MB
1775422317,dds26-team9-redis-order-1,45.70%,32.81MiB / 512MiB,645MB / 789MB
1775422317,dds26-team9-redis-orchestrator-1,32.72%,35.54MiB / 512MiB,689MB / 456MB
1775422317,dds26-team9-redis-bus-1,174.44%,37.98MiB / 2GiB,2.14GB / 1.21GB
1775422321,dds26-team9-gateway-1,22.21%,124.6MiB / 354.3GiB,373MB / 324MB
1775422321,dds26-team9-order-worker-5,22.45%,35.55MiB / 512MiB,31.3MB / 40.8MB
1775422321,dds26-team9-order-worker-3,21.69%,34.16MiB / 512MiB,31.4MB / 40.9MB
1775422321,dds26-team9-order-web-14,38.41%,259.8MiB / 1GiB,35.5MB / 37MB
1775422321,dds26-team9-order-web-7,30.48%,256.6MiB / 1GiB,35.6MB / 37MB
1775422321,dds26-team9-order-web-15,31.28%,274.2MiB / 1GiB,35.6MB / 48.5MB
1775422321,dds26-team9-order-web-24,30.91%,258.6MiB / 1GiB,35.6MB / 37MB
1775422321,dds26-team9-order-worker-2,21.73%,36.2MiB / 512MiB,31.4MB / 41MB
1775422321,dds26-team9-order-worker-7,21.99%,36.18MiB / 512MiB,31.4MB / 40.9MB
1775422321,dds26-team9-order-web-1,30.34%,254.4MiB / 1GiB,35.5MB / 37.1MB
1775422321,dds26-team9-order-web-18,31.62%,258.1MiB / 1GiB,35.3MB / 36.7MB
1775422321,dds26-team9-order-web-13,30.74%,254.2MiB / 1GiB,35.6MB / 37MB
1775422321,dds26-team9-order-web-23,31.03%,258MiB / 1GiB,35.6MB / 37MB
1775422321,dds26-team9-order-worker-6,21.66%,35.99MiB / 512MiB,31.4MB / 40.9MB
1775422321,dds26-team9-order-web-17,31.40%,254.2MiB / 1GiB,35.6MB / 36.9MB
1775422321,dds26-team9-order-web-6,29.82%,254.4MiB / 1GiB,35.5MB / 37MB
1775422321,dds26-team9-order-web-8,31.53%,256.8MiB / 1GiB,35.6MB / 37.1MB
1775422321,dds26-team9-order-web-12,29.47%,254MiB / 1GiB,35.5MB / 36.9MB
1775422321,dds26-team9-order-web-5,31.26%,254MiB / 1GiB,35.5MB / 36.9MB
1775422321,dds26-team9-order-web-9,30.13%,255MiB / 1GiB,35.6MB / 37MB
1775422321,dds26-team9-order-web-11,30.11%,254.9MiB / 1GiB,35.5MB / 37.1MB
1775422321,dds26-team9-order-worker-1,22.40%,36.03MiB / 512MiB,31.4MB / 40.9MB
1775422321,dds26-team9-order-web-19,30.51%,258.8MiB / 1GiB,35.6MB / 37.1MB
1775422321,dds26-team9-order-web-16,29.30%,255.8MiB / 1GiB,35.6MB / 37MB
1775422321,dds26-team9-order-web-4,30.86%,262.7MiB / 1GiB,35.6MB / 37MB
1775422321,dds26-team9-order-web-22,29.87%,258.6MiB / 1GiB,35.5MB / 37.1MB
1775422321,dds26-team9-order-web-21,28.78%,256.4MiB / 1GiB,35.5MB / 37.1MB
1775422321,dds26-team9-orchestrator-worker-25,33.54%,37.46MiB / 512MiB,44.4MB / 73.3MB
1775422321,dds26-team9-order-web-3,29.54%,254.2MiB / 1GiB,35.6MB / 37.1MB
1775422321,dds26-team9-order-web-20,31.01%,253.6MiB / 1GiB,35.6MB / 37MB
1775422321,dds26-team9-order-web-2,38.81%,253.8MiB / 1GiB,35.6MB / 37.1MB
1775422321,dds26-team9-orchestrator-worker-24,35.22%,33.5MiB / 512MiB,44.5MB / 73.5MB
1775422321,dds26-team9-order-worker-4,22.00%,34.05MiB / 512MiB,31.4MB / 40.9MB
1775422321,dds26-team9-orchestrator-worker-1,34.04%,33.31MiB / 512MiB,44.3MB / 73.2MB
1775422321,dds26-team9-orchestrator-worker-17,31.96%,35.62MiB / 512MiB,44.4MB / 73.3MB
1775422321,dds26-team9-orchestrator-worker-3,32.68%,35.48MiB / 512MiB,44.5MB / 73.4MB
1775422321,dds26-team9-orchestrator-worker-14,33.86%,35.43MiB / 512MiB,44.5MB / 73.5MB
1775422321,dds26-team9-orchestrator-worker-21,33.26%,35.55MiB / 512MiB,44.5MB / 73.5MB
1775422321,dds26-team9-order-web-25,40.48%,254.2MiB / 1GiB,35.6MB / 37MB
1775422321,dds26-team9-orchestrator-worker-7,35.55%,35.32MiB / 512MiB,44.4MB / 73.2MB
1775422321,dds26-team9-order-web-10,35.85%,254.3MiB / 1GiB,35.6MB / 37MB
1775422321,dds26-team9-orchestrator-worker-16,34.48%,35.39MiB / 512MiB,44.6MB / 73.5MB
1775422321,dds26-team9-orchestrator-worker-6,34.11%,35.28MiB / 512MiB,44.4MB / 73.3MB
1775422321,dds26-team9-orchestrator-worker-23,32.67%,33.57MiB / 512MiB,44.4MB / 73.3MB
1775422321,dds26-team9-orchestrator-worker-20,33.57%,35.57MiB / 512MiB,44.6MB / 73.5MB
1775422321,dds26-team9-order-worker-8,21.44%,34.54MiB / 512MiB,31.4MB / 40.9MB
1775422321,dds26-team9-orchestrator-worker-15,32.69%,35.53MiB / 512MiB,44.3MB / 73.1MB
1775422321,dds26-team9-orchestrator-worker-22,33.29%,33.47MiB / 512MiB,44.3MB / 73.3MB
1775422321,dds26-team9-orchestrator-worker-13,34.83%,35.28MiB / 512MiB,44.4MB / 73.3MB
1775422321,dds26-team9-orchestrator-worker-8,33.65%,35.5MiB / 512MiB,44.6MB / 73.6MB
1775422321,dds26-team9-orchestrator-worker-19,32.58%,33.48MiB / 512MiB,44.4MB / 73.4MB
1775422321,dds26-team9-orchestrator-worker-10,33.29%,33.32MiB / 512MiB,44.4MB / 73.4MB
1775422321,dds26-team9-orchestrator-worker-18,33.24%,35.34MiB / 512MiB,44.5MB / 73.4MB
1775422321,dds26-team9-orchestrator-worker-2,33.45%,33.5MiB / 512MiB,44.4MB / 73.3MB
1775422321,dds26-team9-orchestrator-worker-11,34.96%,33.57MiB / 512MiB,44.5MB / 73.4MB
1775422321,dds26-team9-orchestrator-worker-12,33.50%,35.81MiB / 512MiB,44.3MB / 73.2MB
1775422321,dds26-team9-orchestrator-worker-4,33.52%,35.54MiB / 512MiB,44.4MB / 73.4MB
1775422321,dds26-team9-orchestrator-worker-9,33.68%,33.5MiB / 512MiB,44.3MB / 73.2MB
1775422321,dds26-team9-stock-worker-7,27.57%,33.46MiB / 512MiB,33.8MB / 47.5MB
1775422321,dds26-team9-stock-web-1,8.38%,217.8MiB / 512MiB,23kB / 5.87kB
1775422321,dds26-team9-stock-worker-1,26.94%,35.63MiB / 512MiB,33.9MB / 47.6MB
1775422321,dds26-team9-stock-worker-3,26.57%,33.64MiB / 512MiB,33.6MB / 47.2MB
1775422321,dds26-team9-orchestrator-worker-5,34.33%,35.29MiB / 512MiB,44.5MB / 73.4MB
1775422321,dds26-team9-stock-worker-6,26.01%,35.69MiB / 512MiB,33.9MB / 47.5MB
1775422321,dds26-team9-stock-web-3,0.56%,212.6MiB / 512MiB,22.8kB / 6.26kB
1775422321,dds26-team9-stock-web-2,0.60%,212.6MiB / 512MiB,21.1kB / 6.26kB
1775422321,dds26-team9-stock-worker-2,27.25%,33.44MiB / 512MiB,33.6MB / 47.2MB
1775422321,dds26-team9-stock-worker-5,26.87%,35.67MiB / 512MiB,34MB / 47.6MB
1775422321,dds26-team9-stock-web-4,0.56%,226.1MiB / 512MiB,23.5kB / 3.7MB
1775422321,dds26-team9-stock-worker-8,26.96%,35.63MiB / 512MiB,34MB / 47.7MB
1775422321,dds26-team9-stock-worker-4,27.92%,35.71MiB / 512MiB,33.8MB / 47.5MB
1775422321,dds26-team9-user-worker-4,40.07%,35.56MiB / 512MiB,57.8MB / 76.2MB
1775422321,dds26-team9-user-web-2,7.75%,218.3MiB / 512MiB,23.2kB / 6.54kB
1775422321,dds26-team9-user-worker-2,38.29%,33.82MiB / 512MiB,58.1MB / 76.6MB
1775422321,dds26-team9-user-worker-3,37.49%,35.79MiB / 512MiB,57.8MB / 76.1MB
1775422321,dds26-team9-user-worker-1,39.45%,35.8MiB / 512MiB,58.1MB / 76.5MB
1775422321,dds26-team9-user-web-4,0.55%,212.3MiB / 512MiB,22kB / 6.33kB
1775422321,dds26-team9-user-web-3,0.57%,224.5MiB / 512MiB,23kB / 3.1MB
1775422321,dds26-team9-user-web-1,0.54%,211.5MiB / 512MiB,19.5kB / 6.26kB
1775422321,dds26-team9-redis-stock-1,5.19%,29.04MiB / 512MiB,47.3MB / 58.4MB
1775422321,dds26-team9-redis-payment-1,5.30%,28.83MiB / 512MiB,44.4MB / 55.3MB
1775422321,dds26-team9-redis-order-1,41.43%,32.72MiB / 512MiB,658MB / 806MB
1775422321,dds26-team9-redis-orchestrator-1,28.71%,35.52MiB / 512MiB,702MB / 464MB
1775422321,dds26-team9-redis-bus-1,169.12%,38.27MiB / 2GiB,2.18GB / 1.24GB
1775422324,dds26-team9-gateway-1,23.30%,125.4MiB / 354.3GiB,380MB / 330MB
1775422324,dds26-team9-order-worker-5,22.50%,35.62MiB / 512MiB,31.9MB / 41.6MB
1775422324,dds26-team9-order-worker-3,22.55%,34.25MiB / 512MiB,32MB / 41.6MB
1775422324,dds26-team9-order-web-14,30.93%,259.8MiB / 1GiB,36.3MB / 37.8MB
1775422324,dds26-team9-order-web-7,30.49%,256.6MiB / 1GiB,36.3MB / 37.7MB
1775422324,dds26-team9-order-web-15,30.44%,274.5MiB / 1GiB,36.3MB / 49.2MB
1775422324,dds26-team9-order-web-24,39.44%,258.9MiB / 1GiB,36.3MB / 37.7MB
1775422324,dds26-team9-order-worker-2,21.39%,35.99MiB / 512MiB,32MB / 41.7MB
1775422324,dds26-team9-order-worker-7,21.14%,35.98MiB / 512MiB,32MB / 41.6MB
1775422324,dds26-team9-order-web-1,31.90%,254.9MiB / 1GiB,36MB / 37.5MB
1775422324,dds26-team9-order-web-18,31.68%,258.2MiB / 1GiB,36.3MB / 37.6MB
1775422324,dds26-team9-order-web-13,31.40%,254MiB / 1GiB,36.3MB / 37.7MB
1775422324,dds26-team9-order-web-23,31.29%,258MiB / 1GiB,36.3MB / 37.7MB
1775422324,dds26-team9-order-worker-6,21.36%,36.21MiB / 512MiB,32MB / 41.6MB
1775422324,dds26-team9-order-web-17,31.90%,254MiB / 1GiB,36.3MB / 37.6MB
1775422324,dds26-team9-order-web-6,30.79%,254.4MiB / 1GiB,36.3MB / 37.7MB
1775422324,dds26-team9-order-web-8,33.29%,256.8MiB / 1GiB,36.4MB / 37.8MB
1775422324,dds26-team9-order-web-12,32.68%,254.1MiB / 1GiB,36.3MB / 37.6MB
1775422324,dds26-team9-order-web-5,31.47%,254.5MiB / 1GiB,36.3MB / 37.6MB
1775422324,dds26-team9-order-web-9,32.11%,255.3MiB / 1GiB,36.3MB / 37.7MB
1775422324,dds26-team9-order-web-11,31.83%,255.2MiB / 1GiB,36.3MB / 37.8MB
1775422324,dds26-team9-order-worker-1,22.23%,36.18MiB / 512MiB,32MB / 41.6MB
1775422324,dds26-team9-order-web-19,31.55%,258.8MiB / 1GiB,36.3MB / 37.8MB
1775422324,dds26-team9-order-web-16,31.61%,255.3MiB / 1GiB,36.3MB / 37.7MB
1775422324,dds26-team9-order-web-4,32.37%,262.8MiB / 1GiB,36.4MB / 37.7MB
1775422324,dds26-team9-order-web-22,31.19%,258.8MiB / 1GiB,36.3MB / 37.8MB
1775422324,dds26-team9-order-web-21,31.11%,256.4MiB / 1GiB,36.3MB / 37.8MB
1775422324,dds26-team9-orchestrator-worker-25,34.23%,37.51MiB / 512MiB,45.2MB / 74.7MB
1775422324,dds26-team9-order-web-3,32.34%,254.5MiB / 1GiB,36.3MB / 37.8MB
1775422324,dds26-team9-order-web-20,31.10%,253.9MiB / 1GiB,36.3MB / 37.7MB
1775422324,dds26-team9-order-web-2,31.18%,253.8MiB / 1GiB,36.3MB / 37.8MB
1775422324,dds26-team9-orchestrator-worker-24,33.69%,33.8MiB / 512MiB,45.3MB / 74.8MB
1775422324,dds26-team9-order-worker-4,21.70%,34.22MiB / 512MiB,31.9MB / 41.6MB
1775422324,dds26-team9-orchestrator-worker-1,35.05%,33.45MiB / 512MiB,45.1MB / 74.5MB
1775422324,dds26-team9-orchestrator-worker-17,33.98%,35.43MiB / 512MiB,45.2MB / 74.6MB
1775422324,dds26-team9-orchestrator-worker-3,33.49%,35.27MiB / 512MiB,45.2MB / 74.7MB
1775422324,dds26-team9-orchestrator-worker-14,33.53%,35.52MiB / 512MiB,45.3MB / 74.8MB
1775422324,dds26-team9-orchestrator-worker-21,34.64%,35.79MiB / 512MiB,45.3MB / 74.8MB
1775422324,dds26-team9-order-web-25,31.37%,254.4MiB / 1GiB,36.3MB / 37.7MB
1775422324,dds26-team9-orchestrator-worker-7,34.29%,35.57MiB / 512MiB,45.2MB / 74.5MB
1775422324,dds26-team9-order-web-10,32.96%,254.4MiB / 1GiB,36.3MB / 37.7MB
1775422324,dds26-team9-orchestrator-worker-16,33.75%,35.48MiB / 512MiB,45.4MB / 74.8MB
1775422324,dds26-team9-orchestrator-worker-6,33.79%,35.48MiB / 512MiB,45.1MB / 74.5MB
1775422324,dds26-team9-orchestrator-worker-23,33.59%,33.49MiB / 512MiB,45.2MB / 74.6MB
1775422324,dds26-team9-orchestrator-worker-20,33.52%,35.6MiB / 512MiB,45.4MB / 74.9MB
1775422324,dds26-team9-order-worker-8,21.65%,34.05MiB / 512MiB,31.9MB / 41.6MB
1775422324,dds26-team9-orchestrator-worker-15,33.80%,35.32MiB / 512MiB,45MB / 74.4MB
1775422324,dds26-team9-orchestrator-worker-22,34.21%,33.3MiB / 512MiB,45.1MB / 74.6MB
1775422324,dds26-team9-orchestrator-worker-13,34.45%,35.28MiB / 512MiB,45.2MB / 74.7MB
1775422324,dds26-team9-orchestrator-worker-8,33.33%,35.55MiB / 512MiB,45.4MB / 74.9MB
1775422324,dds26-team9-orchestrator-worker-19,32.72%,33.29MiB / 512MiB,45.2MB / 74.7MB
1775422324,dds26-team9-orchestrator-worker-10,33.02%,33.32MiB / 512MiB,45.2MB / 74.7MB
1775422324,dds26-team9-orchestrator-worker-18,34.47%,35.56MiB / 512MiB,45.3MB / 74.8MB
1775422324,dds26-team9-orchestrator-worker-2,34.11%,33.31MiB / 512MiB,45.2MB / 74.6MB
1775422324,dds26-team9-orchestrator-worker-11,33.31%,33.33MiB / 512MiB,45.3MB / 74.7MB
1775422324,dds26-team9-orchestrator-worker-12,32.57%,35.55MiB / 512MiB,45MB / 74.5MB
1775422324,dds26-team9-orchestrator-worker-4,33.78%,35.55MiB / 512MiB,45.2MB / 74.7MB
1775422324,dds26-team9-orchestrator-worker-9,33.41%,33.55MiB / 512MiB,45.1MB / 74.5MB
1775422324,dds26-team9-stock-worker-7,27.01%,33.68MiB / 512MiB,34.4MB / 48.3MB
1775422324,dds26-team9-stock-web-1,0.52%,217.8MiB / 512MiB,23kB / 5.87kB
1775422324,dds26-team9-stock-worker-1,27.55%,35.39MiB / 512MiB,34.5MB / 48.5MB
1775422324,dds26-team9-stock-worker-3,26.96%,33.62MiB / 512MiB,34.2MB / 48MB
1775422324,dds26-team9-orchestrator-worker-5,32.48%,35.29MiB / 512MiB,45.3MB / 74.7MB
1775422324,dds26-team9-stock-worker-6,27.05%,35.69MiB / 512MiB,34.5MB / 48.4MB
1775422324,dds26-team9-stock-web-3,0.54%,212.6MiB / 512MiB,22.9kB / 6.41kB
1775422324,dds26-team9-stock-web-2,0.59%,212.6MiB / 512MiB,21.1kB / 6.41kB
1775422324,dds26-team9-stock-worker-2,27.61%,33.44MiB / 512MiB,34.2MB / 48MB
1775422324,dds26-team9-stock-worker-5,26.82%,35.68MiB / 512MiB,34.6MB / 48.5MB
1775422324,dds26-team9-stock-web-4,7.80%,226.1MiB / 512MiB,23.6kB / 3.7MB
1775422324,dds26-team9-stock-worker-8,27.79%,35.4MiB / 512MiB,34.6MB / 48.6MB
1775422324,dds26-team9-stock-worker-4,26.74%,35.48MiB / 512MiB,34.4MB / 48.3MB
1775422324,dds26-team9-user-worker-4,38.77%,35.56MiB / 512MiB,58.9MB / 77.5MB
1775422324,dds26-team9-user-web-2,0.57%,218.3MiB / 512MiB,23.2kB / 6.54kB
1775422324,dds26-team9-user-worker-2,38.42%,33.59MiB / 512MiB,59.2MB / 77.9MB
1775422324,dds26-team9-user-worker-3,36.10%,35.57MiB / 512MiB,58.9MB / 77.5MB
1775422324,dds26-team9-user-worker-1,37.60%,36.05MiB / 512MiB,59.1MB / 77.8MB
1775422324,dds26-team9-user-web-4,0.50%,212.3MiB / 512MiB,22.1kB / 6.47kB
1775422324,dds26-team9-user-web-3,0.54%,224.6MiB / 512MiB,23.1kB / 3.1MB
1775422324,dds26-team9-user-web-1,8.20%,211.5MiB / 512MiB,19.6kB / 6.41kB
1775422324,dds26-team9-redis-stock-1,7.57%,29.02MiB / 512MiB,48.1MB / 59.4MB
1775422324,dds26-team9-redis-payment-1,7.34%,28.82MiB / 512MiB,45.1MB / 56.3MB
1775422324,dds26-team9-redis-order-1,46.45%,33.4MiB / 512MiB,670MB / 823MB
1775422324,dds26-team9-redis-orchestrator-1,31.81%,35.55MiB / 512MiB,714MB / 473MB
1775422324,dds26-team9-redis-bus-1,171.61%,37.53MiB / 2GiB,2.22GB / 1.26GB
1775422327,dds26-team9-gateway-1,23.33%,124.9MiB / 354.3GiB,385MB / 335MB
1775422327,dds26-team9-order-worker-5,22.39%,35.43MiB / 512MiB,32.4MB / 42.3MB
1775422327,dds26-team9-order-worker-3,23.17%,34.25MiB / 512MiB,32.5MB / 42.4MB
1775422327,dds26-team9-order-web-14,30.97%,260.1MiB / 1GiB,37MB / 38.5MB
1775422327,dds26-team9-order-web-7,31.48%,256.6MiB / 1GiB,37MB / 38.5MB
1775422327,dds26-team9-order-web-15,31.49%,274.3MiB / 1GiB,37MB / 49.9MB
1775422327,dds26-team9-order-web-24,31.78%,258.9MiB / 1GiB,37MB / 38.4MB
1775422327,dds26-team9-order-worker-2,22.21%,36.23MiB / 512MiB,32.5MB / 42.4MB
1775422327,dds26-team9-order-worker-7,22.01%,36.05MiB / 512MiB,32.6MB / 42.4MB
1775422327,dds26-team9-order-web-1,30.76%,254.4MiB / 1GiB,37MB / 38.5MB
1775422327,dds26-team9-order-web-18,31.02%,258.3MiB / 1GiB,37MB / 38.3MB
1775422327,dds26-team9-order-web-13,30.62%,254.5MiB / 1GiB,37MB / 38.4MB
1775422327,dds26-team9-order-web-23,30.37%,258.1MiB / 1GiB,37MB / 38.4MB
1775422327,dds26-team9-order-worker-6,21.70%,36.2MiB / 512MiB,32.5MB / 42.3MB
1775422327,dds26-team9-order-web-17,30.18%,254.1MiB / 1GiB,37MB / 38.3MB
1775422327,dds26-team9-order-web-6,33.74%,254.3MiB / 1GiB,37MB / 38.4MB
1775422327,dds26-team9-order-web-8,39.93%,257.1MiB / 1GiB,37.1MB / 38.5MB
1775422327,dds26-team9-order-web-12,38.05%,254.1MiB / 1GiB,37MB / 38.3MB
1775422327,dds26-team9-order-web-5,39.24%,254.2MiB / 1GiB,37MB / 38.3MB
1775422327,dds26-team9-order-web-9,38.06%,255.1MiB / 1GiB,37MB / 38.4MB
1775422327,dds26-team9-order-web-11,30.57%,255.1MiB / 1GiB,37MB / 38.5MB
1775422327,dds26-team9-order-worker-1,22.74%,36.18MiB / 512MiB,32.5MB / 42.3MB
1775422327,dds26-team9-order-web-19,30.96%,258.6MiB / 1GiB,37MB / 38.5MB
1775422327,dds26-team9-order-web-16,31.00%,257.4MiB / 1GiB,37MB / 38.5MB
1775422327,dds26-team9-order-web-4,31.42%,262.8MiB / 1GiB,37.1MB / 38.4MB
1775422327,dds26-team9-order-web-22,31.88%,258.6MiB / 1GiB,37MB / 38.5MB
1775422327,dds26-team9-order-web-21,30.53%,256.4MiB / 1GiB,37MB / 38.5MB
1775422327,dds26-team9-orchestrator-worker-25,33.53%,37.51MiB / 512MiB,46MB / 76MB
1775422327,dds26-team9-order-web-3,32.27%,254.7MiB / 1GiB,37.1MB / 38.5MB
1775422327,dds26-team9-order-web-20,32.51%,253.7MiB / 1GiB,37MB / 38.4MB
1775422327,dds26-team9-order-web-2,31.14%,254.2MiB / 1GiB,37.1MB / 38.5MB
1775422327,dds26-team9-orchestrator-worker-24,34.30%,33.32MiB / 512MiB,46.1MB / 76.1MB
1775422327,dds26-team9-order-worker-4,23.03%,34.25MiB / 512MiB,32.5MB / 42.3MB
1775422327,dds26-team9-orchestrator-worker-1,35.02%,33.55MiB / 512MiB,45.9MB / 75.8MB
1775422327,dds26-team9-orchestrator-worker-17,33.16%,35.53MiB / 512MiB,46MB / 76MB
1775422327,dds26-team9-orchestrator-worker-3,33.44%,35.52MiB / 512MiB,46MB / 76MB
1775422327,dds26-team9-orchestrator-worker-14,33.71%,35.29MiB / 512MiB,46.1MB / 76.1MB
1775422327,dds26-team9-orchestrator-worker-21,34.33%,35.33MiB / 512MiB,46.1MB / 76.1MB
1775422327,dds26-team9-order-web-25,31.52%,254.2MiB / 1GiB,37MB / 38.4MB
1775422327,dds26-team9-orchestrator-worker-7,35.68%,35.33MiB / 512MiB,46MB / 75.8MB
1775422327,dds26-team9-order-web-10,30.50%,254.4MiB / 1GiB,37MB / 38.5MB
1775422327,dds26-team9-orchestrator-worker-16,34.44%,35.47MiB / 512MiB,46.2MB / 76.1MB
1775422327,dds26-team9-orchestrator-worker-6,34.89%,35.5MiB / 512MiB,45.9MB / 75.8MB
1775422327,dds26-team9-orchestrator-worker-23,33.78%,33.82MiB / 512MiB,46MB / 75.9MB
1775422327,dds26-team9-orchestrator-worker-20,33.36%,35.36MiB / 512MiB,46.2MB / 76.2MB
1775422327,dds26-team9-order-worker-8,22.48%,34.07MiB / 512MiB,32.5MB / 42.3MB
1775422327,dds26-team9-orchestrator-worker-15,34.26%,35.32MiB / 512MiB,45.9MB / 75.8MB
1775422327,dds26-team9-orchestrator-worker-22,33.45%,33.3MiB / 512MiB,45.9MB / 75.9MB
1775422327,dds26-team9-orchestrator-worker-13,34.38%,35.28MiB / 512MiB,46.1MB / 76MB
1775422327,dds26-team9-orchestrator-worker-8,33.87%,35.32MiB / 512MiB,46.2MB / 76.2MB
1775422327,dds26-team9-orchestrator-worker-19,34.27%,33.29MiB / 512MiB,46MB / 76.1MB
1775422327,dds26-team9-orchestrator-worker-10,33.69%,33.32MiB / 512MiB,46MB / 76MB
1775422327,dds26-team9-orchestrator-worker-18,33.27%,35.35MiB / 512MiB,46.1MB / 76.1MB
1775422327,dds26-team9-orchestrator-worker-2,34.45%,33.31MiB / 512MiB,46MB / 76MB
1775422327,dds26-team9-orchestrator-worker-11,33.63%,33.54MiB / 512MiB,46.1MB / 76MB
1775422327,dds26-team9-orchestrator-worker-12,34.10%,35.32MiB / 512MiB,45.8MB / 75.8MB
1775422327,dds26-team9-orchestrator-worker-4,33.96%,35.3MiB / 512MiB,46MB / 76MB
1775422327,dds26-team9-orchestrator-worker-9,33.56%,33.55MiB / 512MiB,45.9MB / 75.9MB
1775422327,dds26-team9-stock-worker-7,27.59%,33.93MiB / 512MiB,35MB / 49.2MB
1775422327,dds26-team9-stock-web-1,0.55%,217.8MiB / 512MiB,23kB / 5.87kB
1775422327,dds26-team9-stock-worker-1,26.92%,35.39MiB / 512MiB,35.1MB / 49.3MB
1775422327,dds26-team9-stock-worker-3,28.80%,33.44MiB / 512MiB,34.8MB / 48.9MB
1775422327,dds26-team9-orchestrator-worker-5,33.22%,35.53MiB / 512MiB,46.1MB / 76MB
1775422327,dds26-team9-stock-worker-6,25.99%,35.45MiB / 512MiB,35.1MB / 49.2MB
1775422327,dds26-team9-stock-web-3,0.53%,212.6MiB / 512MiB,22.9kB / 6.41kB
1775422327,dds26-team9-stock-web-2,0.59%,212.6MiB / 512MiB,21.1kB / 6.41kB
1775422327,dds26-team9-stock-worker-2,28.73%,33.9MiB / 512MiB,34.8MB / 48.9MB
1775422327,dds26-team9-stock-worker-5,27.49%,35.44MiB / 512MiB,35.2MB / 49.3MB
1775422327,dds26-team9-stock-web-4,0.57%,226.1MiB / 512MiB,23.6kB / 3.7MB
1775422327,dds26-team9-stock-worker-8,28.41%,35.64MiB / 512MiB,35.2MB / 49.4MB
1775422327,dds26-team9-stock-worker-4,28.87%,35.71MiB / 512MiB,35.1MB / 49.2MB
1775422327,dds26-team9-user-worker-4,39.49%,35.79MiB / 512MiB,60MB / 78.9MB
1775422327,dds26-team9-user-web-2,0.58%,218.3MiB / 512MiB,23.2kB / 6.54kB
1775422327,dds26-team9-user-worker-2,38.64%,33.79MiB / 512MiB,60.2MB / 79.3MB
1775422327,dds26-team9-user-worker-3,36.36%,35.79MiB / 512MiB,59.9MB / 78.9MB
1775422327,dds26-team9-user-worker-1,38.58%,35.81MiB / 512MiB,60.2MB / 79.2MB
1775422327,dds26-team9-user-web-4,0.57%,212.3MiB / 512MiB,22.1kB / 6.47kB
1775422327,dds26-team9-user-web-3,0.59%,224.6MiB / 512MiB,23.1kB / 3.1MB
1775422327,dds26-team9-user-web-1,0.59%,211.5MiB / 512MiB,19.6kB / 6.41kB
1775422327,dds26-team9-redis-stock-1,5.39%,29MiB / 512MiB,48.9MB / 60.4MB
1775422327,dds26-team9-redis-payment-1,5.27%,28.83MiB / 512MiB,45.9MB / 57.3MB
1775422327,dds26-team9-redis-order-1,41.32%,34.18MiB / 512MiB,683MB / 840MB
1775422327,dds26-team9-redis-orchestrator-1,30.00%,35.5MiB / 512MiB,727MB / 481MB
1775422327,dds26-team9-redis-bus-1,172.13%,37.53MiB / 2GiB,2.26GB / 1.28GB
1775422331,dds26-team9-gateway-1,21.60%,124.7MiB / 354.3GiB,396MB / 343MB
1775422331,dds26-team9-order-worker-5,22.55%,35.43MiB / 512MiB,33MB / 43MB
1775422331,dds26-team9-order-worker-3,22.50%,34.04MiB / 512MiB,33.1MB / 43.1MB
1775422331,dds26-team9-order-web-14,33.22%,266.2MiB / 1GiB,37.7MB / 39.2MB
1775422331,dds26-team9-order-web-7,31.03%,256.6MiB / 1GiB,37.8MB / 39.2MB
1775422331,dds26-team9-order-web-15,28.78%,274.4MiB / 1GiB,37.8MB / 50.6MB
1775422331,dds26-team9-order-web-24,30.89%,258.7MiB / 1GiB,37.8MB / 39.1MB
1775422331,dds26-team9-order-worker-2,21.16%,35.99MiB / 512MiB,33.1MB / 43.1MB
1775422331,dds26-team9-order-worker-7,22.46%,36.3MiB / 512MiB,33.1MB / 43.1MB
1775422331,dds26-team9-order-web-1,29.47%,254.7MiB / 1GiB,37.7MB / 39.2MB
1775422331,dds26-team9-order-web-18,31.05%,258.4MiB / 1GiB,37.8MB / 39.1MB
1775422331,dds26-team9-order-web-13,29.54%,254.2MiB / 1GiB,37.8MB / 39.2MB
1775422331,dds26-team9-order-web-23,29.54%,258.1MiB / 1GiB,37.8MB / 39.2MB
1775422331,dds26-team9-order-worker-6,20.91%,36.14MiB / 512MiB,32.9MB / 42.8MB
1775422331,dds26-team9-order-web-17,32.16%,254.4MiB / 1GiB,37.8MB / 39.1MB
1775422331,dds26-team9-order-web-6,29.37%,254.4MiB / 1GiB,37.7MB / 39.1MB
1775422331,dds26-team9-order-web-8,29.99%,257.2MiB / 1GiB,37.8MB / 39.3MB
1775422331,dds26-team9-order-web-12,29.27%,254.3MiB / 1GiB,37.7MB / 39.1MB
1775422331,dds26-team9-order-web-5,30.58%,254.2MiB / 1GiB,37.7MB / 39.1MB
1775422331,dds26-team9-order-web-9,31.18%,255.1MiB / 1GiB,37.8MB / 39.1MB
1775422331,dds26-team9-order-web-11,30.86%,255.3MiB / 1GiB,37.8MB / 39.3MB
1775422331,dds26-team9-order-worker-1,21.63%,36.25MiB / 512MiB,33MB / 43MB
1775422331,dds26-team9-order-web-19,29.94%,258.6MiB / 1GiB,37.8MB / 39.3MB
1775422331,dds26-team9-order-web-16,30.87%,257.8MiB / 1GiB,37.8MB / 39.2MB
1775422331,dds26-team9-order-web-4,32.06%,262.9MiB / 1GiB,37.8MB / 39.2MB
1775422331,dds26-team9-order-web-22,32.04%,258.6MiB / 1GiB,37.7MB / 39.2MB
1775422331,dds26-team9-order-web-21,30.53%,256.4MiB / 1GiB,37.7MB / 39.2MB
1775422331,dds26-team9-orchestrator-worker-25,34.01%,37.39MiB / 512MiB,46.8MB / 77.3MB
1775422331,dds26-team9-order-web-3,31.57%,254.3MiB / 1GiB,37.8MB / 39.2MB
1775422331,dds26-team9-order-web-20,31.45%,254MiB / 1GiB,37.8MB / 39.2MB
1775422331,dds26-team9-order-web-2,36.48%,254.2MiB / 1GiB,37.8MB / 39.3MB
1775422331,dds26-team9-orchestrator-worker-24,33.88%,33.33MiB / 512MiB,46.9MB / 77.5MB
1775422331,dds26-team9-order-worker-4,22.66%,34.3MiB / 512MiB,33MB / 43MB
1775422331,dds26-team9-orchestrator-worker-1,34.79%,33.54MiB / 512MiB,46.7MB / 77.1MB
1775422331,dds26-team9-orchestrator-worker-17,33.64%,35.3MiB / 512MiB,46.8MB / 77.2MB
1775422331,dds26-team9-orchestrator-worker-3,34.66%,35.43MiB / 512MiB,46.9MB / 77.3MB
1775422331,dds26-team9-orchestrator-worker-14,33.12%,35.28MiB / 512MiB,46.9MB / 77.4MB
1775422331,dds26-team9-orchestrator-worker-21,33.55%,35.57MiB / 512MiB,46.9MB / 77.4MB
1775422331,dds26-team9-order-web-25,37.41%,254.2MiB / 1GiB,37.8MB / 39.1MB
1775422331,dds26-team9-orchestrator-worker-7,33.31%,35.57MiB / 512MiB,46.8MB / 77.2MB
1775422331,dds26-team9-order-web-10,39.01%,254.9MiB / 1GiB,37.8MB / 39.2MB
1775422331,dds26-team9-orchestrator-worker-16,33.87%,35.48MiB / 512MiB,47MB / 77.5MB
1775422331,dds26-team9-orchestrator-worker-6,34.12%,35.49MiB / 512MiB,46.7MB / 77.2MB
1775422331,dds26-team9-orchestrator-worker-23,33.52%,33.33MiB / 512MiB,46.8MB / 77.2MB
1775422331,dds26-team9-orchestrator-worker-20,32.18%,35.36MiB / 512MiB,46.9MB / 77.5MB
1775422331,dds26-team9-order-worker-8,21.89%,34.07MiB / 512MiB,33.1MB / 43.1MB
1775422331,dds26-team9-orchestrator-worker-15,32.93%,35.57MiB / 512MiB,46.7MB / 77.1MB
1775422331,dds26-team9-orchestrator-worker-22,33.86%,33.3MiB / 512MiB,46.7MB / 77.2MB
1775422331,dds26-team9-orchestrator-worker-13,34.87%,35.43MiB / 512MiB,46.8MB / 77.3MB
1775422331,dds26-team9-orchestrator-worker-8,34.22%,35.54MiB / 512MiB,47MB / 77.5MB
1775422331,dds26-team9-orchestrator-worker-19,35.31%,33.46MiB / 512MiB,46.8MB / 77.4MB
1775422331,dds26-team9-orchestrator-worker-10,35.98%,33.42MiB / 512MiB,46.8MB / 77.4MB
1775422331,dds26-team9-orchestrator-worker-18,33.76%,35.34MiB / 512MiB,46.9MB / 77.4MB
1775422331,dds26-team9-orchestrator-worker-2,34.77%,33.48MiB / 512MiB,46.8MB / 77.3MB
1775422331,dds26-team9-orchestrator-worker-11,33.66%,33.33MiB / 512MiB,46.9MB / 77.4MB
1775422331,dds26-team9-orchestrator-worker-12,34.22%,35.7MiB / 512MiB,46.6MB / 77.1MB
1775422331,dds26-team9-orchestrator-worker-4,34.10%,35.78MiB / 512MiB,46.8MB / 77.3MB
1775422331,dds26-team9-orchestrator-worker-9,33.33%,33.31MiB / 512MiB,46.7MB / 77.2MB
1775422331,dds26-team9-stock-worker-7,27.65%,33.69MiB / 512MiB,35.6MB / 50MB
1775422331,dds26-team9-stock-web-1,4.44%,224.1MiB / 512MiB,23kB / 5.87kB
1775422331,dds26-team9-stock-worker-1,27.73%,35.63MiB / 512MiB,35.7MB / 50.2MB
1775422331,dds26-team9-stock-worker-3,28.57%,33.67MiB / 512MiB,35.4MB / 49.7MB
1775422331,dds26-team9-orchestrator-worker-5,33.96%,35.29MiB / 512MiB,46.9MB / 77.4MB
1775422331,dds26-team9-stock-worker-6,28.45%,35.66MiB / 512MiB,35.7MB / 50.1MB
1775422331,dds26-team9-stock-web-3,0.54%,212.6MiB / 512MiB,22.9kB / 6.41kB
1775422331,dds26-team9-stock-web-2,0.58%,212.6MiB / 512MiB,21.1kB / 6.41kB
1775422331,dds26-team9-stock-worker-2,28.66%,33.68MiB / 512MiB,35.4MB / 49.7MB
1775422331,dds26-team9-stock-worker-5,25.73%,35.67MiB / 512MiB,35.8MB / 50.2MB
1775422331,dds26-team9-stock-web-4,0.58%,226.1MiB / 512MiB,23.6kB / 3.7MB
1775422331,dds26-team9-stock-worker-8,26.78%,35.61MiB / 512MiB,35.9MB / 50.3MB
1775422331,dds26-team9-stock-worker-4,27.91%,35.72MiB / 512MiB,35.7MB / 50.1MB
1775422331,dds26-team9-user-worker-4,38.35%,35.79MiB / 512MiB,61MB / 80.3MB
1775422331,dds26-team9-user-web-2,5.87%,227.9MiB / 512MiB,23.2kB / 6.54kB
1775422331,dds26-team9-user-worker-2,37.62%,33.59MiB / 512MiB,61.3MB / 80.7MB
1775422331,dds26-team9-user-worker-3,35.84%,35.82MiB / 512MiB,61MB / 80.2MB
1775422331,dds26-team9-user-worker-1,38.47%,35.79MiB / 512MiB,61.2MB / 80.6MB
1775422331,dds26-team9-user-web-4,0.51%,212.3MiB / 512MiB,22.1kB / 6.47kB
1775422331,dds26-team9-user-web-3,0.55%,224.6MiB / 512MiB,23.1kB / 3.1MB
1775422331,dds26-team9-user-web-1,0.55%,211.5MiB / 512MiB,19.6kB / 6.41kB
1775422331,dds26-team9-redis-stock-1,7.62%,29.02MiB / 512MiB,49.7MB / 61.5MB
1775422331,dds26-team9-redis-payment-1,7.41%,28.82MiB / 512MiB,46.6MB / 58.3MB
1775422331,dds26-team9-redis-order-1,44.25%,34.05MiB / 512MiB,697MB / 857MB
1775422331,dds26-team9-redis-orchestrator-1,31.05%,35.49MiB / 512MiB,740MB / 490MB
1775422331,dds26-team9-redis-bus-1,172.91%,36.98MiB / 2GiB,2.3GB / 1.3GB
1775422334,dds26-team9-gateway-1,22.79%,124.7MiB / 354.3GiB,403MB / 350MB
1775422334,dds26-team9-order-worker-5,22.61%,35.43MiB / 512MiB,33.5MB / 43.7MB
1775422334,dds26-team9-order-worker-3,21.21%,34.04MiB / 512MiB,33.6MB / 43.8MB
1775422334,dds26-team9-order-web-14,30.99%,261.7MiB / 1GiB,38.2MB / 39.7MB
1775422334,dds26-team9-order-web-7,32.12%,257.4MiB / 1GiB,38.5MB / 39.9MB
1775422334,dds26-team9-order-web-15,30.60%,274.4MiB / 1GiB,38.5MB / 51.3MB
1775422334,dds26-team9-order-web-24,38.58%,258.7MiB / 1GiB,38.5MB / 39.9MB
1775422334,dds26-team9-order-worker-2,20.56%,35.99MiB / 512MiB,33.6MB / 43.8MB
1775422334,dds26-team9-order-worker-7,20.78%,36.28MiB / 512MiB,33.7MB / 43.8MB
1775422334,dds26-team9-order-web-1,30.68%,255MiB / 1GiB,38.5MB / 39.9MB
1775422334,dds26-team9-order-web-18,31.44%,258.7MiB / 1GiB,38.5MB / 39.8MB
1775422334,dds26-team9-order-web-13,32.31%,254.3MiB / 1GiB,38.5MB / 39.9MB
1775422334,dds26-team9-order-web-23,30.48%,258.2MiB / 1GiB,38.5MB / 39.8MB
1775422334,dds26-team9-order-worker-6,21.64%,35.99MiB / 512MiB,33.6MB / 43.8MB
1775422334,dds26-team9-order-web-17,32.14%,254.4MiB / 1GiB,38.5MB / 39.8MB
1775422334,dds26-team9-order-web-6,30.61%,254.7MiB / 1GiB,38.4MB / 39.8MB
1775422334,dds26-team9-order-web-8,31.26%,256.9MiB / 1GiB,38.5MB / 40MB
1775422334,dds26-team9-order-web-12,31.16%,254.4MiB / 1GiB,38.5MB / 39.8MB
1775422334,dds26-team9-order-web-5,32.31%,254.7MiB / 1GiB,38.5MB / 39.8MB
1775422334,dds26-team9-order-web-9,33.34%,255.1MiB / 1GiB,38.5MB / 39.9MB
1775422334,dds26-team9-order-web-11,34.44%,255.1MiB / 1GiB,38.5MB / 40MB
1775422334,dds26-team9-order-worker-1,21.68%,36.03MiB / 512MiB,33.6MB / 43.7MB
1775422334,dds26-team9-order-web-19,32.53%,258.4MiB / 1GiB,38.5MB / 40MB
1775422334,dds26-team9-order-web-16,31.61%,257.6MiB / 1GiB,38.5MB / 39.9MB
1775422334,dds26-team9-order-web-4,29.75%,263.1MiB / 1GiB,38.6MB / 39.9MB
1775422334,dds26-team9-order-web-22,32.87%,258.6MiB / 1GiB,38.5MB / 40MB
1775422334,dds26-team9-order-web-21,31.89%,256.7MiB / 1GiB,38.5MB / 40MB
1775422334,dds26-team9-orchestrator-worker-25,33.10%,37.52MiB / 512MiB,47.6MB / 78.6MB
1775422334,dds26-team9-order-web-3,34.13%,254.5MiB / 1GiB,38.5MB / 40MB
1775422334,dds26-team9-order-web-20,31.14%,254MiB / 1GiB,38.5MB / 39.9MB
1775422334,dds26-team9-order-web-2,32.65%,254MiB / 1GiB,38.5MB / 40MB
1775422334,dds26-team9-orchestrator-worker-24,34.05%,33.32MiB / 512MiB,47.7MB / 78.8MB
1775422334,dds26-team9-order-worker-4,21.73%,34.05MiB / 512MiB,33.6MB / 43.7MB
1775422334,dds26-team9-orchestrator-worker-1,33.99%,33.52MiB / 512MiB,47.4MB / 78.4MB
1775422334,dds26-team9-orchestrator-worker-17,31.83%,35.54MiB / 512MiB,47.6MB / 78.6MB
1775422334,dds26-team9-orchestrator-worker-3,33.07%,35.48MiB / 512MiB,47.6MB / 78.6MB
1775422334,dds26-team9-orchestrator-worker-14,32.38%,35.51MiB / 512MiB,47.6MB / 78.7MB
1775422334,dds26-team9-orchestrator-worker-21,33.98%,35.57MiB / 512MiB,47.7MB / 78.7MB
1775422334,dds26-team9-order-web-25,31.80%,255MiB / 1GiB,38.5MB / 39.9MB
1775422334,dds26-team9-orchestrator-worker-7,33.14%,35.33MiB / 512MiB,47.5MB / 78.5MB
1775422334,dds26-team9-order-web-10,30.62%,254.5MiB / 1GiB,38.5MB / 39.9MB
1775422334,dds26-team9-orchestrator-worker-16,33.02%,35.48MiB / 512MiB,47.8MB / 78.8MB
1775422334,dds26-team9-orchestrator-worker-6,32.74%,35.52MiB / 512MiB,47.5MB / 78.5MB
1775422334,dds26-team9-orchestrator-worker-23,32.11%,33.56MiB / 512MiB,47.5MB / 78.5MB
1775422334,dds26-team9-orchestrator-worker-20,31.73%,35.6MiB / 512MiB,47.7MB / 78.8MB
1775422334,dds26-team9-order-worker-8,22.00%,34.27MiB / 512MiB,33.6MB / 43.8MB
1775422334,dds26-team9-orchestrator-worker-15,31.71%,35.32MiB / 512MiB,47.5MB / 78.4MB
1775422334,dds26-team9-orchestrator-worker-22,34.32%,33.48MiB / 512MiB,47.5MB / 78.5MB
1775422334,dds26-team9-orchestrator-worker-13,31.87%,35.52MiB / 512MiB,47.6MB / 78.5MB
1775422334,dds26-team9-orchestrator-worker-8,32.87%,35.55MiB / 512MiB,47.8MB / 78.8MB
1775422334,dds26-team9-orchestrator-worker-19,32.27%,33.53MiB / 512MiB,47.6MB / 78.7MB
1775422334,dds26-team9-orchestrator-worker-10,33.73%,33.55MiB / 512MiB,47.6MB / 78.7MB
1775422334,dds26-team9-orchestrator-worker-18,31.69%,35.57MiB / 512MiB,47.7MB / 78.7MB
1775422334,dds26-team9-orchestrator-worker-2,31.04%,33.56MiB / 512MiB,47.6MB / 78.6MB
1775422334,dds26-team9-orchestrator-worker-11,32.52%,33.33MiB / 512MiB,47.7MB / 78.7MB
1775422334,dds26-team9-orchestrator-worker-12,32.78%,35.5MiB / 512MiB,47.4MB / 78.4MB
1775422334,dds26-team9-orchestrator-worker-4,31.84%,35.55MiB / 512MiB,47.5MB / 78.6MB
1775422334,dds26-team9-orchestrator-worker-9,32.38%,33.31MiB / 512MiB,47.4MB / 78.4MB
1775422334,dds26-team9-stock-worker-7,25.78%,33.71MiB / 512MiB,36.2MB / 50.8MB
1775422334,dds26-team9-stock-web-1,0.59%,217.8MiB / 512MiB,23.1kB / 6.02kB
1775422334,dds26-team9-stock-worker-1,25.34%,35.88MiB / 512MiB,36.3MB / 51MB
1775422334,dds26-team9-stock-worker-3,28.24%,33.43MiB / 512MiB,35.9MB / 50.5MB
1775422334,dds26-team9-orchestrator-worker-5,32.42%,35.29MiB / 512MiB,47.7MB / 78.7MB
1775422334,dds26-team9-stock-worker-6,27.15%,35.67MiB / 512MiB,36.3MB / 50.9MB
1775422334,dds26-team9-stock-web-3,0.55%,212.6MiB / 512MiB,22.9kB / 6.55kB
1775422334,dds26-team9-stock-web-2,0.62%,212.6MiB / 512MiB,21.2kB / 6.55kB
1775422334,dds26-team9-stock-worker-2,26.73%,33.66MiB / 512MiB,36MB / 50.6MB
1775422334,dds26-team9-stock-worker-5,25.27%,35.68MiB / 512MiB,36.4MB / 51MB
1775422334,dds26-team9-stock-web-4,8.45%,226.1MiB / 512MiB,23.7kB / 3.7MB
1775422334,dds26-team9-stock-worker-8,26.13%,35.64MiB / 512MiB,36.4MB / 51.1MB
1775422334,dds26-team9-stock-worker-4,25.37%,35.48MiB / 512MiB,36.3MB / 50.9MB
1775422334,dds26-team9-user-worker-4,38.38%,35.56MiB / 512MiB,62MB / 81.6MB
1775422334,dds26-team9-user-web-2,0.57%,218.3MiB / 512MiB,23.3kB / 6.69kB
1775422334,dds26-team9-user-worker-2,37.30%,33.59MiB / 512MiB,62.3MB / 82MB
1775422334,dds26-team9-user-worker-3,35.41%,35.57MiB / 512MiB,62MB / 81.6MB
1775422334,dds26-team9-user-worker-1,36.65%,36.02MiB / 512MiB,62.2MB / 81.9MB
1775422334,dds26-team9-user-web-4,0.53%,212.3MiB / 512MiB,22.2kB / 6.62kB
1775422334,dds26-team9-user-web-3,0.60%,224.6MiB / 512MiB,23.2kB / 3.1MB
1775422334,dds26-team9-user-web-1,8.31%,211.7MiB / 512MiB,20kB / 7.09kB
1775422334,dds26-team9-redis-stock-1,7.42%,29MiB / 512MiB,50.4MB / 62.5MB
1775422334,dds26-team9-redis-payment-1,5.19%,28.83MiB / 512MiB,47.4MB / 59.3MB
1775422334,dds26-team9-redis-order-1,43.95%,34.27MiB / 512MiB,710MB / 874MB
1775422334,dds26-team9-redis-orchestrator-1,28.11%,35.51MiB / 512MiB,752MB / 498MB
1775422334,dds26-team9-redis-bus-1,168.90%,37.51MiB / 2GiB,2.34GB / 1.32GB
1775422337,dds26-team9-gateway-1,22.77%,125.2MiB / 354.3GiB,408MB / 354MB
1775422337,dds26-team9-order-worker-5,21.90%,35.56MiB / 512MiB,34.1MB / 44.4MB
1775422337,dds26-team9-order-worker-3,22.36%,34.24MiB / 512MiB,34.1MB / 44.5MB
1775422337,dds26-team9-order-web-14,30.80%,262.2MiB / 1GiB,39.2MB / 40.6MB
1775422337,dds26-team9-order-web-7,30.95%,256.7MiB / 1GiB,39.2MB / 40.6MB
1775422337,dds26-team9-order-web-15,30.31%,274.4MiB / 1GiB,39.2MB / 52.1MB
1775422337,dds26-team9-order-web-24,29.64%,258.8MiB / 1GiB,39.2MB / 40.6MB
1775422337,dds26-team9-order-worker-2,21.49%,35.99MiB / 512MiB,34.2MB / 44.5MB
1775422337,dds26-team9-order-worker-7,21.76%,36.05MiB / 512MiB,34.2MB / 44.6MB
1775422337,dds26-team9-order-web-1,30.16%,255MiB / 1GiB,39.2MB / 40.7MB
1775422337,dds26-team9-order-web-18,30.10%,258.7MiB / 1GiB,39.2MB / 40.5MB
1775422337,dds26-team9-order-web-13,29.87%,254.8MiB / 1GiB,39.2MB / 40.6MB
1775422337,dds26-team9-order-web-23,30.16%,258.4MiB / 1GiB,39.2MB / 40.6MB
1775422337,dds26-team9-order-worker-6,22.11%,35.99MiB / 512MiB,34.2MB / 44.5MB
1775422337,dds26-team9-order-web-17,31.15%,254.4MiB / 1GiB,39.2MB / 40.5MB
1775422337,dds26-team9-order-web-6,35.06%,254.5MiB / 1GiB,39.2MB / 40.6MB
1775422337,dds26-team9-order-web-8,39.53%,257.3MiB / 1GiB,39.3MB / 40.7MB
1775422337,dds26-team9-order-web-12,37.52%,254.3MiB / 1GiB,39.2MB / 40.5MB
1775422337,dds26-team9-order-web-5,36.36%,254.2MiB / 1GiB,39.2MB / 40.5MB
1775422337,dds26-team9-order-web-9,37.55%,255.1MiB / 1GiB,39.2MB / 40.6MB
1775422337,dds26-team9-order-web-11,30.57%,255.1MiB / 1GiB,39.2MB / 40.7MB
1775422337,dds26-team9-order-worker-1,21.51%,36.27MiB / 512MiB,34.1MB / 44.5MB
1775422337,dds26-team9-order-web-19,29.58%,258.4MiB / 1GiB,39.3MB / 40.7MB
1775422337,dds26-team9-order-web-16,29.96%,257.6MiB / 1GiB,39.2MB / 40.6MB
1775422337,dds26-team9-order-web-4,28.76%,263.1MiB / 1GiB,39.3MB / 40.6MB
1775422337,dds26-team9-order-web-22,30.46%,258.6MiB / 1GiB,39.2MB / 40.7MB
1775422337,dds26-team9-order-web-21,29.64%,256.4MiB / 1GiB,39.2MB / 40.7MB
1775422337,dds26-team9-orchestrator-worker-25,31.92%,37.39MiB / 512MiB,48.4MB / 79.9MB
1775422337,dds26-team9-order-web-3,30.99%,254.3MiB / 1GiB,39.2MB / 40.7MB
1775422337,dds26-team9-order-web-20,29.93%,254MiB / 1GiB,39.2MB / 40.6MB
1775422337,dds26-team9-order-web-2,30.45%,254.1MiB / 1GiB,39.3MB / 40.7MB
1775422337,dds26-team9-orchestrator-worker-24,33.72%,33.44MiB / 512MiB,48.5MB / 80.1MB
1775422337,dds26-team9-order-worker-4,21.82%,34.27MiB / 512MiB,34.1MB / 44.4MB
1775422337,dds26-team9-orchestrator-worker-1,34.20%,33.53MiB / 512MiB,48.3MB / 79.8MB
1775422337,dds26-team9-orchestrator-worker-17,32.70%,35.3MiB / 512MiB,48.3MB / 79.8MB
1775422337,dds26-team9-orchestrator-worker-3,32.82%,35.27MiB / 512MiB,48.4MB / 79.9MB
1775422337,dds26-team9-orchestrator-worker-14,32.35%,35.29MiB / 512MiB,48.4MB / 80MB
1775422337,dds26-team9-orchestrator-worker-21,33.46%,35.57MiB / 512MiB,48.5MB / 80.1MB
1775422337,dds26-team9-order-web-25,30.49%,254.2MiB / 1GiB,39.2MB / 40.6MB
1775422337,dds26-team9-orchestrator-worker-7,33.94%,35.33MiB / 512MiB,48.3MB / 79.8MB
1775422337,dds26-team9-order-web-10,32.34%,254.5MiB / 1GiB,39.2MB / 40.6MB
1775422337,dds26-team9-orchestrator-worker-16,32.32%,35.49MiB / 512MiB,48.6MB / 80MB
1775422337,dds26-team9-orchestrator-worker-6,34.95%,35.28MiB / 512MiB,48.3MB / 79.8MB
1775422337,dds26-team9-orchestrator-worker-23,34.32%,33.55MiB / 512MiB,48.3MB / 79.8MB
1775422337,dds26-team9-orchestrator-worker-20,33.42%,35.37MiB / 512MiB,48.5MB / 80.1MB
1775422337,dds26-team9-order-worker-8,21.83%,34.14MiB / 512MiB,34.2MB / 44.5MB
1775422337,dds26-team9-orchestrator-worker-15,32.88%,35.55MiB / 512MiB,48.2MB / 79.7MB
1775422337,dds26-team9-orchestrator-worker-22,33.94%,33.31MiB / 512MiB,48.2MB / 79.8MB
1775422337,dds26-team9-orchestrator-worker-13,34.40%,35.52MiB / 512MiB,48.4MB / 79.8MB
1775422337,dds26-team9-orchestrator-worker-8,33.04%,35.52MiB / 512MiB,48.5MB / 80.1MB
1775422337,dds26-team9-orchestrator-worker-19,33.78%,33.53MiB / 512MiB,48.4MB / 80MB
1775422337,dds26-team9-orchestrator-worker-10,32.64%,33.54MiB / 512MiB,48.4MB / 80MB
1775422337,dds26-team9-orchestrator-worker-18,32.64%,35.59MiB / 512MiB,48.5MB / 80MB
1775422337,dds26-team9-orchestrator-worker-2,34.20%,33.55MiB / 512MiB,48.4MB / 79.9MB
1775422337,dds26-team9-orchestrator-worker-11,33.29%,33.57MiB / 512MiB,48.4MB / 80MB
1775422337,dds26-team9-orchestrator-worker-12,33.67%,35.55MiB / 512MiB,48.2MB / 79.7MB
1775422337,dds26-team9-orchestrator-worker-4,32.65%,35.52MiB / 512MiB,48.3MB / 79.9MB
1775422337,dds26-team9-orchestrator-worker-9,33.49%,33.53MiB / 512MiB,48.2MB / 79.8MB
1775422337,dds26-team9-stock-worker-7,26.57%,33.46MiB / 512MiB,36.8MB / 51.7MB
1775422337,dds26-team9-stock-web-1,0.51%,217.8MiB / 512MiB,23.1kB / 6.02kB
1775422337,dds26-team9-stock-worker-1,26.38%,35.39MiB / 512MiB,36.9MB / 51.8MB
1775422337,dds26-team9-stock-worker-3,26.26%,33.43MiB / 512MiB,36.5MB / 51.4MB
1775422337,dds26-team9-orchestrator-worker-5,33.81%,35.52MiB / 512MiB,48.5MB / 80MB
1775422337,dds26-team9-stock-worker-6,26.25%,35.7MiB / 512MiB,36.9MB / 51.8MB
1775422337,dds26-team9-stock-web-3,0.54%,212.6MiB / 512MiB,22.9kB / 6.55kB
1775422337,dds26-team9-stock-web-2,0.58%,212.6MiB / 512MiB,21.2kB / 6.55kB
1775422337,dds26-team9-stock-worker-2,28.45%,33.44MiB / 512MiB,36.6MB / 51.4MB
1775422337,dds26-team9-stock-worker-5,26.96%,35.44MiB / 512MiB,37MB / 51.9MB
1775422337,dds26-team9-stock-web-4,0.56%,226.1MiB / 512MiB,23.7kB / 3.7MB
1775422337,dds26-team9-stock-worker-8,25.39%,35.39MiB / 512MiB,37MB / 52MB
1775422337,dds26-team9-stock-worker-4,26.77%,35.48MiB / 512MiB,36.9MB / 51.8MB
1775422337,dds26-team9-user-worker-4,39.19%,35.56MiB / 512MiB,63.1MB / 83MB
1775422337,dds26-team9-user-web-2,0.55%,218.3MiB / 512MiB,23.3kB / 6.69kB
1775422337,dds26-team9-user-worker-2,38.25%,33.82MiB / 512MiB,63.3MB / 83.4MB
1775422337,dds26-team9-user-worker-3,36.27%,35.77MiB / 512MiB,63MB / 83MB
1775422337,dds26-team9-user-worker-1,38.15%,35.77MiB / 512MiB,63.3MB / 83.3MB
1775422337,dds26-team9-user-web-4,0.55%,212.3MiB / 512MiB,22.2kB / 6.62kB
1775422337,dds26-team9-user-web-3,0.55%,224.6MiB / 512MiB,23.2kB / 3.1MB
1775422337,dds26-team9-user-web-1,0.55%,211.7MiB / 512MiB,20kB / 7.09kB
1775422337,dds26-team9-redis-stock-1,5.37%,29.02MiB / 512MiB,51.2MB / 63.6MB
1775422337,dds26-team9-redis-payment-1,5.20%,28.83MiB / 512MiB,48.1MB / 60.3MB
1775422337,dds26-team9-redis-order-1,41.53%,33.46MiB / 512MiB,722MB / 890MB
1775422337,dds26-team9-redis-orchestrator-1,28.35%,35.46MiB / 512MiB,765MB / 506MB
1775422337,dds26-team9-redis-bus-1,168.70%,37.52MiB / 2GiB,2.38GB / 1.35GB
1775422341,dds26-team9-gateway-1,22.83%,124.4MiB / 354.3GiB,419MB / 363MB
1775422341,dds26-team9-order-worker-5,22.29%,35.43MiB / 512MiB,34.7MB / 45.1MB
1775422341,dds26-team9-order-worker-3,22.38%,34.04MiB / 512MiB,34.7MB / 45.2MB
1775422341,dds26-team9-order-web-14,31.43%,263.9MiB / 1GiB,39.9MB / 41.4MB
1775422341,dds26-team9-order-web-7,31.35%,256.7MiB / 1GiB,40MB / 41.4MB
1775422341,dds26-team9-order-web-15,30.55%,274.5MiB / 1GiB,40MB / 52.8MB
1775422341,dds26-team9-order-web-24,31.61%,258.8MiB / 1GiB,40MB / 41.3MB
1775422341,dds26-team9-order-worker-2,21.49%,36.48MiB / 512MiB,34.7MB / 45.3MB
1775422341,dds26-team9-order-worker-7,21.85%,36.28MiB / 512MiB,34.6MB / 45.1MB
1775422341,dds26-team9-order-web-1,30.61%,254.5MiB / 1GiB,39.9MB / 41.4MB
1775422341,dds26-team9-order-web-18,29.64%,258.8MiB / 1GiB,40MB / 41.2MB
1775422341,dds26-team9-order-web-13,30.60%,254.3MiB / 1GiB,40MB / 41.3MB
1775422341,dds26-team9-order-web-23,28.92%,258.4MiB / 1GiB,40MB / 41.3MB
1775422341,dds26-team9-order-worker-6,20.38%,35.99MiB / 512MiB,34.7MB / 45.2MB
1775422341,dds26-team9-order-web-17,30.94%,254.4MiB / 1GiB,40MB / 41.2MB
1775422341,dds26-team9-order-web-6,29.14%,254.5MiB / 1GiB,39.9MB / 41.3MB
1775422341,dds26-team9-order-web-8,32.80%,257MiB / 1GiB,40MB / 41.5MB
1775422341,dds26-team9-order-web-12,29.12%,254.4MiB / 1GiB,40MB / 41.3MB
1775422341,dds26-team9-order-web-5,30.64%,254.3MiB / 1GiB,39.9MB / 41.2MB
1775422341,dds26-team9-order-web-9,30.81%,255.2MiB / 1GiB,40MB / 41.3MB
1775422341,dds26-team9-order-web-11,31.22%,255.1MiB / 1GiB,40MB / 41.5MB
1775422341,dds26-team9-order-worker-1,21.32%,36.03MiB / 512MiB,34.7MB / 45.2MB
1775422341,dds26-team9-order-web-19,31.22%,258.4MiB / 1GiB,40MB / 41.4MB
1775422341,dds26-team9-order-web-16,29.69%,257.6MiB / 1GiB,40MB / 41.4MB
1775422341,dds26-team9-order-web-4,30.88%,262.9MiB / 1GiB,40MB / 41.3MB
1775422341,dds26-team9-order-web-22,30.17%,258.6MiB / 1GiB,40MB / 41.4MB
1775422341,dds26-team9-order-web-21,29.02%,256.4MiB / 1GiB,39.9MB / 41.4MB
1775422341,dds26-team9-orchestrator-worker-25,34.52%,37.48MiB / 512MiB,49.2MB / 81.3MB
1775422341,dds26-team9-order-web-3,30.79%,254.3MiB / 1GiB,40MB / 41.4MB
1775422341,dds26-team9-order-web-20,29.22%,253.8MiB / 1GiB,40MB / 41.3MB
1775422341,dds26-team9-order-web-2,35.89%,254.4MiB / 1GiB,40MB / 41.4MB
1775422341,dds26-team9-orchestrator-worker-24,34.55%,33.49MiB / 512MiB,49.3MB / 81.4MB
1775422341,dds26-team9-order-worker-4,21.24%,34.05MiB / 512MiB,34.7MB / 45.2MB
1775422341,dds26-team9-orchestrator-worker-1,32.71%,33.4MiB / 512MiB,49.1MB / 81.1MB
1775422341,dds26-team9-orchestrator-worker-17,31.77%,35.31MiB / 512MiB,49.1MB / 81.2MB
1775422341,dds26-team9-orchestrator-worker-3,32.75%,35.27MiB / 512MiB,49.2MB / 81.3MB
1775422341,dds26-team9-orchestrator-worker-14,33.44%,35.28MiB / 512MiB,49.2MB / 81.3MB
1775422341,dds26-team9-orchestrator-worker-21,31.92%,35.53MiB / 512MiB,49.3MB / 81.4MB
1775422341,dds26-team9-order-web-25,38.31%,254.3MiB / 1GiB,40MB / 41.3MB
1775422341,dds26-team9-orchestrator-worker-7,32.83%,35.57MiB / 512MiB,49.1MB / 81.1MB
1775422341,dds26-team9-order-web-10,37.09%,254.5MiB / 1GiB,40MB / 41.4MB
1775422341,dds26-team9-orchestrator-worker-16,32.30%,35.47MiB / 512MiB,49.4MB / 81.4MB
1775422341,dds26-team9-orchestrator-worker-6,33.68%,35.43MiB / 512MiB,49.1MB / 81.1MB
1775422341,dds26-team9-orchestrator-worker-23,33.22%,33.58MiB / 512MiB,49.1MB / 81.1MB
1775422341,dds26-team9-orchestrator-worker-20,32.87%,35.61MiB / 512MiB,49.3MB / 81.4MB
1775422341,dds26-team9-order-worker-8,21.87%,34.3MiB / 512MiB,34.7MB / 45.2MB
1775422341,dds26-team9-orchestrator-worker-15,32.97%,35.54MiB / 512MiB,49MB / 81MB
1775422341,dds26-team9-orchestrator-worker-22,33.04%,33.53MiB / 512MiB,49.1MB / 81.1MB
1775422341,dds26-team9-orchestrator-worker-13,33.27%,35.28MiB / 512MiB,49.2MB / 81.2MB
1775422341,dds26-team9-orchestrator-worker-8,31.64%,35.32MiB / 512MiB,49.3MB / 81.5MB
1775422341,dds26-team9-orchestrator-worker-19,32.63%,33.77MiB / 512MiB,49.2MB / 81.4MB
1775422341,dds26-team9-orchestrator-worker-10,32.87%,33.77MiB / 512MiB,49.2MB / 81.3MB
1775422341,dds26-team9-orchestrator-worker-18,32.91%,35.59MiB / 512MiB,49.3MB / 81.3MB
1775422341,dds26-team9-orchestrator-worker-2,34.98%,33.31MiB / 512MiB,49.2MB / 81.2MB
1775422341,dds26-team9-orchestrator-worker-11,33.56%,33.56MiB / 512MiB,49.3MB / 81.3MB
1775422341,dds26-team9-orchestrator-worker-12,33.30%,35.52MiB / 512MiB,49MB / 81.1MB
1775422341,dds26-team9-orchestrator-worker-4,32.55%,35.3MiB / 512MiB,49.2MB / 81.3MB
1775422341,dds26-team9-orchestrator-worker-9,32.66%,33.48MiB / 512MiB,49MB / 81.1MB
1775422341,dds26-team9-stock-worker-7,28.28%,33.7MiB / 512MiB,37.4MB / 52.5MB
1775422341,dds26-team9-stock-web-1,0.53%,217.8MiB / 512MiB,23.1kB / 6.02kB
1775422341,dds26-team9-stock-worker-1,25.60%,35.63MiB / 512MiB,37.5MB / 52.7MB
1775422341,dds26-team9-stock-worker-3,27.17%,33.43MiB / 512MiB,37.1MB / 52.2MB
1775422341,dds26-team9-orchestrator-worker-5,32.08%,35.29MiB / 512MiB,49.3MB / 81.3MB
1775422341,dds26-team9-stock-worker-6,26.72%,35.7MiB / 512MiB,37.5MB / 52.6MB
1775422341,dds26-team9-stock-web-3,0.55%,212.6MiB / 512MiB,22.9kB / 6.55kB
1775422341,dds26-team9-stock-web-2,0.59%,212.6MiB / 512MiB,21.2kB / 6.55kB
1775422341,dds26-team9-stock-worker-2,27.58%,33.65MiB / 512MiB,37.2MB / 52.3MB
1775422341,dds26-team9-stock-worker-5,25.73%,35.44MiB / 512MiB,37.6MB / 52.8MB
1775422341,dds26-team9-stock-web-4,0.55%,226.1MiB / 512MiB,23.7kB / 3.7MB
1775422341,dds26-team9-stock-worker-8,25.41%,35.39MiB / 512MiB,37.7MB / 52.9MB
1775422341,dds26-team9-stock-worker-4,25.97%,35.67MiB / 512MiB,37.5MB / 52.6MB
1775422341,dds26-team9-user-worker-4,37.77%,35.75MiB / 512MiB,64.1MB / 84.3MB
1775422341,dds26-team9-user-web-2,2.30%,220.9MiB / 512MiB,23.3kB / 6.69kB
1775422341,dds26-team9-user-worker-2,37.82%,33.59MiB / 512MiB,64.4MB / 84.7MB
1775422341,dds26-team9-user-worker-3,35.96%,35.57MiB / 512MiB,64.1MB / 84.3MB
1775422341,dds26-team9-user-worker-1,37.03%,35.78MiB / 512MiB,64.3MB / 84.7MB
1775422341,dds26-team9-user-web-4,0.52%,212.3MiB / 512MiB,22.2kB / 6.62kB
1775422341,dds26-team9-user-web-3,0.56%,224.6MiB / 512MiB,23.2kB / 3.1MB
1775422341,dds26-team9-user-web-1,0.55%,211.7MiB / 512MiB,20kB / 7.09kB
1775422341,dds26-team9-redis-stock-1,7.49%,29.01MiB / 512MiB,52MB / 64.6MB
1775422341,dds26-team9-redis-payment-1,7.11%,28.84MiB / 512MiB,48.9MB / 61.3MB
1775422341,dds26-team9-redis-order-1,43.77%,33.5MiB / 512MiB,736MB / 908MB
1775422341,dds26-team9-redis-orchestrator-1,30.14%,35.53MiB / 512MiB,778MB / 515MB
1775422341,dds26-team9-redis-bus-1,169.91%,37.07MiB / 2GiB,2.42GB / 1.37GB
1775422344,dds26-team9-gateway-1,24.73%,125MiB / 354.3GiB,426MB / 369MB
1775422344,dds26-team9-order-worker-5,22.61%,35.43MiB / 512MiB,35.2MB / 45.8MB
1775422344,dds26-team9-order-worker-3,22.25%,34.04MiB / 512MiB,35.3MB / 45.9MB
1775422344,dds26-team9-order-web-14,31.13%,264.2MiB / 1GiB,40.4MB / 41.8MB
1775422344,dds26-team9-order-web-7,30.24%,256.7MiB / 1GiB,40.7MB / 42.1MB
1775422344,dds26-team9-order-web-15,31.39%,274.5MiB / 1GiB,40.7MB / 53.5MB
1775422344,dds26-team9-order-web-24,39.41%,258.8MiB / 1GiB,40.7MB / 42MB
1775422344,dds26-team9-order-worker-2,20.52%,36.16MiB / 512MiB,35.3MB / 46MB
1775422344,dds26-team9-order-worker-7,21.80%,36.05MiB / 512MiB,35.3MB / 46MB
1775422344,dds26-team9-order-web-1,30.21%,254.6MiB / 1GiB,40.7MB / 42.1MB
1775422344,dds26-team9-order-web-18,31.58%,258.6MiB / 1GiB,40.7MB / 41.9MB
1775422344,dds26-team9-order-web-13,30.64%,254.3MiB / 1GiB,40.7MB / 42MB
1775422344,dds26-team9-order-web-23,31.73%,258.4MiB / 1GiB,40.7MB / 42MB
1775422344,dds26-team9-order-worker-6,20.91%,35.99MiB / 512MiB,35.3MB / 45.9MB
1775422344,dds26-team9-order-web-17,30.26%,254.1MiB / 1GiB,40.7MB / 41.9MB
1775422344,dds26-team9-order-web-6,30.22%,254.6MiB / 1GiB,40.7MB / 42MB
1775422344,dds26-team9-order-web-8,31.96%,257MiB / 1GiB,40.8MB / 42.2MB
1775422344,dds26-team9-order-web-12,29.13%,254.1MiB / 1GiB,40.7MB / 42MB
1775422344,dds26-team9-order-web-5,30.13%,254.3MiB / 1GiB,40.6MB / 41.9MB
1775422344,dds26-team9-order-web-9,31.38%,255.2MiB / 1GiB,40.7MB / 42MB
1775422344,dds26-team9-order-web-11,32.23%,255.1MiB / 1GiB,40.7MB / 42.2MB
1775422344,dds26-team9-order-worker-1,21.87%,36.27MiB / 512MiB,35.2MB / 45.9MB
1775422344,dds26-team9-order-web-19,31.02%,258.6MiB / 1GiB,40.8MB / 42.2MB
1775422344,dds26-team9-order-web-16,30.02%,257.6MiB / 1GiB,40.7MB / 42.1MB
1775422344,dds26-team9-order-web-4,29.21%,262.9MiB / 1GiB,40.8MB / 42MB
1775422344,dds26-team9-order-web-22,32.15%,258.7MiB / 1GiB,40.7MB / 42.1MB
1775422344,dds26-team9-order-web-21,31.78%,256.4MiB / 1GiB,40.7MB / 42.1MB
1775422344,dds26-team9-orchestrator-worker-25,33.00%,37.51MiB / 512MiB,50MB / 82.5MB
1775422344,dds26-team9-order-web-3,30.06%,254.6MiB / 1GiB,40.7MB / 42.1MB
1775422344,dds26-team9-order-web-20,30.57%,253.8MiB / 1GiB,40.7MB / 42MB
1775422344,dds26-team9-order-web-2,31.04%,254.1MiB / 1GiB,40.7MB / 42.1MB
1775422344,dds26-team9-orchestrator-worker-24,34.79%,33.47MiB / 512MiB,50.1MB / 82.7MB
1775422344,dds26-team9-order-worker-4,20.66%,34.05MiB / 512MiB,35.2MB / 45.9MB
1775422344,dds26-team9-orchestrator-worker-1,35.14%,33.67MiB / 512MiB,49.8MB / 82.4MB
1775422344,dds26-team9-orchestrator-worker-17,32.44%,35.55MiB / 512MiB,49.9MB / 82.5MB
1775422344,dds26-team9-orchestrator-worker-3,33.25%,35.27MiB / 512MiB,50MB / 82.6MB
1775422344,dds26-team9-orchestrator-worker-14,31.82%,35.28MiB / 512MiB,50MB / 82.6MB
1775422344,dds26-team9-orchestrator-worker-21,31.91%,35.77MiB / 512MiB,50MB / 82.7MB
1775422344,dds26-team9-order-web-25,31.13%,254.3MiB / 1GiB,40.7MB / 42MB
1775422344,dds26-team9-orchestrator-worker-7,32.85%,35.33MiB / 512MiB,49.9MB / 82.4MB
1775422344,dds26-team9-order-web-10,30.99%,254.7MiB / 1GiB,40.7MB / 42.1MB
1775422344,dds26-team9-orchestrator-worker-16,34.05%,35.25MiB / 512MiB,50.2MB / 82.7MB
1775422344,dds26-team9-orchestrator-worker-6,34.85%,35.44MiB / 512MiB,49.9MB / 82.5MB
1775422344,dds26-team9-orchestrator-worker-23,34.16%,33.57MiB / 512MiB,49.9MB / 82.4MB
1775422344,dds26-team9-orchestrator-worker-20,33.01%,35.56MiB / 512MiB,50.1MB / 82.7MB
1775422344,dds26-team9-order-worker-8,22.75%,34.07MiB / 512MiB,35.3MB / 45.9MB
1775422344,dds26-team9-orchestrator-worker-15,33.35%,35.32MiB / 512MiB,49.8MB / 82.4MB
1775422344,dds26-team9-orchestrator-worker-22,32.92%,33.51MiB / 512MiB,49.8MB / 82.4MB
1775422344,dds26-team9-orchestrator-worker-13,33.62%,35.28MiB / 512MiB,50MB / 82.5MB
1775422344,dds26-team9-orchestrator-worker-8,32.43%,35.54MiB / 512MiB,50.1MB / 82.7MB
1775422344,dds26-team9-orchestrator-worker-19,32.42%,33.53MiB / 512MiB,50MB / 82.6MB
1775422344,dds26-team9-orchestrator-worker-10,32.57%,33.56MiB / 512MiB,50MB / 82.6MB
1775422344,dds26-team9-orchestrator-worker-18,32.32%,35.46MiB / 512MiB,50MB / 82.6MB
1775422344,dds26-team9-orchestrator-worker-2,33.87%,33.53MiB / 512MiB,50MB / 82.6MB
1775422344,dds26-team9-orchestrator-worker-11,32.86%,33.33MiB / 512MiB,50.1MB / 82.6MB
1775422344,dds26-team9-orchestrator-worker-12,32.18%,35.32MiB / 512MiB,49.8MB / 82.3MB
1775422344,dds26-team9-orchestrator-worker-4,31.74%,35.8MiB / 512MiB,49.9MB / 82.5MB
1775422344,dds26-team9-orchestrator-worker-9,32.66%,33.31MiB / 512MiB,49.8MB / 82.4MB
1775422344,dds26-team9-stock-worker-7,27.23%,33.87MiB / 512MiB,38MB / 53.4MB
1775422344,dds26-team9-stock-web-1,0.56%,217.8MiB / 512MiB,23.2kB / 6.16kB
1775422344,dds26-team9-stock-worker-1,25.94%,35.39MiB / 512MiB,38.1MB / 53.5MB
1775422344,dds26-team9-stock-worker-3,27.34%,33.43MiB / 512MiB,37.7MB / 53.1MB
1775422344,dds26-team9-orchestrator-worker-5,31.45%,35.29MiB / 512MiB,50.1MB / 82.6MB
1775422344,dds26-team9-stock-worker-6,26.62%,35.69MiB / 512MiB,38.1MB / 53.5MB
1775422344,dds26-team9-stock-web-3,0.56%,212.6MiB / 512MiB,23kB / 6.7kB
1775422344,dds26-team9-stock-web-2,0.58%,212.6MiB / 512MiB,21.3kB / 6.7kB
1775422344,dds26-team9-stock-worker-2,26.78%,33.68MiB / 512MiB,37.7MB / 53.1MB
1775422344,dds26-team9-stock-worker-5,25.46%,35.44MiB / 512MiB,38.2MB / 53.6MB
1775422344,dds26-team9-stock-web-4,7.15%,226.1MiB / 512MiB,23.8kB / 3.7MB
1775422344,dds26-team9-stock-worker-8,26.65%,35.39MiB / 512MiB,38.3MB / 53.7MB
1775422344,dds26-team9-stock-worker-4,26.88%,35.7MiB / 512MiB,38.1MB / 53.5MB
1775422344,dds26-team9-user-worker-4,38.97%,35.56MiB / 512MiB,65.1MB / 85.7MB
1775422344,dds26-team9-user-web-2,0.58%,218.3MiB / 512MiB,23.4kB / 6.83kB
1775422344,dds26-team9-user-worker-2,36.99%,33.79MiB / 512MiB,65.4MB / 86.1MB
1775422344,dds26-team9-user-worker-3,35.40%,35.77MiB / 512MiB,65.1MB / 85.7MB
1775422344,dds26-team9-user-worker-1,36.31%,35.82MiB / 512MiB,65.4MB / 86MB
1775422344,dds26-team9-user-web-4,0.54%,212.3MiB / 512MiB,22.2kB / 6.77kB
1775422344,dds26-team9-user-web-3,0.56%,224.6MiB / 512MiB,23.3kB / 3.1MB
1775422344,dds26-team9-user-web-1,7.55%,211.7MiB / 512MiB,20.1kB / 7.24kB
1775422344,dds26-team9-redis-stock-1,5.11%,29.01MiB / 512MiB,52.8MB / 65.7MB
1775422344,dds26-team9-redis-payment-1,5.15%,28.84MiB / 512MiB,49.6MB / 62.3MB
1775422344,dds26-team9-redis-order-1,42.09%,33.89MiB / 512MiB,748MB / 924MB
1775422344,dds26-team9-redis-orchestrator-1,27.87%,35.55MiB / 512MiB,790MB / 523MB
1775422344,dds26-team9-redis-bus-1,167.28%,38.57MiB / 2GiB,2.45GB / 1.39GB
1775422347,dds26-team9-gateway-1,22.38%,124.2MiB / 354.3GiB,431MB / 373MB
1775422347,dds26-team9-order-worker-5,21.46%,35.43MiB / 512MiB,35.7MB / 46.5MB
1775422347,dds26-team9-order-worker-3,21.87%,34.04MiB / 512MiB,35.8MB / 46.6MB
1775422347,dds26-team9-order-web-14,29.18%,264MiB / 1GiB,41.4MB / 42.8MB
1775422347,dds26-team9-order-web-7,33.74%,256.9MiB / 1GiB,41.4MB / 42.8MB
1775422347,dds26-team9-order-web-15,31.88%,274.5MiB / 1GiB,41.4MB / 54.2MB
1775422347,dds26-team9-order-web-24,30.02%,258.8MiB / 1GiB,41.4MB / 42.7MB
1775422347,dds26-team9-order-worker-2,20.99%,36.18MiB / 512MiB,35.8MB / 46.6MB
1775422347,dds26-team9-order-worker-7,21.32%,36.05MiB / 512MiB,35.9MB / 46.7MB
1775422347,dds26-team9-order-web-1,28.38%,254.6MiB / 1GiB,41.4MB / 42.8MB
1775422347,dds26-team9-order-web-18,30.40%,258.6MiB / 1GiB,41.4MB / 42.6MB
1775422347,dds26-team9-order-web-13,30.14%,254.6MiB / 1GiB,41.4MB / 42.7MB
1775422347,dds26-team9-order-web-23,30.42%,258.5MiB / 1GiB,41.4MB / 42.7MB
1775422347,dds26-team9-order-worker-6,21.10%,36.19MiB / 512MiB,35.8MB / 46.6MB
1775422347,dds26-team9-order-web-17,28.67%,254.4MiB / 1GiB,41.4MB / 42.6MB
1775422347,dds26-team9-order-web-6,36.44%,254.9MiB / 1GiB,41.4MB / 42.7MB
1775422347,dds26-team9-order-web-8,40.73%,257MiB / 1GiB,41.5MB / 42.9MB
1775422347,dds26-team9-order-web-12,35.24%,254.6MiB / 1GiB,41.4MB / 42.7MB
1775422347,dds26-team9-order-web-5,37.12%,254.6MiB / 1GiB,41.4MB / 42.7MB
1775422347,dds26-team9-order-web-9,34.60%,265MiB / 1GiB,41.4MB / 42.7MB
1775422347,dds26-team9-order-web-11,29.47%,255.3MiB / 1GiB,41.4MB / 42.9MB
1775422347,dds26-team9-order-worker-1,21.66%,36.03MiB / 512MiB,35.8MB / 46.6MB
1775422347,dds26-team9-order-web-19,30.30%,258.6MiB / 1GiB,41.5MB / 42.9MB
1775422347,dds26-team9-order-web-16,29.18%,257.6MiB / 1GiB,41.4MB / 42.8MB
1775422347,dds26-team9-order-web-4,30.56%,262.9MiB / 1GiB,41.5MB / 42.7MB
1775422347,dds26-team9-order-web-22,30.38%,258.6MiB / 1GiB,41.4MB / 42.8MB
1775422347,dds26-team9-order-web-21,29.57%,256.7MiB / 1GiB,41.4MB / 42.8MB
1775422347,dds26-team9-orchestrator-worker-25,32.46%,37.51MiB / 512MiB,50.8MB / 83.9MB
1775422347,dds26-team9-order-web-3,30.99%,254.3MiB / 1GiB,41.4MB / 42.8MB
1775422347,dds26-team9-order-web-20,29.33%,253.9MiB / 1GiB,41.4MB / 42.7MB
1775422347,dds26-team9-order-web-2,28.00%,254.4MiB / 1GiB,41.4MB / 42.8MB
1775422347,dds26-team9-orchestrator-worker-24,33.03%,33.32MiB / 512MiB,50.9MB / 84MB
1775422347,dds26-team9-order-worker-4,20.79%,34.3MiB / 512MiB,35.8MB / 46.6MB
1775422347,dds26-team9-orchestrator-worker-1,32.39%,33.55MiB / 512MiB,50.6MB / 83.6MB
1775422347,dds26-team9-orchestrator-worker-17,31.53%,35.5MiB / 512MiB,50.7MB / 83.8MB
1775422347,dds26-team9-orchestrator-worker-3,31.55%,35.5MiB / 512MiB,50.8MB / 83.9MB
1775422347,dds26-team9-orchestrator-worker-14,31.58%,35.64MiB / 512MiB,50.8MB / 83.9MB
1775422347,dds26-team9-orchestrator-worker-21,32.48%,35.47MiB / 512MiB,50.8MB / 83.9MB
1775422347,dds26-team9-order-web-25,28.56%,254.5MiB / 1GiB,41.4MB / 42.7MB
1775422347,dds26-team9-orchestrator-worker-7,32.98%,35.55MiB / 512MiB,50.7MB / 83.7MB
1775422347,dds26-team9-order-web-10,29.42%,254.5MiB / 1GiB,41.4MB / 42.8MB
1775422347,dds26-team9-orchestrator-worker-16,31.64%,35.25MiB / 512MiB,51MB / 84MB
1775422347,dds26-team9-orchestrator-worker-6,33.29%,35.47MiB / 512MiB,50.7MB / 83.7MB
1775422347,dds26-team9-orchestrator-worker-23,33.07%,33.54MiB / 512MiB,50.7MB / 83.7MB
1775422347,dds26-team9-orchestrator-worker-20,31.54%,35.54MiB / 512MiB,50.9MB / 84MB
1775422347,dds26-team9-order-worker-8,21.37%,34.07MiB / 512MiB,35.8MB / 46.6MB
1775422347,dds26-team9-orchestrator-worker-15,31.57%,35.82MiB / 512MiB,50.6MB / 83.6MB
1775422347,dds26-team9-orchestrator-worker-22,32.87%,33.55MiB / 512MiB,50.6MB / 83.7MB
1775422347,dds26-team9-orchestrator-worker-13,33.66%,35.46MiB / 512MiB,50.8MB / 83.8MB
1775422347,dds26-team9-orchestrator-worker-8,32.14%,35.54MiB / 512MiB,50.9MB / 84MB
1775422347,dds26-team9-orchestrator-worker-19,32.63%,33.47MiB / 512MiB,50.8MB / 83.9MB
1775422347,dds26-team9-orchestrator-worker-10,33.13%,33.56MiB / 512MiB,50.8MB / 83.9MB
1775422347,dds26-team9-orchestrator-worker-18,32.03%,35.57MiB / 512MiB,50.8MB / 83.9MB
1775422347,dds26-team9-orchestrator-worker-2,32.74%,33.31MiB / 512MiB,50.7MB / 83.8MB
1775422347,dds26-team9-orchestrator-worker-11,31.95%,33.57MiB / 512MiB,50.8MB / 83.9MB
1775422347,dds26-team9-orchestrator-worker-12,32.38%,35.57MiB / 512MiB,50.5MB / 83.6MB
1775422347,dds26-team9-orchestrator-worker-4,33.14%,35.54MiB / 512MiB,50.7MB / 83.8MB
1775422347,dds26-team9-orchestrator-worker-9,32.55%,33.5MiB / 512MiB,50.6MB / 83.7MB
1775422347,dds26-team9-stock-worker-7,25.48%,33.66MiB / 512MiB,38.6MB / 54.2MB
1775422347,dds26-team9-stock-web-1,0.57%,217.8MiB / 512MiB,23.2kB / 6.16kB
1775422347,dds26-team9-stock-worker-1,24.43%,35.62MiB / 512MiB,38.7MB / 54.4MB
1775422347,dds26-team9-stock-worker-3,26.47%,33.44MiB / 512MiB,38.3MB / 53.9MB
1775422347,dds26-team9-orchestrator-worker-5,31.07%,35.53MiB / 512MiB,50.8MB / 83.9MB
1775422347,dds26-team9-stock-worker-6,25.69%,35.46MiB / 512MiB,38.7MB / 54.3MB
1775422347,dds26-team9-stock-web-3,0.53%,212.6MiB / 512MiB,23kB / 6.7kB
1775422347,dds26-team9-stock-web-2,0.58%,212.6MiB / 512MiB,21.3kB / 6.7kB
1775422347,dds26-team9-stock-worker-2,25.39%,33.44MiB / 512MiB,38.3MB / 53.9MB
1775422347,dds26-team9-stock-worker-5,26.07%,35.44MiB / 512MiB,38.7MB / 54.4MB
1775422347,dds26-team9-stock-web-4,0.56%,226.1MiB / 512MiB,23.8kB / 3.7MB
1775422347,dds26-team9-stock-worker-8,25.51%,35.64MiB / 512MiB,38.9MB / 54.6MB
1775422347,dds26-team9-stock-worker-4,25.47%,35.48MiB / 512MiB,38.7MB / 54.3MB
1775422347,dds26-team9-user-worker-4,38.11%,35.76MiB / 512MiB,66.1MB / 87MB
1775422347,dds26-team9-user-web-2,0.55%,218.3MiB / 512MiB,23.4kB / 6.83kB
1775422347,dds26-team9-user-worker-2,36.88%,33.59MiB / 512MiB,66.4MB / 87.4MB
1775422347,dds26-team9-user-worker-3,35.09%,35.82MiB / 512MiB,66.1MB / 87MB
1775422347,dds26-team9-user-worker-1,37.01%,35.57MiB / 512MiB,66.4MB / 87.4MB
1775422347,dds26-team9-user-web-4,0.51%,212.3MiB / 512MiB,22.2kB / 6.77kB
1775422347,dds26-team9-user-web-3,0.55%,224.6MiB / 512MiB,23.3kB / 3.1MB
1775422347,dds26-team9-user-web-1,0.55%,211.7MiB / 512MiB,20.1kB / 7.24kB
1775422347,dds26-team9-redis-stock-1,7.04%,28.99MiB / 512MiB,53.5MB / 66.7MB
1775422347,dds26-team9-redis-payment-1,7.05%,28.84MiB / 512MiB,50.4MB / 63.3MB
1775422347,dds26-team9-redis-order-1,43.59%,33.54MiB / 512MiB,761MB / 941MB
1775422347,dds26-team9-redis-orchestrator-1,29.47%,35.52MiB / 512MiB,802MB / 531MB
1775422347,dds26-team9-redis-bus-1,168.23%,38.02MiB / 2GiB,2.49GB / 1.41GB
1775422351,dds26-team9-gateway-1,21.48%,124.5MiB / 354.3GiB,441MB / 382MB
1775422351,dds26-team9-order-worker-5,21.02%,35.43MiB / 512MiB,36.3MB / 47.3MB
1775422351,dds26-team9-order-worker-3,22.20%,34.04MiB / 512MiB,36.3MB / 47.3MB
1775422351,dds26-team9-order-web-14,29.94%,264MiB / 1GiB,42.1MB / 43.5MB
1775422351,dds26-team9-order-web-7,30.67%,256.7MiB / 1GiB,42.1MB / 43.5MB
1775422351,dds26-team9-order-web-15,31.25%,274.8MiB / 1GiB,42.2MB / 54.9MB
1775422351,dds26-team9-order-web-24,30.46%,258.8MiB / 1GiB,42.1MB / 43.4MB
1775422351,dds26-team9-order-worker-2,21.48%,35.99MiB / 512MiB,36.4MB / 47.4MB
1775422351,dds26-team9-order-worker-7,21.45%,36.05MiB / 512MiB,36.4MB / 47.4MB
1775422351,dds26-team9-order-web-1,29.09%,254.8MiB / 1GiB,42.1MB / 43.5MB
1775422351,dds26-team9-order-web-18,30.74%,258.6MiB / 1GiB,42.2MB / 43.4MB
1775422351,dds26-team9-order-web-13,30.02%,254.3MiB / 1GiB,42.2MB / 43.5MB
1775422351,dds26-team9-order-web-23,30.70%,258.3MiB / 1GiB,42.2MB / 43.4MB
1775422351,dds26-team9-order-worker-6,21.68%,36.24MiB / 512MiB,36.4MB / 47.3MB
1775422351,dds26-team9-order-web-17,30.35%,254.1MiB / 1GiB,42.2MB / 43.3MB
1775422351,dds26-team9-order-web-6,29.37%,254.9MiB / 1GiB,42.1MB / 43.4MB
1775422351,dds26-team9-order-web-8,30.81%,257MiB / 1GiB,42.2MB / 43.6MB
1775422351,dds26-team9-order-web-12,28.99%,254.4MiB / 1GiB,42.1MB / 43.4MB
1775422351,dds26-team9-order-web-5,29.99%,254.3MiB / 1GiB,42.1MB / 43.4MB
1775422351,dds26-team9-order-web-9,31.63%,255.2MiB / 1GiB,42.2MB / 43.4MB
1775422351,dds26-team9-order-web-11,30.01%,255.3MiB / 1GiB,42.2MB / 43.6MB
1775422351,dds26-team9-order-worker-1,21.96%,36.03MiB / 512MiB,36.3MB / 47.3MB
1775422351,dds26-team9-order-web-19,31.43%,258.5MiB / 1GiB,42.2MB / 43.6MB
1775422351,dds26-team9-order-web-16,30.51%,257.6MiB / 1GiB,42.2MB / 43.5MB
1775422351,dds26-team9-order-web-4,30.09%,262.9MiB / 1GiB,42.3MB / 43.5MB
1775422351,dds26-team9-order-web-22,31.56%,258.7MiB / 1GiB,42.2MB / 43.6MB
1775422351,dds26-team9-order-web-21,28.71%,256.4MiB / 1GiB,42.1MB / 43.5MB
1775422351,dds26-team9-orchestrator-worker-25,34.47%,37.52MiB / 512MiB,51.3MB / 84.7MB
1775422351,dds26-team9-order-web-3,30.36%,254.6MiB / 1GiB,42.2MB / 43.5MB
1775422351,dds26-team9-order-web-20,31.56%,254.2MiB / 1GiB,42.2MB / 43.5MB
1775422351,dds26-team9-order-web-2,36.44%,254.4MiB / 1GiB,42.2MB / 43.6MB
1775422351,dds26-team9-orchestrator-worker-24,33.37%,33.55MiB / 512MiB,51.7MB / 85.3MB
1775422351,dds26-team9-order-worker-4,21.35%,34.05MiB / 512MiB,36.3MB / 47.3MB
1775422351,dds26-team9-orchestrator-worker-1,33.98%,33.55MiB / 512MiB,51.4MB / 85MB
1775422351,dds26-team9-orchestrator-worker-17,32.66%,35.52MiB / 512MiB,51.5MB / 85.1MB
1775422351,dds26-team9-orchestrator-worker-3,33.48%,35.27MiB / 512MiB,51.6MB / 85.2MB
1775422351,dds26-team9-orchestrator-worker-14,32.07%,35.28MiB / 512MiB,51.6MB / 85.2MB
1775422351,dds26-team9-orchestrator-worker-21,32.76%,35.48MiB / 512MiB,51.6MB / 85.3MB
1775422351,dds26-team9-order-web-25,36.89%,254.6MiB / 1GiB,42.2MB / 43.4MB
1775422351,dds26-team9-orchestrator-worker-7,34.59%,35.33MiB / 512MiB,51.5MB / 85MB
1775422351,dds26-team9-order-web-10,36.86%,263.6MiB / 1GiB,42.2MB / 43.5MB
1775422351,dds26-team9-orchestrator-worker-16,33.38%,35.25MiB / 512MiB,51.8MB / 85.3MB
1775422351,dds26-team9-orchestrator-worker-6,33.70%,35.69MiB / 512MiB,51.5MB / 85.1MB
1775422351,dds26-team9-orchestrator-worker-23,34.32%,33.34MiB / 512MiB,51.5MB / 85.1MB
1775422351,dds26-team9-orchestrator-worker-20,32.70%,35.36MiB / 512MiB,51.7MB / 85.4MB
1775422351,dds26-team9-order-worker-8,21.61%,34.28MiB / 512MiB,36.4MB / 47.3MB
1775422351,dds26-team9-orchestrator-worker-15,33.63%,35.57MiB / 512MiB,51.4MB / 84.9MB
1775422351,dds26-team9-orchestrator-worker-22,33.73%,33.3MiB / 512MiB,51.4MB / 85MB
1775422351,dds26-team9-orchestrator-worker-13,32.40%,35.51MiB / 512MiB,51.6MB / 85.1MB
1775422351,dds26-team9-orchestrator-worker-8,33.10%,35.33MiB / 512MiB,51.7MB / 85.4MB
1775422351,dds26-team9-orchestrator-worker-19,33.98%,33.65MiB / 512MiB,51.6MB / 85.2MB
1775422351,dds26-team9-orchestrator-worker-10,33.70%,33.72MiB / 512MiB,51.6MB / 85.2MB
1775422351,dds26-team9-orchestrator-worker-18,33.45%,35.34MiB / 512MiB,51.6MB / 85.3MB
1775422351,dds26-team9-orchestrator-worker-2,34.19%,33.54MiB / 512MiB,51.5MB / 85.2MB
1775422351,dds26-team9-orchestrator-worker-11,32.78%,33.56MiB / 512MiB,51.6MB / 85.2MB
1775422351,dds26-team9-orchestrator-worker-12,33.60%,35.32MiB / 512MiB,51.3MB / 85MB
1775422351,dds26-team9-orchestrator-worker-4,33.58%,35.3MiB / 512MiB,51.5MB / 85.1MB
1775422351,dds26-team9-orchestrator-worker-9,32.75%,33.31MiB / 512MiB,51.4MB / 85MB
1775422351,dds26-team9-stock-worker-7,27.59%,33.66MiB / 512MiB,39.2MB / 55.1MB
1775422351,dds26-team9-stock-web-1,0.49%,217.8MiB / 512MiB,23.2kB / 6.16kB
1775422351,dds26-team9-stock-worker-1,27.33%,35.39MiB / 512MiB,39.3MB / 55.2MB
1775422351,dds26-team9-stock-worker-3,27.75%,33.67MiB / 512MiB,38.9MB / 54.8MB
1775422351,dds26-team9-orchestrator-worker-5,32.97%,35.55MiB / 512MiB,51.6MB / 85.2MB
1775422351,dds26-team9-stock-worker-6,25.27%,35.68MiB / 512MiB,39.3MB / 55.2MB
1775422351,dds26-team9-stock-web-3,0.51%,212.6MiB / 512MiB,23kB / 6.7kB
1775422351,dds26-team9-stock-web-2,0.59%,212.6MiB / 512MiB,21.3kB / 6.7kB
1775422351,dds26-team9-stock-worker-2,27.77%,33.68MiB / 512MiB,38.9MB / 54.8MB
1775422351,dds26-team9-stock-worker-5,26.43%,35.44MiB / 512MiB,39.4MB / 55.3MB
1775422351,dds26-team9-stock-web-4,0.54%,226.1MiB / 512MiB,23.8kB / 3.7MB
1775422351,dds26-team9-stock-worker-8,26.37%,35.63MiB / 512MiB,39.5MB / 55.4MB
1775422351,dds26-team9-stock-worker-4,26.92%,35.48MiB / 512MiB,39.3MB / 55.2MB
1775422351,dds26-team9-user-worker-4,38.99%,35.78MiB / 512MiB,67.2MB / 88.4MB
1775422351,dds26-team9-user-web-2,0.54%,218.3MiB / 512MiB,23.4kB / 6.83kB
1775422351,dds26-team9-user-worker-2,37.55%,33.83MiB / 512MiB,67.4MB / 88.8MB
1775422351,dds26-team9-user-worker-3,35.81%,35.78MiB / 512MiB,67.2MB / 88.4MB
1775422351,dds26-team9-user-worker-1,37.70%,36.03MiB / 512MiB,67.4MB / 88.7MB
1775422351,dds26-team9-user-web-4,0.50%,212.3MiB / 512MiB,22.2kB / 6.77kB
1775422351,dds26-team9-user-web-3,0.57%,224.6MiB / 512MiB,23.3kB / 3.1MB
1775422351,dds26-team9-user-web-1,0.53%,211.7MiB / 512MiB,20.1kB / 7.24kB
1775422351,dds26-team9-redis-stock-1,5.51%,29MiB / 512MiB,54.3MB / 67.8MB
1775422351,dds26-team9-redis-payment-1,5.29%,28.84MiB / 512MiB,51.1MB / 64.3MB
1775422351,dds26-team9-redis-order-1,42.44%,33.34MiB / 512MiB,774MB / 958MB
1775422351,dds26-team9-redis-orchestrator-1,28.09%,35.52MiB / 512MiB,815MB / 540MB
1775422351,dds26-team9-redis-bus-1,166.95%,38.33MiB / 2GiB,2.53GB / 1.43GB
1775422354,dds26-team9-gateway-1,23.64%,125.1MiB / 354.3GiB,449MB / 388MB
1775422354,dds26-team9-order-worker-5,22.99%,35.43MiB / 512MiB,36.8MB / 48MB
1775422354,dds26-team9-order-worker-3,23.20%,34.04MiB / 512MiB,36.9MB / 48MB
1775422354,dds26-team9-order-web-14,31.44%,264.8MiB / 1GiB,42.9MB / 44.2MB
1775422354,dds26-team9-order-web-7,32.79%,257.2MiB / 1GiB,42.9MB / 44.2MB
1775422354,dds26-team9-order-web-15,32.66%,274.6MiB / 1GiB,42.9MB / 55.6MB
1775422354,dds26-team9-order-web-24,38.11%,258.8MiB / 1GiB,42.9MB / 44.1MB
1775422354,dds26-team9-order-worker-2,21.86%,35.99MiB / 512MiB,36.9MB / 48.1MB
1775422354,dds26-team9-order-worker-7,20.95%,36.05MiB / 512MiB,37MB / 48.1MB
1775422354,dds26-team9-order-web-1,34.70%,254.6MiB / 1GiB,42.9MB / 44.2MB
1775422354,dds26-team9-order-web-18,32.69%,258.6MiB / 1GiB,42.9MB / 44.1MB
1775422354,dds26-team9-order-web-13,31.66%,254.4MiB / 1GiB,42.9MB / 44.2MB
1775422354,dds26-team9-order-web-23,30.61%,258.3MiB / 1GiB,42.9MB / 44.1MB
1775422354,dds26-team9-order-worker-6,21.63%,35.99MiB / 512MiB,36.9MB / 48MB
1775422354,dds26-team9-order-web-17,31.28%,254.6MiB / 1GiB,42.9MB / 44MB
1775422354,dds26-team9-order-web-6,31.80%,254.7MiB / 1GiB,42.9MB / 44.1MB
1775422354,dds26-team9-order-web-8,32.41%,257.1MiB / 1GiB,43MB / 44.3MB
1775422354,dds26-team9-order-web-12,30.80%,254.4MiB / 1GiB,42.6MB / 43.9MB
1775422354,dds26-team9-order-web-5,31.97%,254.6MiB / 1GiB,42.8MB / 44.1MB
1775422354,dds26-team9-order-web-9,31.97%,255.2MiB / 1GiB,42.9MB / 44.2MB
1775422354,dds26-team9-order-web-11,31.98%,255.1MiB / 1GiB,42.9MB / 44.3MB
1775422354,dds26-team9-order-worker-1,22.18%,36.23MiB / 512MiB,36.9MB / 48MB
1775422354,dds26-team9-order-web-19,32.51%,258.5MiB / 1GiB,42.9MB / 44.3MB
1775422354,dds26-team9-order-web-16,31.05%,257.6MiB / 1GiB,42.9MB / 44.2MB
1775422354,dds26-team9-order-web-4,33.24%,263.2MiB / 1GiB,43MB / 44.2MB
1775422354,dds26-team9-order-web-22,33.79%,259MiB / 1GiB,42.9MB / 44.3MB
1775422354,dds26-team9-order-web-21,32.05%,256.5MiB / 1GiB,42.8MB / 44.2MB
1775422354,dds26-team9-orchestrator-worker-25,34.12%,37.5MiB / 512MiB,52.4MB / 86.5MB
1775422354,dds26-team9-order-web-3,32.87%,254.3MiB / 1GiB,42.9MB / 44.2MB
1775422354,dds26-team9-order-web-20,33.97%,254MiB / 1GiB,42.9MB / 44.2MB
1775422354,dds26-team9-order-web-2,33.00%,254.2MiB / 1GiB,42.9MB / 44.3MB
1775422354,dds26-team9-orchestrator-worker-24,34.18%,33.32MiB / 512MiB,52.4MB / 86.6MB
1775422354,dds26-team9-order-worker-4,22.07%,34.05MiB / 512MiB,36.9MB / 48MB
1775422354,dds26-team9-orchestrator-worker-1,34.58%,33.52MiB / 512MiB,52.2MB / 86.3MB
1775422354,dds26-team9-orchestrator-worker-17,34.16%,35.54MiB / 512MiB,52.3MB / 86.4MB
1775422354,dds26-team9-orchestrator-worker-3,33.18%,35.27MiB / 512MiB,52.4MB / 86.5MB
1775422354,dds26-team9-orchestrator-worker-14,34.36%,35.28MiB / 512MiB,52.4MB / 86.5MB
1775422354,dds26-team9-orchestrator-worker-21,34.24%,35.33MiB / 512MiB,52.4MB / 86.5MB
1775422354,dds26-team9-order-web-25,30.91%,254.3MiB / 1GiB,42.9MB / 44.1MB
1775422354,dds26-team9-orchestrator-worker-7,33.68%,35.55MiB / 512MiB,52.2MB / 86.3MB
1775422354,dds26-team9-order-web-10,32.13%,254.5MiB / 1GiB,42.9MB / 44.2MB
1775422354,dds26-team9-orchestrator-worker-16,33.70%,35.45MiB / 512MiB,52.6MB / 86.6MB
1775422354,dds26-team9-orchestrator-worker-6,34.46%,35.52MiB / 512MiB,52.3MB / 86.4MB
1775422354,dds26-team9-orchestrator-worker-23,32.16%,33.54MiB / 512MiB,52.3MB / 86.4MB
1775422354,dds26-team9-orchestrator-worker-20,31.57%,35.57MiB / 512MiB,52.5MB / 86.6MB
1775422354,dds26-team9-order-worker-8,21.74%,34.07MiB / 512MiB,36.9MB / 48MB
1775422354,dds26-team9-orchestrator-worker-15,33.79%,35.32MiB / 512MiB,52.2MB / 86.2MB
1775422354,dds26-team9-orchestrator-worker-22,33.90%,33.52MiB / 512MiB,52.2MB / 86.3MB
1775422354,dds26-team9-orchestrator-worker-13,33.89%,35.52MiB / 512MiB,52.3MB / 86.4MB
1775422354,dds26-team9-orchestrator-worker-8,32.70%,35.57MiB / 512MiB,52.5MB / 86.7MB
1775422354,dds26-team9-orchestrator-worker-19,33.03%,33.29MiB / 512MiB,52.4MB / 86.6MB
1775422354,dds26-team9-orchestrator-worker-10,33.79%,33.32MiB / 512MiB,52.3MB / 86.5MB
1775422354,dds26-team9-orchestrator-worker-18,32.79%,35.8MiB / 512MiB,52.4MB / 86.6MB
1775422354,dds26-team9-orchestrator-worker-2,32.87%,33.31MiB / 512MiB,52.3MB / 86.4MB
1775422354,dds26-team9-orchestrator-worker-11,32.49%,33.33MiB / 512MiB,52.4MB / 86.5MB
1775422354,dds26-team9-orchestrator-worker-12,33.66%,35.57MiB / 512MiB,52.2MB / 86.3MB
1775422354,dds26-team9-orchestrator-worker-4,34.80%,35.3MiB / 512MiB,52.3MB / 86.4MB
1775422354,dds26-team9-orchestrator-worker-9,35.70%,33.54MiB / 512MiB,52.2MB / 86.3MB
1775422354,dds26-team9-stock-worker-7,26.90%,33.46MiB / 512MiB,39.8MB / 56MB
1775422354,dds26-team9-stock-web-1,0.54%,217.8MiB / 512MiB,23.3kB / 6.31kB
1775422354,dds26-team9-stock-worker-1,25.79%,35.87MiB / 512MiB,39.9MB / 56.1MB
1775422354,dds26-team9-stock-worker-3,27.48%,33.65MiB / 512MiB,39.5MB / 55.6MB
1775422354,dds26-team9-orchestrator-worker-5,33.29%,35.54MiB / 512MiB,52.4MB / 86.5MB
1775422354,dds26-team9-stock-worker-6,25.55%,35.7MiB / 512MiB,39.8MB / 56MB
1775422354,dds26-team9-stock-web-3,0.54%,212.6MiB / 512MiB,23.1kB / 6.85kB
1775422354,dds26-team9-stock-web-2,0.68%,212.6MiB / 512MiB,21.4kB / 6.85kB
1775422354,dds26-team9-stock-worker-2,27.67%,33.9MiB / 512MiB,39.5MB / 55.6MB
1775422354,dds26-team9-stock-worker-5,27.33%,35.68MiB / 512MiB,39.9MB / 56.1MB
1775422354,dds26-team9-stock-web-4,7.92%,226.1MiB / 512MiB,23.9kB / 3.7MB
1775422354,dds26-team9-stock-worker-8,26.82%,35.4MiB / 512MiB,40MB / 56.3MB
1775422354,dds26-team9-stock-worker-4,28.62%,35.72MiB / 512MiB,39.9MB / 56MB
1775422354,dds26-team9-user-worker-4,38.76%,35.8MiB / 512MiB,68.2MB / 89.7MB
1775422354,dds26-team9-user-web-2,0.58%,218.3MiB / 512MiB,23.4kB / 6.98kB
1775422354,dds26-team9-user-worker-2,37.81%,33.59MiB / 512MiB,68.5MB / 90.2MB
1775422354,dds26-team9-user-worker-3,36.57%,36.04MiB / 512MiB,68.2MB / 89.7MB
1775422354,dds26-team9-user-worker-1,37.94%,35.78MiB / 512MiB,68.4MB / 90.1MB
1775422354,dds26-team9-user-web-4,0.52%,212.3MiB / 512MiB,22.3kB / 6.91kB
1775422354,dds26-team9-user-web-3,1.44%,224.6MiB / 512MiB,23.4kB / 3.1MB
1775422354,dds26-team9-user-web-1,7.59%,211.7MiB / 512MiB,20.2kB / 7.39kB
1775422354,dds26-team9-redis-stock-1,5.25%,28.98MiB / 512MiB,55MB / 68.8MB
1775422354,dds26-team9-redis-payment-1,5.54%,30.4MiB / 512MiB,51.9MB / 65.3MB
1775422354,dds26-team9-redis-order-1,45.37%,34.03MiB / 512MiB,787MB / 975MB
1775422354,dds26-team9-redis-orchestrator-1,30.40%,35.51MiB / 512MiB,827MB / 548MB
1775422354,dds26-team9-redis-bus-1,172.28%,38.39MiB / 2GiB,2.57GB / 1.45GB
1775422357,dds26-team9-gateway-1,23.04%,124.7MiB / 354.3GiB,456MB / 395MB
1775422357,dds26-team9-order-worker-5,22.55%,35.59MiB / 512MiB,37.4MB / 48.7MB
1775422357,dds26-team9-order-worker-3,22.08%,34.04MiB / 512MiB,37.4MB / 48.7MB
1775422357,dds26-team9-order-web-14,30.76%,264.3MiB / 1GiB,43.6MB / 44.9MB
1775422357,dds26-team9-order-web-7,31.89%,256.8MiB / 1GiB,43.6MB / 44.9MB
1775422357,dds26-team9-order-web-15,31.35%,274.7MiB / 1GiB,43.6MB / 56.4MB
1775422357,dds26-team9-order-web-24,30.49%,258.8MiB / 1GiB,43.6MB / 44.8MB
1775422357,dds26-team9-order-worker-2,21.66%,36.15MiB / 512MiB,37.5MB / 48.8MB
1775422357,dds26-team9-order-worker-7,20.95%,36.05MiB / 512MiB,37.5MB / 48.8MB
1775422357,dds26-team9-order-web-1,29.81%,254.6MiB / 1GiB,43.6MB / 45MB
1775422357,dds26-team9-order-web-18,30.56%,258.6MiB / 1GiB,43.6MB / 44.8MB
1775422357,dds26-team9-order-web-13,32.17%,254.6MiB / 1GiB,43.6MB / 44.9MB
1775422357,dds26-team9-order-web-23,30.34%,258.6MiB / 1GiB,43.6MB / 44.9MB
1775422357,dds26-team9-order-worker-6,21.70%,35.99MiB / 512MiB,37.4MB / 48.8MB
1775422357,dds26-team9-order-web-17,30.08%,254.4MiB / 1GiB,43.6MB / 44.8MB
1775422357,dds26-team9-order-web-6,37.18%,254.7MiB / 1GiB,43.6MB / 44.8MB
1775422357,dds26-team9-order-web-8,37.73%,257MiB / 1GiB,43.7MB / 45.1MB
1775422357,dds26-team9-order-web-12,37.85%,254.6MiB / 1GiB,43.6MB / 44.8MB
1775422357,dds26-team9-order-web-5,39.97%,254.9MiB / 1GiB,43.6MB / 44.8MB
1775422357,dds26-team9-order-web-9,31.95%,255.2MiB / 1GiB,43.4MB / 44.6MB
1775422357,dds26-team9-order-web-11,30.40%,255.3MiB / 1GiB,43.7MB / 45MB
1775422357,dds26-team9-order-worker-1,21.74%,36.03MiB / 512MiB,37.4MB / 48.7MB
1775422357,dds26-team9-order-web-19,29.95%,258.5MiB / 1GiB,43.7MB / 45MB
1775422357,dds26-team9-order-web-16,30.28%,257.6MiB / 1GiB,43.7MB / 44.9MB
1775422357,dds26-team9-order-web-4,30.01%,263MiB / 1GiB,43.7MB / 44.9MB
1775422357,dds26-team9-order-web-22,31.36%,258.7MiB / 1GiB,43.6MB / 45MB
1775422357,dds26-team9-order-web-21,30.82%,256.4MiB / 1GiB,43.6MB / 45MB
1775422357,dds26-team9-orchestrator-worker-25,32.27%,37.27MiB / 512MiB,53.1MB / 87.7MB
1775422357,dds26-team9-order-web-3,29.99%,254.6MiB / 1GiB,43.6MB / 45MB
1775422357,dds26-team9-order-web-20,29.87%,254.2MiB / 1GiB,43.6MB / 44.9MB
1775422357,dds26-team9-order-web-2,31.31%,254.4MiB / 1GiB,43.6MB / 45MB
1775422357,dds26-team9-orchestrator-worker-24,33.10%,33.33MiB / 512MiB,53.2MB / 87.9MB
1775422357,dds26-team9-order-worker-4,22.48%,34.3MiB / 512MiB,37.4MB / 48.7MB
1775422357,dds26-team9-orchestrator-worker-1,34.20%,33.53MiB / 512MiB,53MB / 87.6MB
1775422357,dds26-team9-orchestrator-worker-17,31.89%,35.49MiB / 512MiB,53.1MB / 87.8MB
1775422357,dds26-team9-orchestrator-worker-3,33.14%,35.42MiB / 512MiB,53.2MB / 87.8MB
1775422357,dds26-team9-orchestrator-worker-14,32.12%,35.28MiB / 512MiB,53.1MB / 87.8MB
1775422357,dds26-team9-orchestrator-worker-21,33.32%,35.33MiB / 512MiB,53.2MB / 87.9MB
1775422357,dds26-team9-order-web-25,30.04%,254.6MiB / 1GiB,43.6MB / 44.9MB
1775422357,dds26-team9-orchestrator-worker-7,34.64%,35.33MiB / 512MiB,53MB / 87.6MB
1775422357,dds26-team9-order-web-10,30.55%,254.5MiB / 1GiB,43.6MB / 44.9MB
1775422357,dds26-team9-orchestrator-worker-16,33.51%,35.25MiB / 512MiB,53.4MB / 87.9MB
1775422357,dds26-team9-orchestrator-worker-6,33.55%,35.29MiB / 512MiB,53.1MB / 87.7MB
1775422357,dds26-team9-orchestrator-worker-23,32.16%,33.57MiB / 512MiB,53.1MB / 87.7MB
1775422357,dds26-team9-orchestrator-worker-20,32.96%,35.6MiB / 512MiB,53.3MB / 87.9MB
1775422357,dds26-team9-order-worker-8,22.01%,34.07MiB / 512MiB,37.5MB / 48.7MB
1775422357,dds26-team9-orchestrator-worker-15,33.07%,35.54MiB / 512MiB,53MB / 87.6MB
1775422357,dds26-team9-orchestrator-worker-22,33.21%,33.31MiB / 512MiB,53MB / 87.7MB
1775422357,dds26-team9-orchestrator-worker-13,32.82%,35.49MiB / 512MiB,53.1MB / 87.7MB
1775422357,dds26-team9-orchestrator-worker-8,33.17%,35.33MiB / 512MiB,53.4MB / 88MB
1775422357,dds26-team9-orchestrator-worker-19,34.17%,33.53MiB / 512MiB,53.2MB / 87.9MB
1775422357,dds26-team9-orchestrator-worker-10,33.86%,33.53MiB / 512MiB,53.1MB / 87.8MB
1775422357,dds26-team9-orchestrator-worker-18,32.76%,35.48MiB / 512MiB,53.2MB / 87.9MB
1775422357,dds26-team9-orchestrator-worker-2,32.78%,33.31MiB / 512MiB,53.1MB / 87.7MB
1775422357,dds26-team9-orchestrator-worker-11,31.66%,33.55MiB / 512MiB,53.2MB / 87.9MB
1775422357,dds26-team9-orchestrator-worker-12,32.36%,35.55MiB / 512MiB,52.9MB / 87.5MB
1775422357,dds26-team9-orchestrator-worker-4,32.42%,35.3MiB / 512MiB,53.1MB / 87.8MB
1775422357,dds26-team9-orchestrator-worker-9,32.81%,33.5MiB / 512MiB,53MB / 87.7MB
1775422357,dds26-team9-stock-worker-7,26.02%,33.67MiB / 512MiB,40.4MB / 56.8MB
1775422357,dds26-team9-stock-web-1,0.53%,217.8MiB / 512MiB,23.3kB / 6.31kB
1775422357,dds26-team9-stock-worker-1,26.23%,35.39MiB / 512MiB,40.5MB / 56.9MB
1775422357,dds26-team9-stock-worker-3,25.66%,33.67MiB / 512MiB,40.1MB / 56.5MB
1775422357,dds26-team9-orchestrator-worker-5,32.56%,35.52MiB / 512MiB,53.2MB / 87.8MB
1775422357,dds26-team9-stock-worker-6,26.66%,35.89MiB / 512MiB,40.5MB / 56.9MB
1775422357,dds26-team9-stock-web-3,0.55%,212.6MiB / 512MiB,23.1kB / 6.85kB
1775422357,dds26-team9-stock-web-2,0.57%,212.6MiB / 512MiB,21.4kB / 6.85kB
1775422357,dds26-team9-stock-worker-2,26.95%,33.68MiB / 512MiB,40.1MB / 56.4MB
1775422357,dds26-team9-stock-worker-5,26.54%,35.66MiB / 512MiB,40.6MB / 57MB
1775422357,dds26-team9-stock-web-4,0.56%,226.1MiB / 512MiB,23.9kB / 3.7MB
1775422357,dds26-team9-stock-worker-8,26.89%,35.58MiB / 512MiB,40.7MB / 57.1MB
1775422357,dds26-team9-stock-worker-4,26.14%,35.72MiB / 512MiB,40.5MB / 56.9MB
1775422357,dds26-team9-user-worker-4,38.54%,35.56MiB / 512MiB,69.3MB / 91.1MB
1775422357,dds26-team9-user-web-2,0.57%,218.3MiB / 512MiB,23.4kB / 6.98kB
1775422357,dds26-team9-user-worker-2,36.76%,33.78MiB / 512MiB,69.5MB / 91.5MB
1775422357,dds26-team9-user-worker-3,36.40%,35.77MiB / 512MiB,69.3MB / 91.1MB
1775422357,dds26-team9-user-worker-1,37.38%,36.02MiB / 512MiB,69.5MB / 91.4MB
1775422357,dds26-team9-user-web-4,0.53%,212.3MiB / 512MiB,22.3kB / 6.91kB
1775422357,dds26-team9-user-web-3,0.55%,224.6MiB / 512MiB,23.4kB / 3.1MB
1775422357,dds26-team9-user-web-1,0.56%,211.7MiB / 512MiB,20.2kB / 7.39kB
1775422357,dds26-team9-redis-stock-1,7.23%,29.02MiB / 512MiB,55.9MB / 69.8MB
1775422357,dds26-team9-redis-payment-1,7.27%,28.84MiB / 512MiB,52.6MB / 66.3MB
1775422357,dds26-team9-redis-order-1,45.95%,33.96MiB / 512MiB,800MB / 992MB
1775422357,dds26-team9-redis-orchestrator-1,30.03%,35.5MiB / 512MiB,840MB / 556MB
1775422357,dds26-team9-redis-bus-1,169.80%,37.64MiB / 2GiB,2.61GB / 1.48GB
1775422361,dds26-team9-gateway-1,23.01%,124.8MiB / 354.3GiB,464MB / 401MB
1775422361,dds26-team9-order-worker-5,21.84%,35.43MiB / 512MiB,37.9MB / 49.4MB
1775422361,dds26-team9-order-worker-3,22.45%,34.28MiB / 512MiB,38MB / 49.5MB
1775422361,dds26-team9-order-web-14,29.84%,264.3MiB / 1GiB,44.3MB / 45.7MB
1775422361,dds26-team9-order-web-7,31.78%,256.8MiB / 1GiB,44.4MB / 45.7MB
1775422361,dds26-team9-order-web-15,30.81%,274.9MiB / 1GiB,44.4MB / 57.1MB
1775422361,dds26-team9-order-web-24,31.42%,258.8MiB / 1GiB,44.4MB / 45.6MB
1775422361,dds26-team9-order-worker-2,21.84%,35.99MiB / 512MiB,37.8MB / 49.3MB
1775422361,dds26-team9-order-worker-7,21.38%,36.05MiB / 512MiB,38.1MB / 49.5MB
1775422361,dds26-team9-order-web-1,31.16%,254.7MiB / 1GiB,44.3MB / 45.7MB
1775422361,dds26-team9-order-web-18,30.57%,258.6MiB / 1GiB,44.4MB / 45.5MB
1775422361,dds26-team9-order-web-13,30.91%,254.6MiB / 1GiB,44.4MB / 45.6MB
1775422361,dds26-team9-order-web-23,30.88%,258.6MiB / 1GiB,44.4MB / 45.6MB
1775422361,dds26-team9-order-worker-6,21.33%,35.99MiB / 512MiB,38MB / 49.5MB
1775422361,dds26-team9-order-web-17,29.62%,254.1MiB / 1GiB,44.4MB / 45.5MB
1775422361,dds26-team9-order-web-6,30.18%,254.7MiB / 1GiB,44.3MB / 45.6MB
1775422361,dds26-team9-order-web-8,30.72%,257.3MiB / 1GiB,44.5MB / 45.8MB
1775422361,dds26-team9-order-web-12,30.99%,254.2MiB / 1GiB,44.4MB / 45.6MB
1775422361,dds26-team9-order-web-5,30.65%,254.4MiB / 1GiB,44.3MB / 45.5MB
1775422361,dds26-team9-order-web-9,31.01%,255.5MiB / 1GiB,44.4MB / 45.6MB
1775422361,dds26-team9-order-web-11,32.81%,255.3MiB / 1GiB,44.4MB / 45.7MB
1775422361,dds26-team9-order-worker-1,21.73%,36.25MiB / 512MiB,38MB / 49.4MB
1775422361,dds26-team9-order-web-19,30.82%,258.5MiB / 1GiB,44.4MB / 45.8MB
1775422361,dds26-team9-order-web-16,30.26%,257.9MiB / 1GiB,44.4MB / 45.7MB
1775422361,dds26-team9-order-web-4,33.20%,263.2MiB / 1GiB,44.5MB / 45.6MB
1775422361,dds26-team9-order-web-22,31.30%,258.7MiB / 1GiB,44.4MB / 45.7MB
1775422361,dds26-team9-order-web-21,29.69%,256.7MiB / 1GiB,44.3MB / 45.7MB
1775422361,dds26-team9-orchestrator-worker-25,32.48%,37.46MiB / 512MiB,53.9MB / 89.1MB
1775422361,dds26-team9-order-web-3,31.17%,254.4MiB / 1GiB,44.4MB / 45.7MB
1775422361,dds26-team9-order-web-20,31.01%,254MiB / 1GiB,44.4MB / 45.6MB
1775422361,dds26-team9-order-web-2,38.60%,254.2MiB / 1GiB,44.4MB / 45.7MB
1775422361,dds26-team9-orchestrator-worker-24,34.75%,33.79MiB / 512MiB,54MB / 89.2MB
1775422361,dds26-team9-order-worker-4,21.90%,34.05MiB / 512MiB,38MB / 49.4MB
1775422361,dds26-team9-orchestrator-worker-1,33.62%,33.68MiB / 512MiB,53.8MB / 88.9MB
1775422361,dds26-team9-orchestrator-worker-17,33.17%,35.53MiB / 512MiB,53.9MB / 89.1MB
1775422361,dds26-team9-orchestrator-worker-3,32.70%,35.48MiB / 512MiB,54MB / 89.1MB
1775422361,dds26-team9-orchestrator-worker-14,32.49%,35.52MiB / 512MiB,53.9MB / 89.2MB
1775422361,dds26-team9-orchestrator-worker-21,33.06%,35.5MiB / 512MiB,54MB / 89.2MB
1775422361,dds26-team9-order-web-25,37.32%,254.3MiB / 1GiB,44.4MB / 45.6MB
1775422361,dds26-team9-orchestrator-worker-7,34.08%,35.53MiB / 512MiB,53.8MB / 88.9MB
1775422361,dds26-team9-order-web-10,36.99%,266.4MiB / 1GiB,44.4MB / 45.6MB
1775422361,dds26-team9-orchestrator-worker-16,32.97%,35.49MiB / 512MiB,54.2MB / 89.3MB
1775422361,dds26-team9-orchestrator-worker-6,34.03%,35.41MiB / 512MiB,53.9MB / 89MB
1775422361,dds26-team9-orchestrator-worker-23,33.00%,33.57MiB / 512MiB,53.9MB / 89MB
1775422361,dds26-team9-orchestrator-worker-20,33.66%,35.36MiB / 512MiB,54.1MB / 89.3MB
1775422361,dds26-team9-order-worker-8,22.29%,34.3MiB / 512MiB,38MB / 49.5MB
1775422361,dds26-team9-orchestrator-worker-15,34.25%,35.55MiB / 512MiB,53.8MB / 88.9MB
1775422361,dds26-team9-orchestrator-worker-22,34.07%,33.3MiB / 512MiB,53.8MB / 89MB
1775422361,dds26-team9-orchestrator-worker-13,33.29%,35.28MiB / 512MiB,53.9MB / 89MB
1775422361,dds26-team9-orchestrator-worker-8,33.03%,35.33MiB / 512MiB,54.1MB / 89.3MB
1775422361,dds26-team9-orchestrator-worker-19,32.98%,33.53MiB / 512MiB,54MB / 89.2MB
1775422361,dds26-team9-orchestrator-worker-10,32.76%,33.56MiB / 512MiB,53.9MB / 89.2MB
1775422361,dds26-team9-orchestrator-worker-18,33.73%,35.58MiB / 512MiB,54MB / 89.2MB
1775422361,dds26-team9-orchestrator-worker-2,33.41%,33.54MiB / 512MiB,53.9MB / 89.1MB
1775422361,dds26-team9-orchestrator-worker-11,33.23%,33.49MiB / 512MiB,54MB / 89.1MB
1775422361,dds26-team9-orchestrator-worker-12,33.19%,35.74MiB / 512MiB,53.7MB / 88.9MB
1775422361,dds26-team9-orchestrator-worker-4,32.43%,35.8MiB / 512MiB,53.9MB / 89.1MB
1775422361,dds26-team9-orchestrator-worker-9,33.96%,33.55MiB / 512MiB,53.8MB / 88.9MB
1775422361,dds26-team9-stock-worker-7,25.96%,33.68MiB / 512MiB,41MB / 57.7MB
1775422361,dds26-team9-stock-web-1,0.55%,217.8MiB / 512MiB,23.3kB / 6.31kB
1775422361,dds26-team9-stock-worker-1,25.92%,35.61MiB / 512MiB,41.1MB / 57.8MB
1775422361,dds26-team9-stock-worker-3,27.19%,33.44MiB / 512MiB,40.7MB / 57.3MB
1775422361,dds26-team9-orchestrator-worker-5,32.65%,35.3MiB / 512MiB,54.1MB / 89.2MB
1775422361,dds26-team9-stock-worker-6,25.91%,35.46MiB / 512MiB,41.1MB / 57.7MB
1775422361,dds26-team9-stock-web-3,0.55%,212.6MiB / 512MiB,23.1kB / 6.85kB
1775422361,dds26-team9-stock-web-2,0.59%,212.6MiB / 512MiB,21.4kB / 6.85kB
1775422361,dds26-team9-stock-worker-2,28.28%,33.9MiB / 512MiB,40.7MB / 57.3MB
1775422361,dds26-team9-stock-worker-5,26.62%,35.9MiB / 512MiB,41.2MB / 57.9MB
1775422361,dds26-team9-stock-web-4,0.57%,226.1MiB / 512MiB,23.9kB / 3.7MB
1775422361,dds26-team9-stock-worker-8,27.11%,35.64MiB / 512MiB,41.3MB / 58MB
1775422361,dds26-team9-stock-worker-4,26.75%,35.48MiB / 512MiB,41.1MB / 57.7MB
1775422361,dds26-team9-user-worker-4,39.00%,35.56MiB / 512MiB,70.3MB / 92.5MB
1775422361,dds26-team9-user-web-2,0.56%,218.3MiB / 512MiB,23.5kB / 6.98kB
1775422361,dds26-team9-user-worker-2,37.83%,33.6MiB / 512MiB,70.6MB / 92.9MB
1775422361,dds26-team9-user-worker-3,35.47%,35.81MiB / 512MiB,70.3MB / 92.4MB
1775422361,dds26-team9-user-worker-1,38.06%,35.8MiB / 512MiB,70.5MB / 92.8MB
1775422361,dds26-team9-user-web-4,0.57%,212.3MiB / 512MiB,22.4kB / 6.91kB
1775422361,dds26-team9-user-web-3,0.56%,224.6MiB / 512MiB,23.4kB / 3.1MB
1775422361,dds26-team9-user-web-1,0.56%,211.7MiB / 512MiB,20.2kB / 7.39kB
1775422361,dds26-team9-redis-stock-1,5.49%,29.02MiB / 512MiB,56.6MB / 70.9MB
1775422361,dds26-team9-redis-payment-1,5.17%,28.84MiB / 512MiB,53.4MB / 67.3MB
1775422361,dds26-team9-redis-order-1,42.12%,33.63MiB / 512MiB,813MB / 1.01GB
1775422361,dds26-team9-redis-orchestrator-1,28.49%,35.53MiB / 512MiB,853MB / 564MB
1775422361,dds26-team9-redis-bus-1,170.47%,37.57MiB / 2GiB,2.65GB / 1.5GB
1775422364,dds26-team9-gateway-1,23.20%,124.7MiB / 354.3GiB,472MB / 408MB
1775422364,dds26-team9-order-worker-5,22.57%,35.43MiB / 512MiB,38.5MB / 50.1MB
1775422364,dds26-team9-order-worker-3,22.15%,34.04MiB / 512MiB,38.5MB / 50.2MB
1775422364,dds26-team9-order-web-14,31.05%,264MiB / 1GiB,45MB / 46.3MB
1775422364,dds26-team9-order-web-7,31.07%,256.8MiB / 1GiB,45.1MB / 46.4MB
1775422364,dds26-team9-order-web-15,31.21%,274.7MiB / 1GiB,45.1MB / 57.8MB
1775422364,dds26-team9-order-web-24,36.90%,258.8MiB / 1GiB,45.1MB / 46.3MB
1775422364,dds26-team9-order-worker-2,21.69%,36.48MiB / 512MiB,38.6MB / 50.2MB
1775422364,dds26-team9-order-worker-7,22.09%,36.06MiB / 512MiB,38.6MB / 50.3MB
1775422364,dds26-team9-order-web-1,31.04%,254.9MiB / 1GiB,45.1MB / 46.4MB
1775422364,dds26-team9-order-web-18,31.31%,259MiB / 1GiB,45.1MB / 46.2MB
1775422364,dds26-team9-order-web-13,30.29%,254.7MiB / 1GiB,45.1MB / 46.3MB
1775422364,dds26-team9-order-web-23,30.64%,258.3MiB / 1GiB,45.1MB / 46.3MB
1775422364,dds26-team9-order-worker-6,21.90%,36.18MiB / 512MiB,38.5MB / 50.2MB
1775422364,dds26-team9-order-web-17,31.86%,254.4MiB / 1GiB,45.1MB / 46.2MB
1775422364,dds26-team9-order-web-6,31.18%,254.9MiB / 1GiB,45.1MB / 46.3MB
1775422364,dds26-team9-order-web-8,32.99%,257.1MiB / 1GiB,45.2MB / 46.5MB
1775422364,dds26-team9-order-web-12,31.67%,254.2MiB / 1GiB,45.1MB / 46.3MB
1775422364,dds26-team9-order-web-5,32.96%,254.5MiB / 1GiB,45.1MB / 46.3MB
1775422364,dds26-team9-order-web-9,31.00%,255.5MiB / 1GiB,45.1MB / 46.3MB
1775422364,dds26-team9-order-web-11,31.46%,255.1MiB / 1GiB,45.1MB / 46.5MB
1775422364,dds26-team9-order-worker-1,22.47%,36.03MiB / 512MiB,38.5MB / 50.1MB
1775422364,dds26-team9-order-web-19,31.83%,258.5MiB / 1GiB,45.1MB / 46.5MB
1775422364,dds26-team9-order-web-16,30.61%,257.6MiB / 1GiB,45.1MB / 46.4MB
1775422364,dds26-team9-order-web-4,30.63%,263MiB / 1GiB,45.2MB / 46.3MB
1775422364,dds26-team9-order-web-22,32.16%,259MiB / 1GiB,45.1MB / 46.4MB
1775422364,dds26-team9-order-web-21,31.01%,256.5MiB / 1GiB,45.1MB / 46.4MB
1775422364,dds26-team9-orchestrator-worker-25,33.66%,37.27MiB / 512MiB,54.7MB / 90.4MB
1775422364,dds26-team9-order-web-3,30.94%,254.4MiB / 1GiB,45.1MB / 46.4MB
1775422364,dds26-team9-order-web-20,34.46%,254MiB / 1GiB,45.1MB / 46.4MB
1775422364,dds26-team9-order-web-2,30.33%,254.5MiB / 1GiB,44.9MB / 46.2MB
1775422364,dds26-team9-orchestrator-worker-24,34.90%,33.49MiB / 512MiB,54.8MB / 90.6MB
1775422364,dds26-team9-order-worker-4,22.07%,34.51MiB / 512MiB,38.5MB / 50.1MB
1775422364,dds26-team9-orchestrator-worker-1,33.30%,33.52MiB / 512MiB,54.6MB / 90.2MB
1775422364,dds26-team9-orchestrator-worker-17,33.19%,35.52MiB / 512MiB,54.7MB / 90.4MB
1775422364,dds26-team9-orchestrator-worker-3,33.65%,35.49MiB / 512MiB,54.8MB / 90.4MB
1775422364,dds26-team9-orchestrator-worker-14,32.80%,35.53MiB / 512MiB,54.7MB / 90.4MB
1775422364,dds26-team9-orchestrator-worker-21,32.98%,35.55MiB / 512MiB,54.8MB / 90.5MB
1775422364,dds26-team9-order-web-25,32.21%,254.3MiB / 1GiB,45.1MB / 46.3MB
1775422364,dds26-team9-orchestrator-worker-7,34.66%,35.54MiB / 512MiB,54.6MB / 90.2MB
1775422364,dds26-team9-order-web-10,31.36%,254.8MiB / 1GiB,45.1MB / 46.4MB
1775422364,dds26-team9-orchestrator-worker-16,32.97%,35.25MiB / 512MiB,54.9MB / 90.5MB
1775422364,dds26-team9-orchestrator-worker-6,34.42%,35.32MiB / 512MiB,54.7MB / 90.3MB
1775422364,dds26-team9-orchestrator-worker-23,33.15%,33.33MiB / 512MiB,54.6MB / 90.3MB
1775422364,dds26-team9-orchestrator-worker-20,33.14%,35.36MiB / 512MiB,54.9MB / 90.6MB
1775422364,dds26-team9-order-worker-8,21.83%,34.07MiB / 512MiB,38.5MB / 50.2MB
1775422364,dds26-team9-orchestrator-worker-15,32.68%,35.44MiB / 512MiB,54.6MB / 90.2MB
1775422364,dds26-team9-orchestrator-worker-22,33.98%,33.55MiB / 512MiB,54.5MB / 90.2MB
1775422364,dds26-team9-orchestrator-worker-13,32.57%,35.28MiB / 512MiB,54.7MB / 90.3MB
1775422364,dds26-team9-orchestrator-worker-8,32.35%,35.34MiB / 512MiB,54.9MB / 90.6MB
1775422364,dds26-team9-orchestrator-worker-19,33.30%,33.73MiB / 512MiB,54.8MB / 90.5MB
1775422364,dds26-team9-orchestrator-worker-10,33.10%,33.49MiB / 512MiB,54.7MB / 90.5MB
1775422364,dds26-team9-orchestrator-worker-18,33.03%,35.47MiB / 512MiB,54.8MB / 90.5MB
1775422364,dds26-team9-orchestrator-worker-2,34.12%,33.75MiB / 512MiB,54.7MB / 90.4MB
1775422364,dds26-team9-orchestrator-worker-11,32.91%,33.57MiB / 512MiB,54.7MB / 90.4MB
1775422364,dds26-team9-orchestrator-worker-12,31.93%,35.32MiB / 512MiB,54.5MB / 90.2MB
1775422364,dds26-team9-orchestrator-worker-4,33.60%,35.47MiB / 512MiB,54.7MB / 90.4MB
1775422364,dds26-team9-orchestrator-worker-9,33.17%,33.49MiB / 512MiB,54.6MB / 90.2MB
1775422364,dds26-team9-stock-worker-7,28.09%,33.71MiB / 512MiB,41.6MB / 58.5MB
1775422364,dds26-team9-stock-web-1,0.54%,217.8MiB / 512MiB,23.3kB / 6.45kB
1775422364,dds26-team9-stock-worker-1,27.49%,35.61MiB / 512MiB,41.7MB / 58.7MB
1775422364,dds26-team9-stock-worker-3,27.65%,33.44MiB / 512MiB,41.3MB / 58.1MB
1775422364,dds26-team9-orchestrator-worker-5,34.36%,35.55MiB / 512MiB,54.9MB / 90.5MB
1775422364,dds26-team9-stock-worker-6,26.63%,35.46MiB / 512MiB,41.7MB / 58.6MB
1775422364,dds26-team9-stock-web-3,0.56%,212.6MiB / 512MiB,23.2kB / 6.99kB
1775422364,dds26-team9-stock-web-2,0.58%,212.6MiB / 512MiB,21.5kB / 6.99kB
1775422364,dds26-team9-stock-worker-2,27.09%,33.44MiB / 512MiB,41.3MB / 58.2MB
1775422364,dds26-team9-stock-worker-5,26.06%,35.69MiB / 512MiB,41.8MB / 58.7MB
1775422364,dds26-team9-stock-web-4,7.55%,226.1MiB / 512MiB,23.9kB / 3.7MB
1775422364,dds26-team9-stock-worker-8,26.16%,35.63MiB / 512MiB,41.9MB / 58.8MB
1775422364,dds26-team9-stock-worker-4,25.29%,35.67MiB / 512MiB,41.6MB / 58.6MB
1775422364,dds26-team9-user-worker-4,38.61%,35.81MiB / 512MiB,71.3MB / 93.8MB
1775422364,dds26-team9-user-web-2,0.59%,218.3MiB / 512MiB,23.6kB / 7.12kB
1775422364,dds26-team9-user-worker-2,38.21%,33.78MiB / 512MiB,71.6MB / 94.2MB
1775422364,dds26-team9-user-worker-3,36.41%,35.82MiB / 512MiB,71.3MB / 93.8MB
1775422364,dds26-team9-user-worker-1,38.85%,35.82MiB / 512MiB,71.6MB / 94.2MB
1775422364,dds26-team9-user-web-4,0.51%,212.3MiB / 512MiB,22.5kB / 7.06kB
1775422364,dds26-team9-user-web-3,1.10%,224.6MiB / 512MiB,23.5kB / 3.1MB
1775422364,dds26-team9-user-web-1,7.59%,211.7MiB / 512MiB,20.2kB / 7.53kB
1775422364,dds26-team9-redis-stock-1,7.31%,29.05MiB / 512MiB,57.4MB / 71.9MB
1775422364,dds26-team9-redis-payment-1,7.13%,28.84MiB / 512MiB,54.1MB / 68.3MB
1775422364,dds26-team9-redis-order-1,45.29%,34.3MiB / 512MiB,825MB / 1.03GB
1775422364,dds26-team9-redis-orchestrator-1,30.70%,35.57MiB / 512MiB,865MB / 573MB
1775422364,dds26-team9-redis-bus-1,171.64%,38.86MiB / 2GiB,2.69GB / 1.52GB
1775422367,dds26-team9-gateway-1,22.99%,125.6MiB / 354.3GiB,479MB / 414MB
1775422367,dds26-team9-order-worker-5,22.44%,35.58MiB / 512MiB,39MB / 50.8MB
1775422367,dds26-team9-order-worker-3,20.80%,34.25MiB / 512MiB,39.1MB / 50.9MB
1775422367,dds26-team9-order-web-14,29.99%,264.3MiB / 1GiB,45.8MB / 47MB
1775422367,dds26-team9-order-web-7,31.07%,257.1MiB / 1GiB,45.8MB / 47.1MB
1775422367,dds26-team9-order-web-15,30.82%,274.7MiB / 1GiB,45.8MB / 58.5MB
1775422367,dds26-team9-order-web-24,30.05%,259MiB / 1GiB,45.8MB / 47MB
1775422367,dds26-team9-order-worker-2,21.55%,36.21MiB / 512MiB,39.1MB / 50.9MB
1775422367,dds26-team9-order-worker-7,21.68%,36.05MiB / 512MiB,39.1MB / 50.9MB
1775422367,dds26-team9-order-web-1,30.25%,254.7MiB / 1GiB,45.8MB / 47.1MB
1775422367,dds26-team9-order-web-18,30.63%,258.7MiB / 1GiB,45.8MB / 46.9MB
1775422367,dds26-team9-order-web-13,32.67%,254.5MiB / 1GiB,45.8MB / 47MB
1775422367,dds26-team9-order-web-23,30.47%,258.3MiB / 1GiB,45.8MB / 47MB
1775422367,dds26-team9-order-worker-6,21.76%,35.99MiB / 512MiB,39.1MB / 50.9MB
1775422367,dds26-team9-order-web-17,31.39%,254.4MiB / 1GiB,45.8MB / 46.9MB
1775422367,dds26-team9-order-web-6,35.38%,254.7MiB / 1GiB,45.8MB / 47MB
1775422367,dds26-team9-order-web-8,38.41%,257.1MiB / 1GiB,45.9MB / 47.2MB
1775422367,dds26-team9-order-web-12,36.77%,254.4MiB / 1GiB,45.8MB / 47MB
1775422367,dds26-team9-order-web-5,36.89%,254.5MiB / 1GiB,45.8MB / 46.9MB
1775422367,dds26-team9-order-web-9,30.10%,255.2MiB / 1GiB,45.8MB / 47MB
1775422367,dds26-team9-order-web-11,30.05%,255.1MiB / 1GiB,45.6MB / 46.9MB
1775422367,dds26-team9-order-worker-1,22.02%,36.18MiB / 512MiB,39.1MB / 50.9MB
1775422367,dds26-team9-order-web-19,32.81%,258.8MiB / 1GiB,45.9MB / 47.2MB
1775422367,dds26-team9-order-web-16,30.89%,257.9MiB / 1GiB,45.8MB / 47.1MB
1775422367,dds26-team9-order-web-4,30.60%,263MiB / 1GiB,45.9MB / 47.1MB
1775422367,dds26-team9-order-web-22,30.22%,259MiB / 1GiB,45.8MB / 47.1MB
1775422367,dds26-team9-order-web-21,30.91%,256.5MiB / 1GiB,45.8MB / 47.1MB
1775422367,dds26-team9-orchestrator-worker-25,32.63%,37.43MiB / 512MiB,55.5MB / 91.7MB
1775422367,dds26-team9-order-web-3,30.87%,254.4MiB / 1GiB,45.9MB / 47.1MB
1775422367,dds26-team9-order-web-20,30.04%,254.3MiB / 1GiB,45.8MB / 47MB
1775422367,dds26-team9-order-web-2,30.18%,254.5MiB / 1GiB,45.8MB / 47.1MB
1775422367,dds26-team9-orchestrator-worker-24,33.91%,33.32MiB / 512MiB,55.6MB / 91.8MB
1775422367,dds26-team9-order-worker-4,21.50%,34.27MiB / 512MiB,39MB / 50.8MB
1775422367,dds26-team9-orchestrator-worker-1,33.86%,33.55MiB / 512MiB,55.4MB / 91.5MB
1775422367,dds26-team9-orchestrator-worker-17,32.01%,35.51MiB / 512MiB,55.5MB / 91.7MB
1775422367,dds26-team9-orchestrator-worker-3,33.60%,35.27MiB / 512MiB,55.6MB / 91.7MB
1775422367,dds26-team9-orchestrator-worker-14,32.79%,35.42MiB / 512MiB,55.5MB / 91.7MB
1775422367,dds26-team9-orchestrator-worker-21,32.85%,35.49MiB / 512MiB,55.5MB / 91.8MB
1775422367,dds26-team9-order-web-25,32.08%,254.4MiB / 1GiB,45.9MB / 47MB
1775422367,dds26-team9-orchestrator-worker-7,33.73%,35.55MiB / 512MiB,55.4MB / 91.5MB
1775422367,dds26-team9-order-web-10,30.80%,254.5MiB / 1GiB,45.8MB / 47.1MB
1775422367,dds26-team9-orchestrator-worker-16,33.19%,35.25MiB / 512MiB,55.7MB / 91.8MB
1775422367,dds26-team9-orchestrator-worker-6,33.60%,35.52MiB / 512MiB,55.4MB / 91.6MB
1775422367,dds26-team9-orchestrator-worker-23,32.86%,33.55MiB / 512MiB,55.4MB / 91.6MB
1775422367,dds26-team9-orchestrator-worker-20,33.52%,35.36MiB / 512MiB,55.7MB / 91.9MB
1775422367,dds26-team9-order-worker-8,21.80%,34.07MiB / 512MiB,39.1MB / 50.9MB
1775422367,dds26-team9-orchestrator-worker-15,32.93%,35.56MiB / 512MiB,55.4MB / 91.5MB
1775422367,dds26-team9-orchestrator-worker-22,33.21%,33.52MiB / 512MiB,55.3MB / 91.5MB
1775422367,dds26-team9-orchestrator-worker-13,33.17%,35.28MiB / 512MiB,55.5MB / 91.6MB
1775422367,dds26-team9-orchestrator-worker-8,34.45%,35.34MiB / 512MiB,55.7MB / 91.9MB
1775422367,dds26-team9-orchestrator-worker-19,32.64%,33.73MiB / 512MiB,55.5MB / 91.8MB
1775422367,dds26-team9-orchestrator-worker-10,33.13%,33.46MiB / 512MiB,55.5MB / 91.8MB
1775422367,dds26-team9-orchestrator-worker-18,33.44%,35.59MiB / 512MiB,55.6MB / 91.8MB
1775422367,dds26-team9-orchestrator-worker-2,33.33%,33.55MiB / 512MiB,55.5MB / 91.7MB
1775422367,dds26-team9-orchestrator-worker-11,33.46%,33.56MiB / 512MiB,55.5MB / 91.7MB
1775422367,dds26-team9-orchestrator-worker-12,33.98%,35.32MiB / 512MiB,55.3MB / 91.5MB
1775422367,dds26-team9-orchestrator-worker-4,32.26%,35.54MiB / 512MiB,55.4MB / 91.7MB
1775422367,dds26-team9-orchestrator-worker-9,32.63%,33.55MiB / 512MiB,55.3MB / 91.5MB
1775422367,dds26-team9-stock-worker-7,26.64%,33.46MiB / 512MiB,42.2MB / 59.3MB
1775422367,dds26-team9-stock-web-1,0.53%,217.8MiB / 512MiB,23.3kB / 6.45kB
1775422367,dds26-team9-stock-worker-1,25.85%,35.6MiB / 512MiB,42.3MB / 59.5MB
1775422367,dds26-team9-stock-worker-3,28.10%,33.44MiB / 512MiB,41.9MB / 59MB
1775422367,dds26-team9-orchestrator-worker-5,33.08%,35.3MiB / 512MiB,55.6MB / 91.8MB
1775422367,dds26-team9-stock-worker-6,25.84%,35.71MiB / 512MiB,42.3MB / 59.4MB
1775422367,dds26-team9-stock-web-3,0.53%,212.6MiB / 512MiB,23.2kB / 6.99kB
1775422367,dds26-team9-stock-web-2,0.59%,212.6MiB / 512MiB,21.5kB / 6.99kB
1775422367,dds26-team9-stock-worker-2,26.66%,33.67MiB / 512MiB,41.9MB / 59MB
1775422367,dds26-team9-stock-worker-5,26.47%,35.44MiB / 512MiB,42.3MB / 59.5MB
1775422367,dds26-team9-stock-web-4,0.56%,226.1MiB / 512MiB,23.9kB / 3.7MB
1775422367,dds26-team9-stock-worker-8,26.44%,35.59MiB / 512MiB,42.4MB / 59.7MB
1775422367,dds26-team9-stock-worker-4,27.12%,35.48MiB / 512MiB,42.3MB / 59.4MB
1775422367,dds26-team9-user-worker-4,37.78%,35.8MiB / 512MiB,72.3MB / 95.2MB
1775422367,dds26-team9-user-web-2,0.58%,218.3MiB / 512MiB,23.6kB / 7.12kB
1775422367,dds26-team9-user-worker-2,37.74%,33.8MiB / 512MiB,72.6MB / 95.5MB
1775422367,dds26-team9-user-worker-3,35.69%,35.76MiB / 512MiB,72.3MB / 95.1MB
1775422367,dds26-team9-user-worker-1,37.43%,35.8MiB / 512MiB,72.6MB / 95.5MB
1775422367,dds26-team9-user-web-4,0.50%,212.3MiB / 512MiB,22.5kB / 7.06kB
1775422367,dds26-team9-user-web-3,0.54%,224.6MiB / 512MiB,23.5kB / 3.1MB
1775422367,dds26-team9-user-web-1,0.55%,211.7MiB / 512MiB,20.2kB / 7.53kB
1775422367,dds26-team9-redis-stock-1,5.19%,29.02MiB / 512MiB,58.1MB / 72.9MB
1775422367,dds26-team9-redis-payment-1,5.80%,28.82MiB / 512MiB,54.8MB / 69.3MB
1775422367,dds26-team9-redis-order-1,42.75%,33.44MiB / 512MiB,838MB / 1.04GB
1775422367,dds26-team9-redis-orchestrator-1,28.75%,35.51MiB / 512MiB,877MB / 581MB
1775422367,dds26-team9-redis-bus-1,171.12%,38.24MiB / 2GiB,2.72GB / 1.54GB
1775422371,dds26-team9-gateway-1,23.46%,124.7MiB / 354.3GiB,487MB / 420MB
1775422371,dds26-team9-order-worker-5,22.52%,35.43MiB / 512MiB,39.6MB / 51.5MB
1775422371,dds26-team9-order-worker-3,22.55%,34.04MiB / 512MiB,39.6MB / 51.6MB
1775422371,dds26-team9-order-web-14,31.89%,264.3MiB / 1GiB,46.3MB / 47.5MB
1775422371,dds26-team9-order-web-7,31.14%,256.9MiB / 1GiB,46.5MB / 47.8MB
1775422371,dds26-team9-order-web-15,31.02%,274.7MiB / 1GiB,46.5MB / 59.2MB
1775422371,dds26-team9-order-web-24,30.19%,259.1MiB / 1GiB,46.5MB / 47.7MB
1775422371,dds26-team9-order-worker-2,22.22%,36.23MiB / 512MiB,39.6MB / 51.6MB
1775422371,dds26-team9-order-worker-7,21.55%,36.05MiB / 512MiB,39.7MB / 51.7MB
1775422371,dds26-team9-order-web-1,30.64%,254.6MiB / 1GiB,46.5MB / 47.8MB
1775422371,dds26-team9-order-web-18,30.63%,258.7MiB / 1GiB,46.6MB / 47.6MB
1775422371,dds26-team9-order-web-13,30.94%,254.5MiB / 1GiB,46.6MB / 47.8MB
1775422371,dds26-team9-order-web-23,29.88%,258.3MiB / 1GiB,46.6MB / 47.7MB
1775422371,dds26-team9-order-worker-6,22.64%,36.23MiB / 512MiB,39.6MB / 51.6MB
1775422371,dds26-team9-order-web-17,29.73%,254.4MiB / 1GiB,46.6MB / 47.6MB
1775422371,dds26-team9-order-web-6,29.48%,254.7MiB / 1GiB,46.5MB / 47.7MB
1775422371,dds26-team9-order-web-8,31.19%,257.1MiB / 1GiB,46.7MB / 47.9MB
1775422371,dds26-team9-order-web-12,29.68%,254.4MiB / 1GiB,46.6MB / 47.7MB
1775422371,dds26-team9-order-web-5,30.75%,254.5MiB / 1GiB,46.5MB / 47.7MB
1775422371,dds26-team9-order-web-9,31.04%,255.2MiB / 1GiB,46.6MB / 47.7MB
1775422371,dds26-team9-order-web-11,30.56%,255.1MiB / 1GiB,46.6MB / 47.9MB
1775422371,dds26-team9-order-worker-1,22.06%,36.22MiB / 512MiB,39.6MB / 51.6MB
1775422371,dds26-team9-order-web-19,28.81%,258.5MiB / 1GiB,46.6MB / 47.9MB
1775422371,dds26-team9-order-web-16,30.66%,257.8MiB / 1GiB,46.6MB / 47.8MB
1775422371,dds26-team9-order-web-4,30.29%,263MiB / 1GiB,46.7MB / 47.8MB
1775422371,dds26-team9-order-web-22,32.62%,258.8MiB / 1GiB,46.5MB / 47.9MB
1775422371,dds26-team9-order-web-21,30.01%,256.5MiB / 1GiB,46.5MB / 47.9MB
1775422371,dds26-team9-orchestrator-worker-25,34.48%,37.51MiB / 512MiB,56.3MB / 93MB
1775422371,dds26-team9-order-web-3,30.58%,254.7MiB / 1GiB,46.6MB / 47.8MB
1775422371,dds26-team9-order-web-20,29.57%,254.5MiB / 1GiB,46.6MB / 47.8MB
1775422371,dds26-team9-order-web-2,38.32%,254.2MiB / 1GiB,46.6MB / 47.8MB
1775422371,dds26-team9-orchestrator-worker-24,34.76%,33.56MiB / 512MiB,56.4MB / 93.2MB
1775422371,dds26-team9-order-worker-4,22.41%,34.3MiB / 512MiB,39.6MB / 51.5MB
1775422371,dds26-team9-orchestrator-worker-1,35.49%,33.31MiB / 512MiB,56.1MB / 92.8MB
1775422371,dds26-team9-orchestrator-worker-17,33.55%,35.31MiB / 512MiB,56.3MB / 93MB
1775422371,dds26-team9-orchestrator-worker-3,33.99%,35.5MiB / 512MiB,56.4MB / 93MB
1775422371,dds26-team9-orchestrator-worker-14,33.70%,35.28MiB / 512MiB,56.3MB / 93MB
1775422371,dds26-team9-orchestrator-worker-21,33.69%,35.57MiB / 512MiB,56.4MB / 93.2MB
1775422371,dds26-team9-order-web-25,36.87%,254.4MiB / 1GiB,46.6MB / 47.7MB
1775422371,dds26-team9-orchestrator-worker-7,35.41%,35.46MiB / 512MiB,56.2MB / 92.8MB
1775422371,dds26-team9-order-web-10,31.20%,254.5MiB / 1GiB,46.6MB / 47.8MB
1775422371,dds26-team9-orchestrator-worker-16,34.05%,35.25MiB / 512MiB,56.5MB / 93.1MB
1775422371,dds26-team9-orchestrator-worker-6,34.85%,35.29MiB / 512MiB,56.2MB / 92.9MB
1775422371,dds26-team9-orchestrator-worker-23,32.86%,33.51MiB / 512MiB,56.2MB / 92.9MB
1775422371,dds26-team9-orchestrator-worker-20,34.13%,35.48MiB / 512MiB,56.5MB / 93.2MB
1775422371,dds26-team9-order-worker-8,22.31%,34.07MiB / 512MiB,39.6MB / 51.6MB
1775422371,dds26-team9-orchestrator-worker-15,33.38%,35.55MiB / 512MiB,56.2MB / 92.8MB
1775422371,dds26-team9-orchestrator-worker-22,33.93%,33.3MiB / 512MiB,56.1MB / 92.9MB
1775422371,dds26-team9-orchestrator-worker-13,34.00%,35.5MiB / 512MiB,56.3MB / 92.9MB
1775422371,dds26-team9-orchestrator-worker-8,33.81%,35.33MiB / 512MiB,56.5MB / 93.3MB
1775422371,dds26-team9-orchestrator-worker-19,33.66%,33.52MiB / 512MiB,56.4MB / 93.2MB
1775422371,dds26-team9-orchestrator-worker-10,33.48%,33.32MiB / 512MiB,56.3MB / 93.1MB
1775422371,dds26-team9-orchestrator-worker-18,33.99%,35.58MiB / 512MiB,56.4MB / 93.1MB
1775422371,dds26-team9-orchestrator-worker-2,34.14%,33.54MiB / 512MiB,56.2MB / 93MB
1775422371,dds26-team9-orchestrator-worker-11,33.13%,33.33MiB / 512MiB,56.3MB / 93.1MB
1775422371,dds26-team9-orchestrator-worker-12,33.50%,35.56MiB / 512MiB,56.1MB / 92.8MB
1775422371,dds26-team9-orchestrator-worker-4,33.24%,35.54MiB / 512MiB,56.2MB / 93MB
1775422371,dds26-team9-orchestrator-worker-9,33.89%,33.71MiB / 512MiB,56.1MB / 92.8MB
1775422371,dds26-team9-stock-worker-7,27.43%,33.66MiB / 512MiB,42.8MB / 60.2MB
1775422371,dds26-team9-stock-web-1,0.55%,217.8MiB / 512MiB,23.3kB / 6.45kB
1775422371,dds26-team9-stock-worker-1,27.40%,35.61MiB / 512MiB,42.9MB / 60.3MB
1775422371,dds26-team9-stock-worker-3,27.51%,33.44MiB / 512MiB,42.5MB / 59.8MB
1775422371,dds26-team9-orchestrator-worker-5,33.75%,35.48MiB / 512MiB,56.4MB / 93.1MB
1775422371,dds26-team9-stock-worker-6,27.19%,35.46MiB / 512MiB,42.9MB / 60.3MB
1775422371,dds26-team9-stock-web-3,0.56%,212.6MiB / 512MiB,23.2kB / 6.99kB
1775422371,dds26-team9-stock-web-2,0.59%,212.6MiB / 512MiB,21.5kB / 6.99kB
1775422371,dds26-team9-stock-worker-2,28.25%,33.65MiB / 512MiB,42.5MB / 59.9MB
1775422371,dds26-team9-stock-worker-5,27.68%,35.68MiB / 512MiB,43MB / 60.4MB
1775422371,dds26-team9-stock-web-4,0.58%,226.1MiB / 512MiB,23.9kB / 3.7MB
1775422371,dds26-team9-stock-worker-8,26.33%,35.41MiB / 512MiB,43.1MB / 60.5MB
1775422371,dds26-team9-stock-worker-4,27.11%,35.72MiB / 512MiB,42.8MB / 60.3MB
1775422371,dds26-team9-user-worker-4,38.63%,35.77MiB / 512MiB,73.4MB / 96.5MB
1775422371,dds26-team9-user-web-2,0.57%,218.3MiB / 512MiB,23.6kB / 7.12kB
1775422371,dds26-team9-user-worker-2,38.87%,33.85MiB / 512MiB,73.6MB / 96.9MB
1775422371,dds26-team9-user-worker-3,36.50%,35.83MiB / 512MiB,73.3MB / 96.5MB
1775422371,dds26-team9-user-worker-1,38.04%,35.82MiB / 512MiB,73.6MB / 96.8MB
1775422371,dds26-team9-user-web-4,0.55%,212.3MiB / 512MiB,22.5kB / 7.06kB
1775422371,dds26-team9-user-web-3,0.56%,224.6MiB / 512MiB,23.5kB / 3.1MB
1775422371,dds26-team9-user-web-1,0.56%,211.7MiB / 512MiB,20.2kB / 7.53kB
1775422371,dds26-team9-redis-stock-1,7.32%,29.04MiB / 512MiB,58.9MB / 74MB
1775422371,dds26-team9-redis-payment-1,7.33%,28.83MiB / 512MiB,55.6MB / 70.3MB
1775422371,dds26-team9-redis-order-1,44.56%,33.44MiB / 512MiB,851MB / 1.06GB
1775422371,dds26-team9-redis-orchestrator-1,30.86%,35.54MiB / 512MiB,890MB / 589MB
1775422371,dds26-team9-redis-bus-1,172.74%,38.5MiB / 2GiB,2.76GB / 1.56GB
1775422374,dds26-team9-gateway-1,23.79%,124.6MiB / 354.3GiB,494MB / 427MB
1775422374,dds26-team9-order-worker-5,22.98%,35.88MiB / 512MiB,40.1MB / 52.2MB
1775422374,dds26-team9-order-worker-3,22.18%,34.28MiB / 512MiB,40.2MB / 52.3MB
1775422374,dds26-team9-order-web-14,30.78%,264MiB / 1GiB,47.2MB / 48.5MB
1775422374,dds26-team9-order-web-7,32.38%,256.9MiB / 1GiB,47.3MB / 48.5MB
1775422374,dds26-team9-order-web-15,30.17%,274.7MiB / 1GiB,47.3MB / 59.9MB
1775422374,dds26-team9-order-web-24,36.20%,258.8MiB / 1GiB,47.2MB / 48.4MB
1775422374,dds26-team9-order-worker-2,21.20%,36.2MiB / 512MiB,40.2MB / 52.3MB
1775422374,dds26-team9-order-worker-7,21.76%,36.05MiB / 512MiB,40.2MB / 52.4MB
1775422374,dds26-team9-order-web-1,29.52%,254.7MiB / 1GiB,47MB / 48.3MB
1775422374,dds26-team9-order-web-18,30.05%,258.7MiB / 1GiB,47.3MB / 48.3MB
1775422374,dds26-team9-order-web-13,28.55%,254.7MiB / 1GiB,47.3MB / 48.4MB
1775422374,dds26-team9-order-web-23,31.23%,258.6MiB / 1GiB,47.3MB / 48.4MB
1775422374,dds26-team9-order-worker-6,21.31%,36.2MiB / 512MiB,40.2MB / 52.3MB
1775422374,dds26-team9-order-web-17,31.28%,254.7MiB / 1GiB,47.3MB / 48.3MB
1775422374,dds26-team9-order-web-6,31.09%,254.7MiB / 1GiB,47.3MB / 48.4MB
1775422374,dds26-team9-order-web-8,31.55%,257.1MiB / 1GiB,47.4MB / 48.6MB
1775422374,dds26-team9-order-web-12,30.39%,254.2MiB / 1GiB,47.3MB / 48.4MB
1775422374,dds26-team9-order-web-5,30.00%,254.7MiB / 1GiB,47.2MB / 48.4MB
1775422374,dds26-team9-order-web-9,29.05%,255.2MiB / 1GiB,47.3MB / 48.4MB
1775422374,dds26-team9-order-web-11,29.77%,255.4MiB / 1GiB,47.3MB / 48.6MB
1775422374,dds26-team9-order-worker-1,22.79%,36.17MiB / 512MiB,40.2MB / 52.3MB
1775422374,dds26-team9-order-web-19,29.56%,258.8MiB / 1GiB,47.3MB / 48.6MB
1775422374,dds26-team9-order-web-16,30.92%,258MiB / 1GiB,47.3MB / 48.5MB
1775422374,dds26-team9-order-web-4,29.93%,263MiB / 1GiB,47.4MB / 48.5MB
1775422374,dds26-team9-order-web-22,31.53%,258.8MiB / 1GiB,47.3MB / 48.6MB
1775422374,dds26-team9-order-web-21,30.45%,256.7MiB / 1GiB,47.3MB / 48.6MB
1775422374,dds26-team9-orchestrator-worker-25,33.61%,37.41MiB / 512MiB,57.1MB / 94.3MB
1775422374,dds26-team9-order-web-3,31.52%,254.4MiB / 1GiB,47.3MB / 48.6MB
1775422374,dds26-team9-order-web-20,32.03%,254MiB / 1GiB,47.3MB / 48.5MB
1775422374,dds26-team9-order-web-2,32.00%,254.2MiB / 1GiB,47.3MB / 48.6MB
1775422374,dds26-team9-orchestrator-worker-24,34.16%,33.33MiB / 512MiB,57.2MB / 94.5MB
1775422374,dds26-team9-order-worker-4,22.51%,34.28MiB / 512MiB,40.1MB / 52.2MB
1775422374,dds26-team9-orchestrator-worker-1,33.82%,33.39MiB / 512MiB,56.9MB / 94.1MB
1775422374,dds26-team9-orchestrator-worker-17,32.94%,35.51MiB / 512MiB,57MB / 94.3MB
1775422374,dds26-team9-orchestrator-worker-3,33.28%,35.51MiB / 512MiB,57.2MB / 94.4MB
1775422374,dds26-team9-orchestrator-worker-14,33.46%,35.53MiB / 512MiB,57.1MB / 94.3MB
1775422374,dds26-team9-orchestrator-worker-21,33.51%,35.48MiB / 512MiB,57.1MB / 94.5MB
1775422374,dds26-team9-order-web-25,29.94%,254.3MiB / 1GiB,47.3MB / 48.5MB
1775422374,dds26-team9-orchestrator-worker-7,33.95%,35.57MiB / 512MiB,57MB / 94.1MB
1775422374,dds26-team9-order-web-10,29.79%,254.5MiB / 1GiB,47.3MB / 48.5MB
1775422374,dds26-team9-orchestrator-worker-16,33.58%,35.25MiB / 512MiB,57.3MB / 94.4MB
1775422374,dds26-team9-orchestrator-worker-6,34.13%,35.54MiB / 512MiB,57MB / 94.2MB
1775422374,dds26-team9-orchestrator-worker-23,34.34%,33.45MiB / 512MiB,57MB / 94.2MB
1775422374,dds26-team9-orchestrator-worker-20,33.20%,35.36MiB / 512MiB,57.3MB / 94.5MB
1775422374,dds26-team9-order-worker-8,22.14%,34.07MiB / 512MiB,40.2MB / 52.3MB
1775422374,dds26-team9-orchestrator-worker-15,32.88%,35.47MiB / 512MiB,56.9MB / 94.1MB
1775422374,dds26-team9-orchestrator-worker-22,33.52%,33.5MiB / 512MiB,56.9MB / 94.2MB
1775422374,dds26-team9-orchestrator-worker-13,32.99%,35.4MiB / 512MiB,57MB / 94.2MB
1775422374,dds26-team9-orchestrator-worker-8,32.94%,35.57MiB / 512MiB,57.3MB / 94.6MB
1775422374,dds26-team9-orchestrator-worker-19,33.10%,33.53MiB / 512MiB,57.1MB / 94.4MB
1775422374,dds26-team9-orchestrator-worker-10,33.57%,33.55MiB / 512MiB,57.1MB / 94.4MB
1775422374,dds26-team9-orchestrator-worker-18,33.08%,35.59MiB / 512MiB,57.1MB / 94.4MB
1775422374,dds26-team9-orchestrator-worker-2,34.09%,33.53MiB / 512MiB,57MB / 94.3MB
1775422374,dds26-team9-orchestrator-worker-11,33.09%,33.33MiB / 512MiB,57.1MB / 94.3MB
1775422374,dds26-team9-orchestrator-worker-12,32.87%,35.54MiB / 512MiB,56.9MB / 94.1MB
1775422374,dds26-team9-orchestrator-worker-4,33.30%,35.53MiB / 512MiB,57MB / 94.3MB
1775422374,dds26-team9-orchestrator-worker-9,32.83%,33.52MiB / 512MiB,56.9MB / 94.1MB
1775422374,dds26-team9-stock-worker-7,25.77%,33.68MiB / 512MiB,43.4MB / 61.1MB
1775422374,dds26-team9-stock-web-1,0.55%,217.8MiB / 512MiB,23.4kB / 6.6kB
1775422374,dds26-team9-stock-worker-1,26.14%,35.39MiB / 512MiB,43.5MB / 61.2MB
1775422374,dds26-team9-stock-worker-3,26.84%,33.44MiB / 512MiB,43.1MB / 60.7MB
1775422374,dds26-team9-orchestrator-worker-5,31.83%,35.3MiB / 512MiB,57.2MB / 94.4MB
1775422374,dds26-team9-stock-worker-6,27.44%,35.69MiB / 512MiB,43.5MB / 61.2MB
1775422374,dds26-team9-stock-web-3,0.54%,212.6MiB / 512MiB,23.2kB / 7.14kB
1775422374,dds26-team9-stock-web-2,0.58%,212.6MiB / 512MiB,21.6kB / 7.14kB
1775422374,dds26-team9-stock-worker-2,27.72%,33.64MiB / 512MiB,43.1MB / 60.7MB
1775422374,dds26-team9-stock-worker-5,26.15%,35.44MiB / 512MiB,43.5MB / 61.3MB
1775422374,dds26-team9-stock-web-4,8.74%,226.1MiB / 512MiB,24kB / 3.7MB
1775422374,dds26-team9-stock-worker-8,26.18%,35.4MiB / 512MiB,43.6MB / 61.4MB
1775422374,dds26-team9-stock-worker-4,26.68%,35.72MiB / 512MiB,43.4MB / 61.1MB
1775422374,dds26-team9-user-worker-4,38.71%,35.8MiB / 512MiB,74.4MB / 97.9MB
1775422374,dds26-team9-user-web-2,0.55%,218.3MiB / 512MiB,23.7kB / 7.27kB
1775422374,dds26-team9-user-worker-2,37.41%,33.6MiB / 512MiB,74.7MB / 98.2MB
1775422374,dds26-team9-user-worker-3,35.39%,35.59MiB / 512MiB,74.4MB / 97.8MB
1775422374,dds26-team9-user-worker-1,37.21%,35.59MiB / 512MiB,74.6MB / 98.2MB
1775422374,dds26-team9-user-web-4,0.49%,212.3MiB / 512MiB,22.5kB / 7.21kB
1775422374,dds26-team9-user-web-3,8.20%,224.6MiB / 512MiB,23.5kB / 3.1MB
1775422374,dds26-team9-user-web-1,7.82%,211.7MiB / 512MiB,20.3kB / 7.68kB
1775422374,dds26-team9-redis-stock-1,5.67%,29.04MiB / 512MiB,59.7MB / 75MB
1775422374,dds26-team9-redis-payment-1,5.18%,28.83MiB / 512MiB,56.3MB / 71.3MB
1775422374,dds26-team9-redis-order-1,43.92%,33.69MiB / 512MiB,864MB / 1.08GB
1775422374,dds26-team9-redis-orchestrator-1,27.93%,35.56MiB / 512MiB,902MB / 597MB
1775422374,dds26-team9-redis-bus-1,166.27%,38.52MiB / 2GiB,2.8GB / 1.58GB
1775422378,dds26-team9-gateway-1,23.11%,124.9MiB / 354.3GiB,502MB / 433MB
1775422378,dds26-team9-order-worker-5,22.35%,35.62MiB / 512MiB,40.6MB / 52.9MB
1775422378,dds26-team9-order-worker-3,22.18%,34.04MiB / 512MiB,40.5MB / 52.8MB
1775422378,dds26-team9-order-web-14,30.25%,264.3MiB / 1GiB,48MB / 49.2MB
1775422378,dds26-team9-order-web-7,31.23%,256.9MiB / 1GiB,48MB / 49.2MB
1775422378,dds26-team9-order-web-15,30.27%,274.7MiB / 1GiB,48MB / 60.6MB
1775422378,dds26-team9-order-web-24,30.68%,259.1MiB / 1GiB,48MB / 49.1MB
1775422378,dds26-team9-order-worker-2,20.92%,35.99MiB / 512MiB,40.7MB / 53MB
1775422378,dds26-team9-order-worker-7,21.15%,36.24MiB / 512MiB,40.8MB / 53.1MB
1775422378,dds26-team9-order-web-1,30.00%,255.2MiB / 1GiB,48MB / 49.2MB
1775422378,dds26-team9-order-web-18,30.49%,258.7MiB / 1GiB,48MB / 49.1MB
1775422378,dds26-team9-order-web-13,30.48%,254.7MiB / 1GiB,48MB / 49.2MB
1775422378,dds26-team9-order-web-23,29.80%,258.6MiB / 1GiB,48MB / 49.1MB
1775422378,dds26-team9-order-worker-6,21.10%,36.23MiB / 512MiB,40.7MB / 53MB
1775422378,dds26-team9-order-web-17,34.83%,254.2MiB / 1GiB,48MB / 49MB
1775422378,dds26-team9-order-web-6,38.19%,255MiB / 1GiB,48MB / 49.1MB
1775422378,dds26-team9-order-web-8,38.20%,257.3MiB / 1GiB,48.1MB / 49.3MB
1775422378,dds26-team9-order-web-12,36.73%,254.4MiB / 1GiB,48MB / 49.1MB
1775422378,dds26-team9-order-web-5,38.08%,254.5MiB / 1GiB,48MB / 49.1MB
1775422378,dds26-team9-order-web-9,31.46%,255.2MiB / 1GiB,48MB / 49.1MB
1775422378,dds26-team9-order-web-11,30.28%,255.1MiB / 1GiB,48MB / 49.3MB
1775422378,dds26-team9-order-worker-1,21.93%,36.11MiB / 512MiB,40.7MB / 53MB
1775422378,dds26-team9-order-web-19,31.64%,258.6MiB / 1GiB,48.1MB / 49.3MB
1775422378,dds26-team9-order-web-16,29.61%,258MiB / 1GiB,48MB / 49.2MB
1775422378,dds26-team9-order-web-4,30.86%,263MiB / 1GiB,48.1MB / 49.2MB
1775422378,dds26-team9-order-web-22,31.39%,259.1MiB / 1GiB,48MB / 49.3MB
1775422378,dds26-team9-order-web-21,30.14%,256.5MiB / 1GiB,48MB / 49.3MB
1775422378,dds26-team9-orchestrator-worker-25,32.23%,37.27MiB / 512MiB,57.9MB / 95.6MB
1775422378,dds26-team9-order-web-3,31.27%,254.5MiB / 1GiB,48MB / 49.3MB
1775422378,dds26-team9-order-web-20,32.00%,254MiB / 1GiB,48MB / 49.2MB
1775422378,dds26-team9-order-web-2,29.72%,254.3MiB / 1GiB,48MB / 49.3MB
1775422378,dds26-team9-orchestrator-worker-24,33.67%,33.54MiB / 512MiB,58MB / 95.8MB
1775422378,dds26-team9-order-worker-4,22.67%,34.05MiB / 512MiB,40.7MB / 52.9MB
1775422378,dds26-team9-orchestrator-worker-1,34.61%,33.31MiB / 512MiB,57.7MB / 95.4MB
1775422378,dds26-team9-orchestrator-worker-17,32.94%,35.5MiB / 512MiB,57.8MB / 95.6MB
1775422378,dds26-team9-orchestrator-worker-3,32.94%,35.5MiB / 512MiB,57.9MB / 95.7MB
1775422378,dds26-team9-orchestrator-worker-14,32.70%,35.28MiB / 512MiB,57.8MB / 95.6MB
1775422378,dds26-team9-orchestrator-worker-21,33.88%,35.45MiB / 512MiB,57.9MB / 95.8MB
1775422378,dds26-team9-order-web-25,30.28%,254.4MiB / 1GiB,48MB / 49.2MB
1775422378,dds26-team9-orchestrator-worker-7,34.04%,35.51MiB / 512MiB,57.7MB / 95.4MB
1775422378,dds26-team9-order-web-10,30.00%,254.8MiB / 1GiB,48MB / 49.2MB
1775422378,dds26-team9-orchestrator-worker-16,33.70%,35.25MiB / 512MiB,58.1MB / 95.8MB
1775422378,dds26-team9-orchestrator-worker-6,33.47%,35.29MiB / 512MiB,57.8MB / 95.5MB
1775422378,dds26-team9-orchestrator-worker-23,33.49%,33.54MiB / 512MiB,57.8MB / 95.5MB
1775422378,dds26-team9-orchestrator-worker-20,33.98%,35.36MiB / 512MiB,58.1MB / 95.8MB
1775422378,dds26-team9-order-worker-8,21.28%,34.07MiB / 512MiB,40.7MB / 53MB
1775422378,dds26-team9-orchestrator-worker-15,33.41%,35.57MiB / 512MiB,57.7MB / 95.4MB
1775422378,dds26-team9-orchestrator-worker-22,34.42%,33.52MiB / 512MiB,57.7MB / 95.5MB
1775422378,dds26-team9-orchestrator-worker-13,35.05%,35.28MiB / 512MiB,57.8MB / 95.5MB
1775422378,dds26-team9-orchestrator-worker-8,34.85%,35.58MiB / 512MiB,58.1MB / 95.9MB
1775422378,dds26-team9-orchestrator-worker-19,33.20%,33.45MiB / 512MiB,57.9MB / 95.8MB
1775422378,dds26-team9-orchestrator-worker-10,33.97%,33.56MiB / 512MiB,57.9MB / 95.7MB
1775422378,dds26-team9-orchestrator-worker-18,34.16%,35.55MiB / 512MiB,57.9MB / 95.7MB
1775422378,dds26-team9-orchestrator-worker-2,33.95%,33.31MiB / 512MiB,57.8MB / 95.6MB
1775422378,dds26-team9-orchestrator-worker-11,33.38%,33.56MiB / 512MiB,57.9MB / 95.6MB
1775422378,dds26-team9-orchestrator-worker-12,33.18%,35.53MiB / 512MiB,57.7MB / 95.4MB
1775422378,dds26-team9-orchestrator-worker-4,33.85%,35.54MiB / 512MiB,57.8MB / 95.6MB
1775422378,dds26-team9-orchestrator-worker-9,32.96%,33.55MiB / 512MiB,57.7MB / 95.4MB
1775422378,dds26-team9-stock-worker-7,27.40%,33.68MiB / 512MiB,44MB / 61.9MB
1775422378,dds26-team9-stock-web-1,0.57%,217.8MiB / 512MiB,23.4kB / 6.6kB
1775422378,dds26-team9-stock-worker-1,26.13%,35.63MiB / 512MiB,44.1MB / 62MB
1775422378,dds26-team9-stock-worker-3,29.12%,33.63MiB / 512MiB,43.7MB / 61.6MB
1775422378,dds26-team9-orchestrator-worker-5,32.66%,35.3MiB / 512MiB,58MB / 95.7MB
1775422378,dds26-team9-stock-worker-6,26.16%,35.7MiB / 512MiB,44.1MB / 62MB
1775422378,dds26-team9-stock-web-3,0.54%,212.6MiB / 512MiB,23.2kB / 7.14kB
1775422378,dds26-team9-stock-web-2,0.59%,212.6MiB / 512MiB,21.6kB / 7.14kB
1775422378,dds26-team9-stock-worker-2,27.40%,33.69MiB / 512MiB,43.7MB / 61.6MB
1775422378,dds26-team9-stock-worker-5,27.41%,35.68MiB / 512MiB,44.2MB / 62.1MB
1775422378,dds26-team9-stock-web-4,0.58%,226.1MiB / 512MiB,24kB / 3.7MB
1775422378,dds26-team9-stock-worker-8,26.13%,35.59MiB / 512MiB,44.2MB / 62.2MB
1775422378,dds26-team9-stock-worker-4,26.81%,35.48MiB / 512MiB,44MB / 62MB
1775422378,dds26-team9-user-worker-4,37.51%,35.77MiB / 512MiB,75.4MB / 99.2MB
1775422378,dds26-team9-user-web-2,0.57%,218.3MiB / 512MiB,23.7kB / 7.27kB
1775422378,dds26-team9-user-worker-2,37.45%,33.84MiB / 512MiB,75.7MB / 99.6MB
1775422378,dds26-team9-user-worker-3,35.28%,36.05MiB / 512MiB,75.4MB / 99.2MB
1775422378,dds26-team9-user-worker-1,36.73%,35.8MiB / 512MiB,75.7MB / 99.5MB
1775422378,dds26-team9-user-web-4,0.53%,212.3MiB / 512MiB,22.5kB / 7.21kB
1775422378,dds26-team9-user-web-3,0.59%,224.6MiB / 512MiB,23.5kB / 3.1MB
1775422378,dds26-team9-user-web-1,0.57%,211.7MiB / 512MiB,20.4kB / 7.68kB
1775422378,dds26-team9-redis-stock-1,5.50%,29.02MiB / 512MiB,60.5MB / 76MB
1775422378,dds26-team9-redis-payment-1,4.98%,28.83MiB / 512MiB,57MB / 72.3MB
1775422378,dds26-team9-redis-order-1,44.04%,33.57MiB / 512MiB,877MB / 1.09GB
1775422378,dds26-team9-redis-orchestrator-1,30.53%,35.8MiB / 512MiB,915MB / 606MB
1775422378,dds26-team9-redis-bus-1,172.09%,38.11MiB / 2GiB,2.84GB / 1.61GB
1775422381,dds26-team9-gateway-1,22.96%,124.7MiB / 354.3GiB,509MB / 440MB
1775422381,dds26-team9-order-worker-5,22.65%,35.43MiB / 512MiB,41.2MB / 53.6MB
1775422381,dds26-team9-order-worker-3,22.81%,34.04MiB / 512MiB,41.2MB / 53.7MB
1775422381,dds26-team9-order-web-14,30.91%,264MiB / 1GiB,48.7MB / 49.9MB
1775422381,dds26-team9-order-web-7,31.18%,257.2MiB / 1GiB,48.7MB / 49.9MB
1775422381,dds26-team9-order-web-15,31.25%,274.7MiB / 1GiB,48.7MB / 61.3MB
1775422381,dds26-team9-order-web-24,31.44%,258.8MiB / 1GiB,48.7MB / 49.8MB
1775422381,dds26-team9-order-worker-2,22.41%,35.99MiB / 512MiB,41.3MB / 53.8MB
1775422381,dds26-team9-order-worker-7,21.94%,36.3MiB / 512MiB,41.3MB / 53.8MB
1775422381,dds26-team9-order-web-1,30.43%,255.2MiB / 1GiB,48.7MB / 49.9MB
1775422381,dds26-team9-order-web-18,31.02%,258.7MiB / 1GiB,48.7MB / 49.8MB
1775422381,dds26-team9-order-web-13,31.91%,254.8MiB / 1GiB,48.5MB / 49.6MB
1775422381,dds26-team9-order-web-23,30.53%,258.6MiB / 1GiB,48.8MB / 49.9MB
1775422381,dds26-team9-order-worker-6,22.28%,35.99MiB / 512MiB,41.3MB / 53.7MB
1775422381,dds26-team9-order-web-17,31.08%,254.2MiB / 1GiB,48.8MB / 49.7MB
1775422381,dds26-team9-order-web-6,29.97%,255MiB / 1GiB,48.7MB / 49.8MB
1775422381,dds26-team9-order-web-8,33.08%,257.3MiB / 1GiB,48.8MB / 50MB
1775422381,dds26-team9-order-web-12,28.78%,254.2MiB / 1GiB,48.7MB / 49.8MB
1775422381,dds26-team9-order-web-5,30.69%,254.5MiB / 1GiB,48.7MB / 49.8MB
1775422381,dds26-team9-order-web-9,30.10%,255.7MiB / 1GiB,48.8MB / 49.9MB
1775422381,dds26-team9-order-web-11,30.79%,255.1MiB / 1GiB,48.8MB / 50MB
1775422381,dds26-team9-order-worker-1,22.39%,36.27MiB / 512MiB,41.2MB / 53.7MB
1775422381,dds26-team9-order-web-19,31.34%,258.8MiB / 1GiB,48.8MB / 50MB
1775422381,dds26-team9-order-web-16,29.76%,257.8MiB / 1GiB,48.8MB / 49.9MB
1775422381,dds26-team9-order-web-4,29.81%,263.5MiB / 1GiB,48.8MB / 49.9MB
1775422381,dds26-team9-order-web-22,30.93%,258.9MiB / 1GiB,48.7MB / 50MB
1775422381,dds26-team9-order-web-21,29.62%,256.5MiB / 1GiB,48.7MB / 50MB
1775422381,dds26-team9-orchestrator-worker-25,34.29%,37.27MiB / 512MiB,58.7MB / 96.9MB
1775422381,dds26-team9-order-web-3,31.19%,254.5MiB / 1GiB,48.8MB / 50MB
1775422381,dds26-team9-order-web-20,30.33%,254.3MiB / 1GiB,48.8MB / 49.9MB
1775422381,dds26-team9-order-web-2,36.95%,254.5MiB / 1GiB,48.8MB / 50MB
1775422381,dds26-team9-orchestrator-worker-24,35.47%,33.32MiB / 512MiB,58.8MB / 97.1MB
1775422381,dds26-team9-order-worker-4,22.69%,34.05MiB / 512MiB,41.2MB / 53.7MB
1775422381,dds26-team9-orchestrator-worker-1,34.53%,33.81MiB / 512MiB,58.5MB / 96.7MB
1775422381,dds26-team9-orchestrator-worker-17,32.72%,35.55MiB / 512MiB,58.6MB / 96.9MB
1775422381,dds26-team9-orchestrator-worker-3,33.79%,35.73MiB / 512MiB,58.7MB / 97MB
1775422381,dds26-team9-orchestrator-worker-14,33.31%,35.51MiB / 512MiB,58.6MB / 96.9MB
1775422381,dds26-team9-orchestrator-worker-21,34.46%,35.33MiB / 512MiB,58.7MB / 97.1MB
1775422381,dds26-team9-order-web-25,36.69%,254.6MiB / 1GiB,48.8MB / 49.9MB
1775422381,dds26-team9-orchestrator-worker-7,34.13%,35.47MiB / 512MiB,58.6MB / 96.8MB
1775422381,dds26-team9-order-web-10,30.92%,254.5MiB / 1GiB,48.8MB / 49.9MB
1775422381,dds26-team9-orchestrator-worker-16,33.06%,35.49MiB / 512MiB,58.9MB / 97.1MB
1775422381,dds26-team9-orchestrator-worker-6,34.71%,35.53MiB / 512MiB,58.6MB / 96.8MB
1775422381,dds26-team9-orchestrator-worker-23,33.63%,33.34MiB / 512MiB,58.6MB / 96.8MB
1775422381,dds26-team9-orchestrator-worker-20,33.71%,35.6MiB / 512MiB,58.9MB / 97.1MB
1775422381,dds26-team9-order-worker-8,21.84%,34.31MiB / 512MiB,41.3MB / 53.7MB
1775422381,dds26-team9-orchestrator-worker-15,33.87%,35.32MiB / 512MiB,58.5MB / 96.7MB
1775422381,dds26-team9-orchestrator-worker-22,34.32%,33.77MiB / 512MiB,58.5MB / 96.8MB
1775422381,dds26-team9-orchestrator-worker-13,34.37%,35.49MiB / 512MiB,58.6MB / 96.8MB
1775422381,dds26-team9-orchestrator-worker-8,32.65%,35.8MiB / 512MiB,58.9MB / 97.2MB
1775422381,dds26-team9-orchestrator-worker-19,35.19%,33.29MiB / 512MiB,58.7MB / 97.1MB
1775422381,dds26-team9-orchestrator-worker-10,33.48%,33.5MiB / 512MiB,58.6MB / 97MB
1775422381,dds26-team9-orchestrator-worker-18,33.45%,35.52MiB / 512MiB,58.7MB / 97.1MB
1775422381,dds26-team9-orchestrator-worker-2,34.35%,33.55MiB / 512MiB,58.6MB / 96.9MB
1775422381,dds26-team9-orchestrator-worker-11,32.57%,33.52MiB / 512MiB,58.7MB / 96.9MB
1775422381,dds26-team9-orchestrator-worker-12,34.17%,35.33MiB / 512MiB,58.5MB / 96.7MB
1775422381,dds26-team9-orchestrator-worker-4,33.81%,35.5MiB / 512MiB,58.6MB / 96.9MB
1775422381,dds26-team9-orchestrator-worker-9,33.72%,33.55MiB / 512MiB,58.5MB / 96.7MB
1775422381,dds26-team9-stock-worker-7,27.02%,33.7MiB / 512MiB,44.6MB / 62.8MB
1775422381,dds26-team9-stock-web-1,0.54%,217.8MiB / 512MiB,23.4kB / 6.6kB
1775422381,dds26-team9-stock-worker-1,26.67%,35.39MiB / 512MiB,44.7MB / 62.9MB
1775422381,dds26-team9-stock-worker-3,28.13%,33.44MiB / 512MiB,44.3MB / 62.4MB
1775422381,dds26-team9-orchestrator-worker-5,33.05%,35.75MiB / 512MiB,58.8MB / 97MB
1775422381,dds26-team9-stock-worker-6,27.34%,35.68MiB / 512MiB,44.7MB / 62.9MB
1775422381,dds26-team9-stock-web-3,0.55%,212.6MiB / 512MiB,23.2kB / 7.14kB
1775422381,dds26-team9-stock-web-2,0.58%,212.6MiB / 512MiB,21.6kB / 7.14kB
1775422381,dds26-team9-stock-worker-2,28.03%,33.44MiB / 512MiB,44.3MB / 62.4MB
1775422381,dds26-team9-stock-worker-5,27.29%,35.44MiB / 512MiB,44.8MB / 63MB
1775422381,dds26-team9-stock-web-4,0.57%,226.1MiB / 512MiB,24kB / 3.7MB
1775422381,dds26-team9-stock-worker-8,27.22%,35.41MiB / 512MiB,44.8MB / 63.1MB
1775422381,dds26-team9-stock-worker-4,26.68%,35.7MiB / 512MiB,44.6MB / 62.8MB
1775422381,dds26-team9-user-worker-4,37.93%,36.91MiB / 512MiB,76.5MB / 101MB
1775422381,dds26-team9-user-web-2,0.55%,218.3MiB / 512MiB,23.7kB / 7.27kB
1775422381,dds26-team9-user-worker-2,38.00%,33.6MiB / 512MiB,76.7MB / 101MB
1775422381,dds26-team9-user-worker-3,35.49%,35.59MiB / 512MiB,76.4MB / 100MB
1775422381,dds26-team9-user-worker-1,38.10%,35.82MiB / 512MiB,76.7MB / 101MB
1775422381,dds26-team9-user-web-4,0.50%,212.3MiB / 512MiB,22.5kB / 7.21kB
1775422381,dds26-team9-user-web-3,0.57%,224.6MiB / 512MiB,23.5kB / 3.1MB
1775422381,dds26-team9-user-web-1,0.56%,211.7MiB / 512MiB,20.4kB / 7.68kB
1775422381,dds26-team9-redis-stock-1,7.41%,29.02MiB / 512MiB,61.2MB / 77.1MB
1775422381,dds26-team9-redis-payment-1,7.09%,28.83MiB / 512MiB,57.8MB / 73.3MB
1775422381,dds26-team9-redis-order-1,44.78%,33.62MiB / 512MiB,890MB / 1.11GB
1775422381,dds26-team9-redis-orchestrator-1,28.58%,35.5MiB / 512MiB,928MB / 614MB
1775422381,dds26-team9-redis-bus-1,168.66%,37.79MiB / 2GiB,2.88GB / 1.63GB
1775422384,dds26-team9-gateway-1,22.66%,125.2MiB / 354.3GiB,517MB / 446MB
1775422384,dds26-team9-order-worker-5,22.09%,35.43MiB / 512MiB,41.5MB / 54.1MB
1775422384,dds26-team9-order-worker-3,21.29%,34.04MiB / 512MiB,41.8MB / 54.4MB
1775422384,dds26-team9-order-web-14,30.52%,264MiB / 1GiB,49.4MB / 50.6MB
1775422384,dds26-team9-order-web-7,31.62%,256.9MiB / 1GiB,49.5MB / 50.6MB
1775422384,dds26-team9-order-web-15,30.91%,275MiB / 1GiB,49.5MB / 62MB
1775422384,dds26-team9-order-web-24,37.73%,258.8MiB / 1GiB,49.5MB / 50.5MB
1775422384,dds26-team9-order-worker-2,21.42%,35.99MiB / 512MiB,41.8MB / 54.5MB
1775422384,dds26-team9-order-worker-7,21.50%,36.25MiB / 512MiB,41.9MB / 54.5MB
1775422384,dds26-team9-order-web-1,30.96%,254.7MiB / 1GiB,49.5MB / 50.7MB
1775422384,dds26-team9-order-web-18,30.36%,259MiB / 1GiB,49.5MB / 50.5MB
1775422384,dds26-team9-order-web-13,30.42%,254.5MiB / 1GiB,49.5MB / 50.6MB
1775422384,dds26-team9-order-web-23,31.09%,258.5MiB / 1GiB,49.5MB / 50.6MB
1775422384,dds26-team9-order-worker-6,21.39%,36MiB / 512MiB,41.8MB / 54.4MB
1775422384,dds26-team9-order-web-17,31.06%,254.2MiB / 1GiB,49.5MB / 50.4MB
1775422384,dds26-team9-order-web-6,29.70%,255MiB / 1GiB,49.4MB / 50.5MB
1775422384,dds26-team9-order-web-8,30.38%,257.1MiB / 1GiB,49.6MB / 50.7MB
1775422384,dds26-team9-order-web-12,30.16%,254.2MiB / 1GiB,49.5MB / 50.5MB
1775422384,dds26-team9-order-web-5,30.67%,254.5MiB / 1GiB,49.4MB / 50.5MB
1775422384,dds26-team9-order-web-9,31.03%,255.2MiB / 1GiB,49.5MB / 50.6MB
1775422384,dds26-team9-order-web-11,31.54%,255.1MiB / 1GiB,49.5MB / 50.7MB
1775422384,dds26-team9-order-worker-1,21.21%,36.03MiB / 512MiB,41.8MB / 54.4MB
1775422384,dds26-team9-order-web-19,31.57%,258.6MiB / 1GiB,49.5MB / 50.8MB
1775422384,dds26-team9-order-web-16,30.11%,257.8MiB / 1GiB,49.5MB / 50.6MB
1775422384,dds26-team9-order-web-4,30.83%,263MiB / 1GiB,49.6MB / 50.6MB
1775422384,dds26-team9-order-web-22,31.25%,258.9MiB / 1GiB,49.5MB / 50.7MB
1775422384,dds26-team9-order-web-21,31.28%,256.7MiB / 1GiB,49.5MB / 50.7MB
1775422384,dds26-team9-orchestrator-worker-25,32.55%,37.46MiB / 512MiB,59.5MB / 98.2MB
1775422384,dds26-team9-order-web-3,30.35%,254.5MiB / 1GiB,49.5MB / 50.7MB
1775422384,dds26-team9-order-web-20,31.20%,254MiB / 1GiB,49.5MB / 50.6MB
1775422384,dds26-team9-order-web-2,30.22%,254.3MiB / 1GiB,49.5MB / 50.7MB
1775422384,dds26-team9-orchestrator-worker-24,34.11%,33.32MiB / 512MiB,59.6MB / 98.4MB
1775422384,dds26-team9-order-worker-4,21.36%,34.05MiB / 512MiB,41.7MB / 54.3MB
1775422384,dds26-team9-orchestrator-worker-1,33.58%,33.49MiB / 512MiB,59.3MB / 98MB
1775422384,dds26-team9-orchestrator-worker-17,33.58%,35.52MiB / 512MiB,59.4MB / 98.2MB
1775422384,dds26-team9-orchestrator-worker-3,33.25%,35.52MiB / 512MiB,59.5MB / 98.3MB
1775422384,dds26-team9-orchestrator-worker-14,32.86%,35.46MiB / 512MiB,59.4MB / 98.2MB
1775422384,dds26-team9-orchestrator-worker-21,33.58%,35.56MiB / 512MiB,59.5MB / 98.4MB
1775422384,dds26-team9-order-web-25,30.75%,254.4MiB / 1GiB,49.5MB / 50.6MB
1775422384,dds26-team9-orchestrator-worker-7,34.16%,35.48MiB / 512MiB,59.3MB / 98MB
1775422384,dds26-team9-order-web-10,30.58%,254.8MiB / 1GiB,49.5MB / 50.6MB
1775422384,dds26-team9-orchestrator-worker-16,33.14%,35.45MiB / 512MiB,59.6MB / 98.4MB
1775422384,dds26-team9-orchestrator-worker-6,33.64%,35.29MiB / 512MiB,59.4MB / 98.1MB
1775422384,dds26-team9-orchestrator-worker-23,32.72%,33.34MiB / 512MiB,59.3MB / 98.1MB
1775422384,dds26-team9-orchestrator-worker-20,33.51%,35.36MiB / 512MiB,59.6MB / 98.4MB
1775422384,dds26-team9-order-worker-8,21.60%,34.07MiB / 512MiB,41.8MB / 54.4MB
1775422384,dds26-team9-orchestrator-worker-15,32.09%,35.33MiB / 512MiB,59.3MB / 98MB
1775422384,dds26-team9-orchestrator-worker-22,33.87%,33.53MiB / 512MiB,59.3MB / 98.1MB
1775422384,dds26-team9-orchestrator-worker-13,33.17%,35.45MiB / 512MiB,59.4MB / 98.1MB
1775422384,dds26-team9-orchestrator-worker-8,33.59%,35.34MiB / 512MiB,59.7MB / 98.5MB
1775422384,dds26-team9-orchestrator-worker-19,33.16%,33.29MiB / 512MiB,59.5MB / 98.4MB
1775422384,dds26-team9-orchestrator-worker-10,31.67%,33.32MiB / 512MiB,59.4MB / 98.2MB
1775422384,dds26-team9-orchestrator-worker-18,33.19%,35.59MiB / 512MiB,59.5MB / 98.4MB
1775422384,dds26-team9-orchestrator-worker-2,33.21%,33.48MiB / 512MiB,59.4MB / 98.2MB
1775422384,dds26-team9-orchestrator-worker-11,32.63%,33.45MiB / 512MiB,59.4MB / 98.2MB
1775422384,dds26-team9-orchestrator-worker-12,32.69%,35.32MiB / 512MiB,59.2MB / 98MB
1775422384,dds26-team9-orchestrator-worker-4,33.31%,35.54MiB / 512MiB,59.4MB / 98.2MB
1775422384,dds26-team9-orchestrator-worker-9,33.44%,33.56MiB / 512MiB,59.3MB / 98MB
1775422384,dds26-team9-stock-worker-7,27.23%,33.46MiB / 512MiB,45.1MB / 63.6MB
1775422384,dds26-team9-stock-web-1,0.52%,218MiB / 512MiB,23.8kB / 7.35kB
1775422384,dds26-team9-stock-worker-1,25.50%,35.39MiB / 512MiB,45.3MB / 63.8MB
1775422384,dds26-team9-stock-worker-3,27.64%,33.69MiB / 512MiB,44.9MB / 63.2MB
1775422384,dds26-team9-orchestrator-worker-5,32.22%,35.3MiB / 512MiB,59.5MB / 98.3MB
1775422384,dds26-team9-stock-worker-6,26.27%,35.71MiB / 512MiB,45.3MB / 63.7MB
1775422384,dds26-team9-stock-web-3,0.53%,212.7MiB / 512MiB,23.3kB / 7.29kB
1775422384,dds26-team9-stock-web-2,0.60%,212.6MiB / 512MiB,21.7kB / 7.29kB
1775422384,dds26-team9-stock-worker-2,27.92%,33.44MiB / 512MiB,44.9MB / 63.3MB
1775422384,dds26-team9-stock-worker-5,25.33%,35.67MiB / 512MiB,45.4MB / 63.9MB
1775422384,dds26-team9-stock-web-4,7.75%,226.1MiB / 512MiB,24.1kB / 3.7MB
1775422384,dds26-team9-stock-worker-8,26.59%,35.4MiB / 512MiB,45.4MB / 64MB
1775422384,dds26-team9-stock-worker-4,27.02%,35.48MiB / 512MiB,45.2MB / 63.7MB
1775422384,dds26-team9-user-worker-4,37.55%,36.91MiB / 512MiB,77.5MB / 102MB
1775422384,dds26-team9-user-web-2,0.55%,218.3MiB / 512MiB,23.7kB / 7.42kB
1775422384,dds26-team9-user-worker-2,38.85%,33.83MiB / 512MiB,77.7MB / 102MB
1775422384,dds26-team9-user-worker-3,35.88%,35.79MiB / 512MiB,77.5MB / 102MB
1775422384,dds26-team9-user-worker-1,38.06%,35.79MiB / 512MiB,77.7MB / 102MB
1775422384,dds26-team9-user-web-4,0.51%,212.3MiB / 512MiB,22.6kB / 7.35kB
1775422384,dds26-team9-user-web-3,7.70%,224.6MiB / 512MiB,23.6kB / 3.1MB
1775422384,dds26-team9-user-web-1,8.01%,211.7MiB / 512MiB,20.5kB / 7.82kB
1775422384,dds26-team9-redis-stock-1,5.24%,29.02MiB / 512MiB,62MB / 78.1MB
1775422384,dds26-team9-redis-payment-1,5.14%,28.83MiB / 512MiB,58.5MB / 74.3MB
1775422384,dds26-team9-redis-order-1,42.37%,33.62MiB / 512MiB,902MB / 1.13GB
1775422384,dds26-team9-redis-orchestrator-1,27.35%,35.53MiB / 512MiB,940MB / 622MB
1775422384,dds26-team9-redis-bus-1,168.76%,37.73MiB / 2GiB,2.92GB / 1.65GB
1775422388,dds26-team9-gateway-1,23.20%,124.7MiB / 354.3GiB,524MB / 452MB
1775422388,dds26-team9-order-worker-5,21.54%,35.54MiB / 512MiB,42.2MB / 55MB
1775422388,dds26-team9-order-worker-3,21.90%,34.27MiB / 512MiB,42.3MB / 55.1MB
1775422388,dds26-team9-order-web-14,30.56%,264.1MiB / 1GiB,50.1MB / 51.3MB
1775422388,dds26-team9-order-web-7,30.96%,256.9MiB / 1GiB,50.2MB / 51.3MB
1775422388,dds26-team9-order-web-15,29.98%,275MiB / 1GiB,50.2MB / 62.7MB
1775422388,dds26-team9-order-web-24,31.39%,258.8MiB / 1GiB,50.2MB / 51.2MB
1775422388,dds26-team9-order-worker-2,21.47%,35.99MiB / 512MiB,42.4MB / 55.2MB
1775422388,dds26-team9-order-worker-7,21.99%,36.05MiB / 512MiB,42.4MB / 55.2MB
1775422388,dds26-team9-order-web-1,30.15%,254.7MiB / 1GiB,50.2MB / 51.3MB
1775422388,dds26-team9-order-web-18,30.22%,259MiB / 1GiB,50.2MB / 51.2MB
1775422388,dds26-team9-order-web-13,30.18%,254.5MiB / 1GiB,50.2MB / 51.3MB
1775422388,dds26-team9-order-web-23,30.29%,258.5MiB / 1GiB,50.2MB / 51.3MB
1775422388,dds26-team9-order-worker-6,21.41%,35.99MiB / 512MiB,42.3MB / 55.1MB
1775422388,dds26-team9-order-web-17,39.28%,254.5MiB / 1GiB,50.2MB / 51.1MB
1775422388,dds26-team9-order-web-6,37.03%,254.8MiB / 1GiB,50.1MB / 51.2MB
1775422388,dds26-team9-order-web-8,38.64%,257.4MiB / 1GiB,50.3MB / 51.4MB
1775422388,dds26-team9-order-web-12,39.95%,254.4MiB / 1GiB,50.2MB / 51.2MB
1775422388,dds26-team9-order-web-5,31.30%,254.5MiB / 1GiB,49.9MB / 51MB
1775422388,dds26-team9-order-web-9,30.07%,255.2MiB / 1GiB,50.2MB / 51.3MB
1775422388,dds26-team9-order-web-11,31.66%,255.1MiB / 1GiB,50.2MB / 51.4MB
1775422388,dds26-team9-order-worker-1,22.50%,36.03MiB / 512MiB,42.3MB / 55.1MB
1775422388,dds26-team9-order-web-19,32.83%,258.6MiB / 1GiB,50.3MB / 51.5MB
1775422388,dds26-team9-order-web-16,30.73%,257.8MiB / 1GiB,50.2MB / 51.3MB
1775422388,dds26-team9-order-web-4,30.85%,263.2MiB / 1GiB,50.3MB / 51.3MB
1775422388,dds26-team9-order-web-22,30.67%,259.1MiB / 1GiB,50.2MB / 51.4MB
1775422388,dds26-team9-order-web-21,30.62%,256.5MiB / 1GiB,50.2MB / 51.4MB
1775422388,dds26-team9-orchestrator-worker-25,33.22%,37.5MiB / 512MiB,60.3MB / 99.5MB
1775422388,dds26-team9-order-web-3,31.36%,254.5MiB / 1GiB,50.2MB / 51.4MB
1775422388,dds26-team9-order-web-20,30.16%,254MiB / 1GiB,50.2MB / 51.3MB
1775422388,dds26-team9-order-web-2,31.44%,254.3MiB / 1GiB,50.2MB / 51.4MB
1775422388,dds26-team9-orchestrator-worker-24,34.20%,33.33MiB / 512MiB,60.4MB / 99.7MB
1775422388,dds26-team9-order-worker-4,22.44%,34.05MiB / 512MiB,42.3MB / 55.1MB
1775422388,dds26-team9-orchestrator-worker-1,34.09%,33.31MiB / 512MiB,60.1MB / 99.3MB
1775422388,dds26-team9-orchestrator-worker-17,32.45%,35.3MiB / 512MiB,60.2MB / 99.5MB
1775422388,dds26-team9-orchestrator-worker-3,32.14%,35.46MiB / 512MiB,60.3MB / 99.5MB
1775422388,dds26-team9-orchestrator-worker-14,32.90%,35.52MiB / 512MiB,60.2MB / 99.5MB
1775422388,dds26-team9-orchestrator-worker-21,32.96%,35.57MiB / 512MiB,60.3MB / 99.7MB
1775422388,dds26-team9-order-web-25,30.94%,254.3MiB / 1GiB,50.2MB / 51.3MB
1775422388,dds26-team9-orchestrator-worker-7,34.49%,35.43MiB / 512MiB,60.1MB / 99.3MB
1775422388,dds26-team9-order-web-10,30.88%,254.6MiB / 1GiB,50.2MB / 51.3MB
1775422388,dds26-team9-orchestrator-worker-16,33.10%,35.41MiB / 512MiB,60.4MB / 99.7MB
1775422388,dds26-team9-orchestrator-worker-6,33.98%,35.53MiB / 512MiB,60.1MB / 99.4MB
1775422388,dds26-team9-orchestrator-worker-23,32.92%,33.58MiB / 512MiB,60.1MB / 99.4MB
1775422388,dds26-team9-orchestrator-worker-20,32.57%,35.36MiB / 512MiB,60.4MB / 99.7MB
1775422388,dds26-team9-order-worker-8,21.14%,34.3MiB / 512MiB,42.3MB / 55.1MB
1775422388,dds26-team9-orchestrator-worker-15,33.68%,35.55MiB / 512MiB,60.1MB / 99.3MB
1775422388,dds26-team9-orchestrator-worker-22,32.93%,33.31MiB / 512MiB,60MB / 99.4MB
1775422388,dds26-team9-orchestrator-worker-13,33.91%,35.47MiB / 512MiB,60.2MB / 99.4MB
1775422388,dds26-team9-orchestrator-worker-8,33.42%,35.52MiB / 512MiB,60.5MB / 99.8MB
1775422388,dds26-team9-orchestrator-worker-19,33.14%,33.29MiB / 512MiB,60.3MB / 99.7MB
1775422388,dds26-team9-orchestrator-worker-10,33.60%,33.32MiB / 512MiB,60.2MB / 99.6MB
1775422388,dds26-team9-orchestrator-worker-18,34.09%,35.58MiB / 512MiB,60.3MB / 99.7MB
1775422388,dds26-team9-orchestrator-worker-2,34.29%,33.31MiB / 512MiB,60.2MB / 99.5MB
1775422388,dds26-team9-orchestrator-worker-11,32.89%,33.33MiB / 512MiB,60.2MB / 99.5MB
1775422388,dds26-team9-orchestrator-worker-12,34.13%,35.56MiB / 512MiB,60MB / 99.3MB
1775422388,dds26-team9-orchestrator-worker-4,32.70%,35.54MiB / 512MiB,60.1MB / 99.5MB
1775422388,dds26-team9-orchestrator-worker-9,32.71%,33.56MiB / 512MiB,60.1MB / 99.4MB
1775422388,dds26-team9-stock-worker-7,27.76%,33.7MiB / 512MiB,45.7MB / 64.5MB
1775422388,dds26-team9-stock-web-1,0.54%,218MiB / 512MiB,23.8kB / 7.35kB
1775422388,dds26-team9-stock-worker-1,27.17%,35.64MiB / 512MiB,45.9MB / 64.6MB
1775422388,dds26-team9-stock-worker-3,27.72%,33.44MiB / 512MiB,45.5MB / 64.1MB
1775422388,dds26-team9-orchestrator-worker-5,32.29%,35.39MiB / 512MiB,60.3MB / 99.5MB
1775422388,dds26-team9-stock-worker-6,26.15%,35.68MiB / 512MiB,45.9MB / 64.6MB
1775422388,dds26-team9-stock-web-3,0.56%,212.7MiB / 512MiB,23.3kB / 7.29kB
1775422388,dds26-team9-stock-web-2,0.57%,212.6MiB / 512MiB,21.7kB / 7.29kB
1775422388,dds26-team9-stock-worker-2,27.69%,33.44MiB / 512MiB,45.5MB / 64.1MB
1775422388,dds26-team9-stock-worker-5,25.83%,35.44MiB / 512MiB,45.9MB / 64.7MB
1775422388,dds26-team9-stock-web-4,0.57%,226.1MiB / 512MiB,24.1kB / 3.7MB
1775422388,dds26-team9-stock-worker-8,25.78%,35.64MiB / 512MiB,46MB / 64.8MB
1775422388,dds26-team9-stock-worker-4,26.91%,35.7MiB / 512MiB,45.8MB / 64.5MB
1775422388,dds26-team9-user-worker-4,39.12%,37.16MiB / 512MiB,78.5MB / 103MB
1775422388,dds26-team9-user-web-2,0.59%,218.3MiB / 512MiB,23.7kB / 7.42kB
1775422388,dds26-team9-user-worker-2,36.80%,33.6MiB / 512MiB,78.7MB / 104MB
1775422388,dds26-team9-user-worker-3,37.00%,35.59MiB / 512MiB,78.5MB / 103MB
1775422388,dds26-team9-user-worker-1,38.17%,35.59MiB / 512MiB,78.7MB / 104MB
1775422388,dds26-team9-user-web-4,0.56%,212.3MiB / 512MiB,22.6kB / 7.35kB
1775422388,dds26-team9-user-web-3,0.61%,224.6MiB / 512MiB,23.6kB / 3.1MB
1775422388,dds26-team9-user-web-1,0.57%,211.7MiB / 512MiB,20.5kB / 7.82kB
1775422388,dds26-team9-redis-stock-1,7.12%,29.02MiB / 512MiB,62.8MB / 79.1MB
1775422388,dds26-team9-redis-payment-1,7.75%,28.82MiB / 512MiB,59.2MB / 75.3MB
1775422388,dds26-team9-redis-order-1,45.45%,33.64MiB / 512MiB,915MB / 1.14GB
1775422388,dds26-team9-redis-orchestrator-1,31.99%,35.54MiB / 512MiB,952MB / 630MB
1775422388,dds26-team9-redis-bus-1,171.36%,38.31MiB / 2GiB,2.96GB / 1.67GB
1775422391,dds26-team9-gateway-1,22.32%,125.2MiB / 354.3GiB,532MB / 459MB
1775422391,dds26-team9-order-worker-5,22.87%,35.43MiB / 512MiB,42.8MB / 55.7MB
1775422391,dds26-team9-order-worker-3,23.26%,34.04MiB / 512MiB,42.7MB / 55.6MB
1775422391,dds26-team9-order-web-14,30.77%,264MiB / 1GiB,50.9MB / 52MB
1775422391,dds26-team9-order-web-7,30.42%,256.9MiB / 1GiB,50.9MB / 52.1MB
1775422391,dds26-team9-order-web-15,30.66%,275MiB / 1GiB,50.7MB / 63.3MB
1775422391,dds26-team9-order-web-24,30.57%,259.1MiB / 1GiB,50.9MB / 52MB
1775422391,dds26-team9-order-worker-2,21.54%,36.21MiB / 512MiB,42.9MB / 55.9MB
1775422391,dds26-team9-order-worker-7,22.18%,36.23MiB / 512MiB,42.9MB / 55.9MB
1775422391,dds26-team9-order-web-1,29.34%,254.9MiB / 1GiB,50.9MB / 52.1MB
1775422391,dds26-team9-order-web-18,30.68%,258.9MiB / 1GiB,50.9MB / 51.9MB
1775422391,dds26-team9-order-web-13,30.27%,254.5MiB / 1GiB,50.9MB / 52MB
1775422391,dds26-team9-order-web-23,31.13%,258.5MiB / 1GiB,51MB / 52MB
1775422391,dds26-team9-order-worker-6,21.75%,35.99MiB / 512MiB,42.9MB / 55.8MB
1775422391,dds26-team9-order-web-17,30.69%,254.2MiB / 1GiB,51MB / 51.8MB
1775422391,dds26-team9-order-web-6,29.30%,254.8MiB / 1GiB,50.9MB / 51.9MB
1775422391,dds26-team9-order-web-8,29.29%,257.1MiB / 1GiB,51.1MB / 52.2MB
1775422391,dds26-team9-order-web-12,29.29%,254.2MiB / 1GiB,50.9MB / 51.9MB
1775422391,dds26-team9-order-web-5,30.48%,254.5MiB / 1GiB,50.9MB / 51.9MB
1775422391,dds26-team9-order-web-9,31.43%,255.3MiB / 1GiB,50.9MB / 52MB
1775422391,dds26-team9-order-web-11,29.86%,255.4MiB / 1GiB,51MB / 52.2MB
1775422391,dds26-team9-order-worker-1,22.10%,36.24MiB / 512MiB,42.9MB / 55.8MB
1775422391,dds26-team9-order-web-19,32.22%,258.6MiB / 1GiB,51MB / 52.2MB
1775422391,dds26-team9-order-web-16,30.92%,257.8MiB / 1GiB,51MB / 52.1MB
1775422391,dds26-team9-order-web-4,29.85%,263.2MiB / 1GiB,51.1MB / 52.1MB
1775422391,dds26-team9-order-web-22,29.94%,259.1MiB / 1GiB,50.9MB / 52.1MB
1775422391,dds26-team9-order-web-21,29.55%,256.7MiB / 1GiB,50.9MB / 52.1MB
1775422391,dds26-team9-orchestrator-worker-25,33.52%,37.76MiB / 512MiB,61.1MB / 101MB
1775422391,dds26-team9-order-web-3,29.89%,254.8MiB / 1GiB,51MB / 52.1MB
1775422391,dds26-team9-order-web-20,36.08%,254MiB / 1GiB,51MB / 52MB
1775422391,dds26-team9-order-web-2,37.67%,254.3MiB / 1GiB,50.9MB / 52.1MB
1775422391,dds26-team9-orchestrator-worker-24,34.55%,33.55MiB / 512MiB,61.2MB / 101MB
1775422391,dds26-team9-order-worker-4,23.57%,34.05MiB / 512MiB,42.9MB / 55.8MB
1775422391,dds26-team9-orchestrator-worker-1,35.49%,33.54MiB / 512MiB,60.9MB / 101MB
1775422391,dds26-team9-orchestrator-worker-17,33.20%,35.48MiB / 512MiB,61MB / 101MB
1775422391,dds26-team9-orchestrator-worker-3,33.68%,35.27MiB / 512MiB,61.1MB / 101MB
1775422391,dds26-team9-orchestrator-worker-14,33.13%,35.51MiB / 512MiB,61MB / 101MB
1775422391,dds26-team9-orchestrator-worker-21,34.30%,35.5MiB / 512MiB,61.1MB / 101MB
1775422391,dds26-team9-order-web-25,38.69%,254.4MiB / 1GiB,51MB / 52MB
1775422391,dds26-team9-orchestrator-worker-7,34.10%,35.33MiB / 512MiB,60.9MB / 101MB
1775422391,dds26-team9-order-web-10,29.56%,254.8MiB / 1GiB,51MB / 52MB
1775422391,dds26-team9-orchestrator-worker-16,33.30%,35.49MiB / 512MiB,61.3MB / 101MB
1775422391,dds26-team9-orchestrator-worker-6,34.17%,35.29MiB / 512MiB,60.9MB / 101MB
1775422391,dds26-team9-orchestrator-worker-23,33.91%,33.34MiB / 512MiB,60.9MB / 101MB
1775422391,dds26-team9-orchestrator-worker-20,33.31%,35.61MiB / 512MiB,61.2MB / 101MB
1775422391,dds26-team9-order-worker-8,22.22%,34.3MiB / 512MiB,42.9MB / 55.8MB
1775422391,dds26-team9-orchestrator-worker-15,32.75%,35.33MiB / 512MiB,60.9MB / 101MB
1775422391,dds26-team9-orchestrator-worker-22,33.71%,33.79MiB / 512MiB,60.8MB / 101MB
1775422391,dds26-team9-orchestrator-worker-13,35.39%,35.28MiB / 512MiB,61MB / 101MB
1775422391,dds26-team9-orchestrator-worker-8,33.59%,35.55MiB / 512MiB,61.3MB / 101MB
1775422391,dds26-team9-orchestrator-worker-19,33.33%,33.29MiB / 512MiB,61.1MB / 101MB
1775422391,dds26-team9-orchestrator-worker-10,34.36%,33.56MiB / 512MiB,61MB / 101MB
1775422391,dds26-team9-orchestrator-worker-18,33.13%,35.58MiB / 512MiB,61.1MB / 101MB
1775422391,dds26-team9-orchestrator-worker-2,34.25%,33.52MiB / 512MiB,61MB / 101MB
1775422391,dds26-team9-orchestrator-worker-11,34.21%,33.48MiB / 512MiB,61MB / 101MB
1775422391,dds26-team9-orchestrator-worker-12,33.86%,35.53MiB / 512MiB,60.8MB / 101MB
1775422391,dds26-team9-orchestrator-worker-4,33.36%,35.55MiB / 512MiB,61MB / 101MB
1775422391,dds26-team9-orchestrator-worker-9,33.45%,33.32MiB / 512MiB,60.8MB / 101MB
1775422391,dds26-team9-stock-worker-7,27.86%,33.46MiB / 512MiB,46.4MB / 65.3MB
1775422391,dds26-team9-stock-web-1,0.53%,219.6MiB / 512MiB,23.8kB / 7.35kB
1775422391,dds26-team9-stock-worker-1,27.57%,35.4MiB / 512MiB,46.5MB / 65.5MB
1775422391,dds26-team9-stock-worker-3,28.37%,33.68MiB / 512MiB,46.1MB / 65MB
1775422391,dds26-team9-orchestrator-worker-5,33.92%,35.79MiB / 512MiB,61.1MB / 101MB
1775422391,dds26-team9-stock-worker-6,26.97%,35.7MiB / 512MiB,46.5MB / 65.5MB
1775422391,dds26-team9-stock-web-3,0.53%,212.7MiB / 512MiB,23.3kB / 7.29kB
1775422391,dds26-team9-stock-web-2,0.56%,212.6MiB / 512MiB,21.7kB / 7.29kB
1775422391,dds26-team9-stock-worker-2,28.69%,33.63MiB / 512MiB,46.1MB / 65MB
1775422391,dds26-team9-stock-worker-5,27.59%,35.44MiB / 512MiB,46.6MB / 65.6MB
1775422391,dds26-team9-stock-web-4,0.56%,226.1MiB / 512MiB,24.1kB / 3.7MB
1775422391,dds26-team9-stock-worker-8,26.79%,35.64MiB / 512MiB,46.7MB / 65.7MB
1775422391,dds26-team9-stock-worker-4,26.60%,35.48MiB / 512MiB,46.4MB / 65.4MB
1775422391,dds26-team9-user-worker-4,38.52%,37.14MiB / 512MiB,79.5MB / 105MB
1775422391,dds26-team9-user-web-2,0.55%,218.3MiB / 512MiB,23.7kB / 7.42kB
1775422391,dds26-team9-user-worker-2,37.96%,33.82MiB / 512MiB,79.8MB / 105MB
1775422391,dds26-team9-user-worker-3,35.83%,35.81MiB / 512MiB,79.5MB / 105MB
1775422391,dds26-team9-user-worker-1,38.17%,35.61MiB / 512MiB,79.8MB / 105MB
1775422391,dds26-team9-user-web-4,0.50%,212.3MiB / 512MiB,22.6kB / 7.35kB
1775422391,dds26-team9-user-web-3,0.54%,224.6MiB / 512MiB,23.6kB / 3.1MB
1775422391,dds26-team9-user-web-1,0.54%,211.7MiB / 512MiB,20.5kB / 7.82kB
1775422391,dds26-team9-redis-stock-1,5.45%,29.02MiB / 512MiB,63.5MB / 80.2MB
1775422391,dds26-team9-redis-payment-1,5.22%,28.83MiB / 512MiB,60MB / 76.3MB
1775422391,dds26-team9-redis-order-1,43.20%,33.36MiB / 512MiB,928MB / 1.16GB
1775422391,dds26-team9-redis-orchestrator-1,28.11%,35.51MiB / 512MiB,965MB / 639MB
1775422391,dds26-team9-redis-bus-1,169.93%,38.82MiB / 2GiB,3GB / 1.69GB
1775422394,dds26-team9-gateway-1,22.46%,124.9MiB / 354.3GiB,540MB / 465MB
1775422394,dds26-team9-order-worker-5,21.29%,35.63MiB / 512MiB,43.3MB / 56.4MB
1775422394,dds26-team9-order-worker-3,21.81%,34.04MiB / 512MiB,43.4MB / 56.5MB
1775422394,dds26-team9-order-web-14,30.72%,264.1MiB / 1GiB,51.6MB / 52.8MB
1775422394,dds26-team9-order-web-7,31.21%,256.9MiB / 1GiB,51.7MB / 52.8MB
1775422394,dds26-team9-order-web-15,30.92%,274.7MiB / 1GiB,51.7MB / 64.2MB
1775422394,dds26-team9-order-web-24,38.43%,259.1MiB / 1GiB,51.7MB / 52.7MB
1775422394,dds26-team9-order-worker-2,21.18%,36MiB / 512MiB,43.5MB / 56.6MB
1775422394,dds26-team9-order-worker-7,21.32%,36.05MiB / 512MiB,43.5MB / 56.6MB
1775422394,dds26-team9-order-web-1,30.99%,255.2MiB / 1GiB,51.6MB / 52.8MB
1775422394,dds26-team9-order-web-18,30.12%,259.2MiB / 1GiB,51.7MB / 52.6MB
1775422394,dds26-team9-order-web-13,30.66%,254.5MiB / 1GiB,51.4MB / 52.5MB
1775422394,dds26-team9-order-web-23,29.67%,258.8MiB / 1GiB,51.7MB / 52.7MB
1775422394,dds26-team9-order-worker-6,20.51%,35.99MiB / 512MiB,43.4MB / 56.5MB
1775422394,dds26-team9-order-web-17,32.84%,254.2MiB / 1GiB,51.7MB / 52.6MB
1775422394,dds26-team9-order-web-6,29.72%,255MiB / 1GiB,51.6MB / 52.7MB
1775422394,dds26-team9-order-web-8,31.69%,257.1MiB / 1GiB,51.8MB / 52.9MB
1775422394,dds26-team9-order-web-12,30.84%,254.2MiB / 1GiB,51.7MB / 52.7MB
1775422394,dds26-team9-order-web-5,31.20%,254.5MiB / 1GiB,51.6MB / 52.6MB
1775422394,dds26-team9-order-web-9,31.30%,255.8MiB / 1GiB,51.7MB / 52.7MB
1775422394,dds26-team9-order-web-11,30.12%,255.1MiB / 1GiB,51.7MB / 52.9MB
1775422394,dds26-team9-order-worker-1,20.96%,36.03MiB / 512MiB,43.4MB / 56.5MB
1775422394,dds26-team9-order-web-19,31.01%,258.6MiB / 1GiB,51.8MB / 52.9MB
1775422394,dds26-team9-order-web-16,30.31%,258MiB / 1GiB,51.7MB / 52.8MB
1775422394,dds26-team9-order-web-4,29.73%,263MiB / 1GiB,51.8MB / 52.8MB
1775422394,dds26-team9-order-web-22,30.47%,258.9MiB / 1GiB,51.7MB / 52.8MB
1775422394,dds26-team9-order-web-21,31.88%,256.5MiB / 1GiB,51.7MB / 52.9MB
1775422394,dds26-team9-orchestrator-worker-25,33.57%,37.5MiB / 512MiB,61.9MB / 102MB
1775422394,dds26-team9-order-web-3,30.21%,254.5MiB / 1GiB,51.7MB / 52.8MB
1775422394,dds26-team9-order-web-20,31.67%,254MiB / 1GiB,51.7MB / 52.7MB
1775422394,dds26-team9-order-web-2,30.44%,254.3MiB / 1GiB,51.7MB / 52.8MB
1775422394,dds26-team9-orchestrator-worker-24,34.19%,33.57MiB / 512MiB,61.9MB / 102MB
1775422394,dds26-team9-order-worker-4,21.91%,34.05MiB / 512MiB,43.4MB / 56.5MB
1775422394,dds26-team9-orchestrator-worker-1,34.36%,33.55MiB / 512MiB,61.7MB / 102MB
1775422394,dds26-team9-orchestrator-worker-17,32.52%,35.3MiB / 512MiB,61.8MB / 102MB
1775422394,dds26-team9-orchestrator-worker-3,32.64%,35.52MiB / 512MiB,61.9MB / 102MB
1775422394,dds26-team9-orchestrator-worker-14,33.12%,35.29MiB / 512MiB,61.8MB / 102MB
1775422394,dds26-team9-orchestrator-worker-21,32.70%,35.33MiB / 512MiB,61.9MB / 102MB
1775422394,dds26-team9-order-web-25,30.80%,254.6MiB / 1GiB,51.7MB / 52.7MB
1775422394,dds26-team9-orchestrator-worker-7,34.46%,35.52MiB / 512MiB,61.7MB / 102MB
1775422394,dds26-team9-order-web-10,31.45%,254.8MiB / 1GiB,51.7MB / 52.8MB
1775422394,dds26-team9-orchestrator-worker-16,33.16%,35.49MiB / 512MiB,62MB / 102MB
1775422394,dds26-team9-orchestrator-worker-6,34.35%,35.53MiB / 512MiB,61.7MB / 102MB
1775422394,dds26-team9-orchestrator-worker-23,34.06%,33.57MiB / 512MiB,61.7MB / 102MB
1775422394,dds26-team9-orchestrator-worker-20,33.41%,35.57MiB / 512MiB,62MB / 102MB
1775422394,dds26-team9-order-worker-8,21.52%,34.07MiB / 512MiB,43.4MB / 56.5MB
1775422394,dds26-team9-orchestrator-worker-15,32.87%,35.48MiB / 512MiB,61.7MB / 102MB
1775422394,dds26-team9-orchestrator-worker-22,33.26%,33.31MiB / 512MiB,61.6MB / 102MB
1775422394,dds26-team9-orchestrator-worker-13,33.06%,35.28MiB / 512MiB,61.8MB / 102MB
1775422394,dds26-team9-orchestrator-worker-8,33.00%,35.34MiB / 512MiB,62.1MB / 102MB
1775422394,dds26-team9-orchestrator-worker-19,32.44%,33.51MiB / 512MiB,61.9MB / 102MB
1775422394,dds26-team9-orchestrator-worker-10,32.97%,33.54MiB / 512MiB,61.8MB / 102MB
1775422394,dds26-team9-orchestrator-worker-18,33.11%,35.34MiB / 512MiB,61.9MB / 102MB
1775422394,dds26-team9-orchestrator-worker-2,33.66%,33.31MiB / 512MiB,61.8MB / 102MB
1775422394,dds26-team9-orchestrator-worker-11,33.87%,33.54MiB / 512MiB,61.8MB / 102MB
1775422394,dds26-team9-orchestrator-worker-12,32.91%,35.56MiB / 512MiB,61.6MB / 102MB
1775422394,dds26-team9-orchestrator-worker-4,33.16%,35.52MiB / 512MiB,61.7MB / 102MB
1775422394,dds26-team9-orchestrator-worker-9,33.05%,33.56MiB / 512MiB,61.6MB / 102MB
1775422394,dds26-team9-stock-worker-7,27.13%,33.46MiB / 512MiB,47MB / 66.2MB
1775422394,dds26-team9-stock-web-1,0.54%,219.6MiB / 512MiB,23.9kB / 7.5kB
1775422394,dds26-team9-stock-worker-1,27.64%,35.4MiB / 512MiB,47.1MB / 66.4MB
1775422394,dds26-team9-stock-worker-3,27.56%,33.64MiB / 512MiB,46.7MB / 65.8MB
1775422394,dds26-team9-orchestrator-worker-5,33.15%,35.54MiB / 512MiB,61.9MB / 102MB
1775422394,dds26-team9-stock-worker-6,25.68%,35.71MiB / 512MiB,47.1MB / 66.3MB
1775422394,dds26-team9-stock-web-3,0.56%,212.7MiB / 512MiB,23.4kB / 7.43kB
1775422394,dds26-team9-stock-web-2,0.58%,212.6MiB / 512MiB,21.7kB / 7.43kB
1775422394,dds26-team9-stock-worker-2,28.56%,33.44MiB / 512MiB,46.7MB / 65.9MB
1775422394,dds26-team9-stock-worker-5,26.56%,35.44MiB / 512MiB,47.2MB / 66.5MB
1775422394,dds26-team9-stock-web-4,7.80%,226.1MiB / 512MiB,24.2kB / 3.7MB
1775422394,dds26-team9-stock-worker-8,26.28%,35.65MiB / 512MiB,47.3MB / 66.6MB
1775422394,dds26-team9-stock-worker-4,27.25%,35.72MiB / 512MiB,47MB / 66.2MB
1775422394,dds26-team9-user-worker-4,37.19%,37.15MiB / 512MiB,80.6MB / 106MB
1775422394,dds26-team9-user-web-2,0.57%,218.3MiB / 512MiB,23.8kB / 7.56kB
1775422394,dds26-team9-user-worker-2,36.67%,33.8MiB / 512MiB,80.8MB / 106MB
1775422394,dds26-team9-user-worker-3,35.21%,35.59MiB / 512MiB,80.5MB / 106MB
1775422394,dds26-team9-user-worker-1,36.46%,35.82MiB / 512MiB,80.8MB / 106MB
1775422394,dds26-team9-user-web-4,0.53%,212.3MiB / 512MiB,22.7kB / 7.5kB
1775422394,dds26-team9-user-web-3,7.75%,224.6MiB / 512MiB,23.7kB / 3.1MB
1775422394,dds26-team9-user-web-1,8.61%,211.7MiB / 512MiB,20.5kB / 7.97kB
1775422394,dds26-team9-redis-stock-1,7.34%,29.03MiB / 512MiB,64.3MB / 81.2MB
1775422394,dds26-team9-redis-payment-1,7.12%,28.83MiB / 512MiB,60.8MB / 77.3MB
1775422394,dds26-team9-redis-order-1,44.53%,33.56MiB / 512MiB,941MB / 1.18GB
1775422394,dds26-team9-redis-orchestrator-1,29.73%,35.55MiB / 512MiB,978MB / 647MB
1775422394,dds26-team9-redis-bus-1,168.79%,38.15MiB / 2GiB,3.04GB / 1.72GB
1775422398,dds26-team9-gateway-1,22.50%,125.1MiB / 354.3GiB,547MB / 472MB
1775422398,dds26-team9-order-worker-5,22.21%,35.43MiB / 512MiB,43.9MB / 57.2MB
1775422398,dds26-team9-order-worker-3,22.37%,34.04MiB / 512MiB,44MB / 57.3MB
1775422398,dds26-team9-order-web-14,30.14%,264.1MiB / 1GiB,52.3MB / 53.4MB
1775422398,dds26-team9-order-web-7,31.26%,257.4MiB / 1GiB,52.4MB / 53.5MB
1775422398,dds26-team9-order-web-15,30.63%,274.7MiB / 1GiB,52.4MB / 64.9MB
1775422398,dds26-team9-order-web-24,30.97%,258.8MiB / 1GiB,52.4MB / 53.4MB
1775422398,dds26-team9-order-worker-2,21.53%,36.23MiB / 512MiB,44MB / 57.3MB
1775422398,dds26-team9-order-worker-7,21.80%,36.05MiB / 512MiB,44MB / 57.3MB
1775422398,dds26-team9-order-web-1,30.60%,254.7MiB / 1GiB,52.4MB / 53.5MB
1775422398,dds26-team9-order-web-18,32.46%,259.3MiB / 1GiB,52.4MB / 53.3MB
1775422398,dds26-team9-order-web-13,31.00%,254.5MiB / 1GiB,52.4MB / 53.4MB
1775422398,dds26-team9-order-web-23,30.81%,259MiB / 1GiB,52.5MB / 53.4MB
1775422398,dds26-team9-order-worker-6,20.51%,35.99MiB / 512MiB,43.8MB / 57MB
1775422398,dds26-team9-order-web-17,38.31%,254.2MiB / 1GiB,52.5MB / 53.3MB
1775422398,dds26-team9-order-web-6,36.49%,254.8MiB / 1GiB,52.4MB / 53.4MB
1775422398,dds26-team9-order-web-8,38.19%,257.4MiB / 1GiB,52.5MB / 53.6MB
1775422398,dds26-team9-order-web-12,37.01%,254.2MiB / 1GiB,52.4MB / 53.4MB
1775422398,dds26-team9-order-web-5,38.04%,254.5MiB / 1GiB,52.4MB / 53.4MB
1775422398,dds26-team9-order-web-9,31.76%,255.5MiB / 1GiB,52.4MB / 53.4MB
1775422398,dds26-team9-order-web-11,29.94%,255.1MiB / 1GiB,52.4MB / 53.6MB
1775422398,dds26-team9-order-worker-1,22.61%,36.24MiB / 512MiB,43.9MB / 57.2MB
1775422398,dds26-team9-order-web-19,31.72%,259MiB / 1GiB,52.5MB / 53.6MB
1775422398,dds26-team9-order-web-16,30.82%,258.2MiB / 1GiB,52.4MB / 53.5MB
1775422398,dds26-team9-order-web-4,31.53%,263MiB / 1GiB,52.5MB / 53.5MB
1775422398,dds26-team9-order-web-22,30.31%,258.9MiB / 1GiB,52.4MB / 53.5MB
1775422398,dds26-team9-order-web-21,31.11%,256.5MiB / 1GiB,52.4MB / 53.6MB
1775422398,dds26-team9-orchestrator-worker-25,33.42%,37.27MiB / 512MiB,62.7MB / 104MB
1775422398,dds26-team9-order-web-3,34.36%,255MiB / 1GiB,52.5MB / 53.6MB
1775422398,dds26-team9-order-web-20,31.88%,254.3MiB / 1GiB,52.5MB / 53.5MB
1775422398,dds26-team9-order-web-2,30.87%,254.3MiB / 1GiB,52.4MB / 53.5MB
1775422398,dds26-team9-orchestrator-worker-24,34.77%,33.52MiB / 512MiB,62.8MB / 104MB
1775422398,dds26-team9-order-worker-4,22.90%,34.05MiB / 512MiB,43.9MB / 57.2MB
1775422398,dds26-team9-orchestrator-worker-1,33.23%,33.56MiB / 512MiB,62.5MB / 103MB
1775422398,dds26-team9-orchestrator-worker-17,32.71%,35.48MiB / 512MiB,62.6MB / 103MB
1775422398,dds26-team9-orchestrator-worker-3,32.60%,35.27MiB / 512MiB,62.7MB / 104MB
1775422398,dds26-team9-orchestrator-worker-14,33.22%,35.52MiB / 512MiB,62.5MB / 103MB
1775422398,dds26-team9-orchestrator-worker-21,33.47%,35.33MiB / 512MiB,62.7MB / 104MB
1775422398,dds26-team9-order-web-25,31.12%,254.6MiB / 1GiB,52.4MB / 53.4MB
1775422398,dds26-team9-orchestrator-worker-7,33.94%,35.33MiB / 512MiB,62.5MB / 103MB
1775422398,dds26-team9-order-web-10,30.33%,254.6MiB / 1GiB,52.4MB / 53.5MB
1775422398,dds26-team9-orchestrator-worker-16,34.52%,35.46MiB / 512MiB,62.8MB / 104MB
1775422398,dds26-team9-orchestrator-worker-6,33.92%,35.29MiB / 512MiB,62.5MB / 103MB
1775422398,dds26-team9-orchestrator-worker-23,34.08%,33.34MiB / 512MiB,62.5MB / 103MB
1775422398,dds26-team9-orchestrator-worker-20,33.68%,35.61MiB / 512MiB,62.8MB / 104MB
1775422398,dds26-team9-order-worker-8,22.35%,34.31MiB / 512MiB,44MB / 57.2MB
1775422398,dds26-team9-orchestrator-worker-15,34.17%,35.33MiB / 512MiB,62.5MB / 103MB
1775422398,dds26-team9-orchestrator-worker-22,34.36%,33.31MiB / 512MiB,62.4MB / 103MB
1775422398,dds26-team9-orchestrator-worker-13,34.21%,35.42MiB / 512MiB,62.6MB / 103MB
1775422398,dds26-team9-orchestrator-worker-8,34.02%,35.34MiB / 512MiB,62.9MB / 104MB
1775422398,dds26-team9-orchestrator-worker-19,33.20%,33.75MiB / 512MiB,62.6MB / 104MB
1775422398,dds26-team9-orchestrator-worker-10,33.40%,33.32MiB / 512MiB,62.6MB / 104MB
1775422398,dds26-team9-orchestrator-worker-18,33.84%,35.59MiB / 512MiB,62.7MB / 104MB
1775422398,dds26-team9-orchestrator-worker-2,33.56%,33.54MiB / 512MiB,62.6MB / 103MB
1775422398,dds26-team9-orchestrator-worker-11,33.37%,33.52MiB / 512MiB,62.6MB / 103MB
1775422398,dds26-team9-orchestrator-worker-12,33.07%,35.82MiB / 512MiB,62.4MB / 103MB
1775422398,dds26-team9-orchestrator-worker-4,33.44%,35.54MiB / 512MiB,62.5MB / 103MB
1775422398,dds26-team9-orchestrator-worker-9,33.66%,33.58MiB / 512MiB,62.4MB / 103MB
1775422398,dds26-team9-stock-worker-7,26.62%,33.46MiB / 512MiB,47.6MB / 67.1MB
1775422398,dds26-team9-stock-web-1,0.54%,219.6MiB / 512MiB,23.9kB / 7.5kB
1775422398,dds26-team9-stock-worker-1,26.16%,35.65MiB / 512MiB,47.7MB / 67.2MB
1775422398,dds26-team9-stock-worker-3,27.03%,33.69MiB / 512MiB,47.2MB / 66.7MB
1775422398,dds26-team9-orchestrator-worker-5,33.41%,35.77MiB / 512MiB,62.7MB / 104MB
1775422398,dds26-team9-stock-worker-6,26.06%,35.71MiB / 512MiB,47.7MB / 67.2MB
1775422398,dds26-team9-stock-web-3,0.57%,212.7MiB / 512MiB,23.4kB / 7.43kB
1775422398,dds26-team9-stock-web-2,0.59%,212.6MiB / 512MiB,21.7kB / 7.43kB
1775422398,dds26-team9-stock-worker-2,28.33%,33.68MiB / 512MiB,47.3MB / 66.7MB
1775422398,dds26-team9-stock-worker-5,27.21%,35.68MiB / 512MiB,47.8MB / 67.3MB
1775422398,dds26-team9-stock-web-4,0.56%,226.1MiB / 512MiB,24.2kB / 3.7MB
1775422398,dds26-team9-stock-worker-8,26.17%,35.41MiB / 512MiB,47.9MB / 67.4MB
1775422398,dds26-team9-stock-worker-4,26.58%,35.68MiB / 512MiB,47.6MB / 67.1MB
1775422398,dds26-team9-user-worker-4,38.81%,37.16MiB / 512MiB,81.6MB / 107MB
1775422398,dds26-team9-user-web-2,0.54%,218.3MiB / 512MiB,23.8kB / 7.56kB
1775422398,dds26-team9-user-worker-2,38.02%,33.6MiB / 512MiB,81.9MB / 108MB
1775422398,dds26-team9-user-worker-3,36.66%,35.59MiB / 512MiB,81.6MB / 107MB
1775422398,dds26-team9-user-worker-1,38.02%,35.82MiB / 512MiB,81.9MB / 108MB
1775422398,dds26-team9-user-web-4,0.52%,212.3MiB / 512MiB,22.7kB / 7.5kB
1775422398,dds26-team9-user-web-3,0.57%,224.6MiB / 512MiB,23.7kB / 3.1MB
1775422398,dds26-team9-user-web-1,0.56%,211.7MiB / 512MiB,20.5kB / 7.97kB
1775422398,dds26-team9-redis-stock-1,5.14%,29.01MiB / 512MiB,65.1MB / 82.2MB
1775422398,dds26-team9-redis-payment-1,5.23%,28.81MiB / 512MiB,61.5MB / 78.3MB
1775422398,dds26-team9-redis-order-1,44.02%,33.64MiB / 512MiB,954MB / 1.19GB
1775422398,dds26-team9-redis-orchestrator-1,28.01%,35.51MiB / 512MiB,990MB / 655MB
1775422398,dds26-team9-redis-bus-1,169.85%,38.06MiB / 2GiB,3.07GB / 1.74GB
1775422401,dds26-team9-gateway-1,22.91%,124.7MiB / 354.3GiB,555MB / 478MB
1775422401,dds26-team9-order-worker-5,22.57%,35.43MiB / 512MiB,44.4MB / 57.9MB
1775422401,dds26-team9-order-worker-3,21.45%,34.29MiB / 512MiB,44.5MB / 58MB
1775422401,dds26-team9-order-web-14,29.97%,264.1MiB / 1GiB,53.1MB / 54.2MB
1775422401,dds26-team9-order-web-7,30.29%,256.9MiB / 1GiB,53.1MB / 54.2MB
1775422401,dds26-team9-order-web-15,30.93%,275MiB / 1GiB,52.9MB / 65.4MB
1775422401,dds26-team9-order-web-24,29.59%,258.8MiB / 1GiB,53.1MB / 54.1MB
1775422401,dds26-team9-order-worker-2,22.17%,36MiB / 512MiB,44.6MB / 58MB
1775422401,dds26-team9-order-worker-7,21.29%,36.06MiB / 512MiB,44.6MB / 58MB
1775422401,dds26-team9-order-web-1,29.51%,254.9MiB / 1GiB,53.1MB / 54.2MB
1775422401,dds26-team9-order-web-18,28.94%,259.5MiB / 1GiB,53.1MB / 54MB
1775422401,dds26-team9-order-web-13,29.49%,254.8MiB / 1GiB,53.1MB / 54.1MB
1775422401,dds26-team9-order-web-23,28.98%,259.8MiB / 1GiB,53.2MB / 54.1MB
1775422401,dds26-team9-order-worker-6,21.94%,35.99MiB / 512MiB,44.5MB / 58MB
1775422401,dds26-team9-order-web-17,28.97%,254.5MiB / 1GiB,53.2MB / 54MB
1775422401,dds26-team9-order-web-6,29.16%,254.8MiB / 1GiB,53.1MB / 54.1MB
1775422401,dds26-team9-order-web-8,30.01%,257.1MiB / 1GiB,53.3MB / 54.3MB
1775422401,dds26-team9-order-web-12,29.24%,254.2MiB / 1GiB,53.2MB / 54.1MB
1775422401,dds26-team9-order-web-5,30.57%,254.5MiB / 1GiB,53.1MB / 54.1MB
1775422401,dds26-team9-order-web-9,29.96%,255.5MiB / 1GiB,53.1MB / 54.1MB
1775422401,dds26-team9-order-web-11,29.41%,255.1MiB / 1GiB,53.2MB / 54.3MB
1775422401,dds26-team9-order-worker-1,22.14%,36.03MiB / 512MiB,44.5MB / 57.9MB
1775422401,dds26-team9-order-web-19,29.68%,258.7MiB / 1GiB,53.2MB / 54.3MB
1775422401,dds26-team9-order-web-16,29.69%,257.7MiB / 1GiB,53.2MB / 54.2MB
1775422401,dds26-team9-order-web-4,29.46%,263MiB / 1GiB,53.3MB / 54.2MB
1775422401,dds26-team9-order-web-22,29.80%,258.9MiB / 1GiB,53.1MB / 54.3MB
1775422401,dds26-team9-order-web-21,30.20%,256.5MiB / 1GiB,53.1MB / 54.3MB
1775422401,dds26-team9-orchestrator-worker-25,33.46%,37.48MiB / 512MiB,63.5MB / 105MB
1775422401,dds26-team9-order-web-3,37.53%,254.5MiB / 1GiB,53.2MB / 54.3MB
1775422401,dds26-team9-order-web-20,38.21%,254.3MiB / 1GiB,53.2MB / 54.2MB
1775422401,dds26-team9-order-web-2,37.65%,254.3MiB / 1GiB,53.1MB / 54.3MB
1775422401,dds26-team9-orchestrator-worker-24,34.05%,33.7MiB / 512MiB,63.5MB / 105MB
1775422401,dds26-team9-order-worker-4,23.03%,34.05MiB / 512MiB,44.5MB / 57.9MB
1775422401,dds26-team9-orchestrator-worker-1,34.39%,33.52MiB / 512MiB,63.3MB / 105MB
1775422401,dds26-team9-orchestrator-worker-17,32.91%,35.43MiB / 512MiB,63.3MB / 105MB
1775422401,dds26-team9-orchestrator-worker-3,32.86%,35.27MiB / 512MiB,63.5MB / 105MB
1775422401,dds26-team9-orchestrator-worker-14,32.81%,35.52MiB / 512MiB,63.3MB / 105MB
1775422401,dds26-team9-orchestrator-worker-21,33.19%,35.56MiB / 512MiB,63.5MB / 105MB
1775422401,dds26-team9-order-web-25,37.43%,254.4MiB / 1GiB,53.2MB / 54.1MB
1775422401,dds26-team9-orchestrator-worker-7,33.11%,35.56MiB / 512MiB,63.3MB / 105MB
1775422401,dds26-team9-order-web-10,30.22%,254.6MiB / 1GiB,53.1MB / 54.2MB
1775422401,dds26-team9-orchestrator-worker-16,33.02%,35.7MiB / 512MiB,63.6MB / 105MB
1775422401,dds26-team9-orchestrator-worker-6,33.27%,35.42MiB / 512MiB,63.3MB / 105MB
1775422401,dds26-team9-orchestrator-worker-23,32.42%,33.52MiB / 512MiB,63.3MB / 105MB
1775422401,dds26-team9-orchestrator-worker-20,32.88%,35.36MiB / 512MiB,63.6MB / 105MB
1775422401,dds26-team9-order-worker-8,21.80%,34.28MiB / 512MiB,44.5MB / 57.9MB
1775422401,dds26-team9-orchestrator-worker-15,32.88%,35.33MiB / 512MiB,63.3MB / 105MB
1775422401,dds26-team9-orchestrator-worker-22,33.45%,33.55MiB / 512MiB,63.2MB / 105MB
1775422401,dds26-team9-orchestrator-worker-13,35.03%,35.52MiB / 512MiB,63.4MB / 105MB
1775422401,dds26-team9-orchestrator-worker-8,33.29%,35.58MiB / 512MiB,63.7MB / 105MB
1775422401,dds26-team9-orchestrator-worker-19,32.98%,33.45MiB / 512MiB,63.4MB / 105MB
1775422401,dds26-team9-orchestrator-worker-10,32.87%,33.56MiB / 512MiB,63.4MB / 105MB
1775422401,dds26-team9-orchestrator-worker-18,32.93%,35.34MiB / 512MiB,63.5MB / 105MB
1775422401,dds26-team9-orchestrator-worker-2,33.40%,33.79MiB / 512MiB,63.3MB / 105MB
1775422401,dds26-team9-orchestrator-worker-11,34.30%,33.57MiB / 512MiB,63.4MB / 105MB
1775422401,dds26-team9-orchestrator-worker-12,33.02%,35.55MiB / 512MiB,63.2MB / 105MB
1775422401,dds26-team9-orchestrator-worker-4,32.36%,35.31MiB / 512MiB,63.3MB / 105MB
1775422401,dds26-team9-orchestrator-worker-9,33.24%,33.42MiB / 512MiB,63.2MB / 105MB
1775422401,dds26-team9-stock-worker-7,26.08%,33.7MiB / 512MiB,48.1MB / 67.9MB
1775422401,dds26-team9-stock-web-1,0.54%,219.6MiB / 512MiB,23.9kB / 7.5kB
1775422401,dds26-team9-stock-worker-1,26.49%,35.86MiB / 512MiB,48.3MB / 68.1MB
1775422401,dds26-team9-stock-worker-3,27.05%,33.44MiB / 512MiB,47.8MB / 67.5MB
1775422401,dds26-team9-orchestrator-worker-5,32.56%,35.54MiB / 512MiB,63.5MB / 105MB
1775422401,dds26-team9-stock-worker-6,26.46%,35.71MiB / 512MiB,48.3MB / 68.1MB
1775422401,dds26-team9-stock-web-3,0.52%,212.7MiB / 512MiB,23.4kB / 7.43kB
1775422401,dds26-team9-stock-web-2,0.58%,212.6MiB / 512MiB,21.7kB / 7.43kB
1775422401,dds26-team9-stock-worker-2,27.55%,33.62MiB / 512MiB,47.9MB / 67.6MB
1775422401,dds26-team9-stock-worker-5,26.32%,35.68MiB / 512MiB,48.4MB / 68.2MB
1775422401,dds26-team9-stock-web-4,0.56%,226.1MiB / 512MiB,24.2kB / 3.7MB
1775422401,dds26-team9-stock-worker-8,26.13%,35.4MiB / 512MiB,48.5MB / 68.3MB
1775422401,dds26-team9-stock-worker-4,27.76%,35.72MiB / 512MiB,48.2MB / 67.9MB
1775422401,dds26-team9-user-worker-4,38.38%,37.12MiB / 512MiB,82.7MB / 109MB
1775422401,dds26-team9-user-web-2,0.53%,218.3MiB / 512MiB,23.8kB / 7.56kB
1775422401,dds26-team9-user-worker-2,38.01%,33.82MiB / 512MiB,82.9MB / 109MB
1775422401,dds26-team9-user-worker-3,36.31%,35.59MiB / 512MiB,82.6MB / 109MB
1775422401,dds26-team9-user-worker-1,37.94%,35.8MiB / 512MiB,82.9MB / 109MB
1775422401,dds26-team9-user-web-4,0.51%,212.3MiB / 512MiB,22.7kB / 7.5kB
1775422401,dds26-team9-user-web-3,0.58%,224.6MiB / 512MiB,23.7kB / 3.1MB
1775422401,dds26-team9-user-web-1,0.55%,211.7MiB / 512MiB,20.5kB / 7.97kB
1775422401,dds26-team9-redis-stock-1,7.37%,29.02MiB / 512MiB,65.8MB / 83.3MB
1775422401,dds26-team9-redis-payment-1,7.17%,28.8MiB / 512MiB,62.2MB / 79.3MB
1775422401,dds26-team9-redis-order-1,44.66%,33.43MiB / 512MiB,966MB / 1.21GB
1775422401,dds26-team9-redis-orchestrator-1,30.33%,35.78MiB / 512MiB,1GB / 664MB
1775422401,dds26-team9-redis-bus-1,172.06%,37.71MiB / 2GiB,3.11GB / 1.76GB
1775422404,dds26-team9-gateway-1,22.48%,124.7MiB / 354.3GiB,562MB / 484MB
1775422404,dds26-team9-order-worker-5,22.89%,35.61MiB / 512MiB,45MB / 58.6MB
1775422404,dds26-team9-order-worker-3,23.10%,34.04MiB / 512MiB,44.9MB / 58.4MB
1775422404,dds26-team9-order-web-14,31.32%,264.3MiB / 1GiB,53.8MB / 54.9MB
1775422404,dds26-team9-order-web-7,32.19%,256.9MiB / 1GiB,53.8MB / 54.9MB
1775422404,dds26-team9-order-web-15,31.13%,275MiB / 1GiB,53.8MB / 66.3MB
1775422404,dds26-team9-order-web-24,38.28%,259.1MiB / 1GiB,53.8MB / 54.8MB
1775422404,dds26-team9-order-worker-2,22.48%,36MiB / 512MiB,45.1MB / 58.7MB
1775422404,dds26-team9-order-worker-7,21.59%,36.05MiB / 512MiB,45.1MB / 58.8MB
1775422404,dds26-team9-order-web-1,29.72%,254.7MiB / 1GiB,53.8MB / 54.9MB
1775422404,dds26-team9-order-web-18,32.13%,259.3MiB / 1GiB,53.9MB / 54.7MB
1775422404,dds26-team9-order-web-13,30.57%,254.5MiB / 1GiB,53.8MB / 54.9MB
1775422404,dds26-team9-order-web-23,30.14%,258.8MiB / 1GiB,53.9MB / 54.9MB
1775422404,dds26-team9-order-worker-6,21.80%,35.99MiB / 512MiB,45.1MB / 58.7MB
1775422404,dds26-team9-order-web-17,30.95%,254.2MiB / 1GiB,53.9MB / 54.7MB
1775422404,dds26-team9-order-web-6,30.21%,254.8MiB / 1GiB,53.8MB / 54.8MB
1775422404,dds26-team9-order-web-8,30.53%,257.4MiB / 1GiB,54MB / 55.1MB
1775422404,dds26-team9-order-web-12,32.19%,254.5MiB / 1GiB,53.9MB / 54.8MB
1775422404,dds26-team9-order-web-5,31.97%,254.5MiB / 1GiB,53.8MB / 54.8MB
1775422404,dds26-team9-order-web-9,31.62%,255.3MiB / 1GiB,53.9MB / 54.8MB
1775422404,dds26-team9-order-web-11,30.67%,255.4MiB / 1GiB,53.9MB / 55MB
1775422404,dds26-team9-order-worker-1,22.04%,36.03MiB / 512MiB,45MB / 58.6MB
1775422404,dds26-team9-order-web-19,31.39%,258.7MiB / 1GiB,54MB / 55.1MB
1775422404,dds26-team9-order-web-16,30.18%,258MiB / 1GiB,53.9MB / 54.9MB
1775422404,dds26-team9-order-web-4,32.85%,263MiB / 1GiB,54MB / 54.9MB
1775422404,dds26-team9-order-web-22,30.89%,258.9MiB / 1GiB,53.8MB / 55MB
1775422404,dds26-team9-order-web-21,32.07%,256.5MiB / 1GiB,53.9MB / 55MB
1775422404,dds26-team9-orchestrator-worker-25,34.11%,37.57MiB / 512MiB,64.3MB / 106MB
1775422404,dds26-team9-order-web-3,31.20%,254.5MiB / 1GiB,53.9MB / 55MB
1775422404,dds26-team9-order-web-20,30.86%,254MiB / 1GiB,53.9MB / 54.9MB
1775422404,dds26-team9-order-web-2,30.77%,254.3MiB / 1GiB,53.9MB / 55MB
1775422404,dds26-team9-orchestrator-worker-24,35.06%,33.54MiB / 512MiB,64.3MB / 106MB
1775422404,dds26-team9-order-worker-4,22.27%,34.28MiB / 512MiB,45MB / 58.6MB
1775422404,dds26-team9-orchestrator-worker-1,34.11%,33.53MiB / 512MiB,64MB / 106MB
1775422404,dds26-team9-orchestrator-worker-17,34.19%,35.73MiB / 512MiB,64.1MB / 106MB
1775422404,dds26-team9-orchestrator-worker-3,34.79%,35.5MiB / 512MiB,64.3MB / 106MB
1775422404,dds26-team9-orchestrator-worker-14,33.92%,35.41MiB / 512MiB,64.1MB / 106MB
1775422404,dds26-team9-orchestrator-worker-21,33.51%,35.54MiB / 512MiB,64.3MB / 106MB
1775422404,dds26-team9-order-web-25,31.70%,254.9MiB / 1GiB,53.9MB / 54.9MB
1775422404,dds26-team9-orchestrator-worker-7,34.23%,35.33MiB / 512MiB,64.1MB / 106MB
1775422404,dds26-team9-order-web-10,31.91%,254.6MiB / 1GiB,53.9MB / 54.9MB
1775422404,dds26-team9-orchestrator-worker-16,33.37%,35.7MiB / 512MiB,64.4MB / 106MB
1775422404,dds26-team9-orchestrator-worker-6,35.47%,35.53MiB / 512MiB,64.1MB / 106MB
1775422404,dds26-team9-orchestrator-worker-23,35.42%,33.5MiB / 512MiB,64.1MB / 106MB
1775422404,dds26-team9-orchestrator-worker-20,33.67%,35.59MiB / 512MiB,64.4MB / 106MB
1775422404,dds26-team9-order-worker-8,22.62%,34.07MiB / 512MiB,45.1MB / 58.6MB
1775422404,dds26-team9-orchestrator-worker-15,33.27%,35.81MiB / 512MiB,64.1MB / 106MB
1775422404,dds26-team9-orchestrator-worker-22,34.42%,33.5MiB / 512MiB,64MB / 106MB
1775422404,dds26-team9-orchestrator-worker-13,34.87%,35.75MiB / 512MiB,64.2MB / 106MB
1775422404,dds26-team9-orchestrator-worker-8,33.77%,35.34MiB / 512MiB,64.5MB / 106MB
1775422404,dds26-team9-orchestrator-worker-19,33.75%,33.52MiB / 512MiB,64.2MB / 106MB
1775422404,dds26-team9-orchestrator-worker-10,34.46%,33.32MiB / 512MiB,64.2MB / 106MB
1775422404,dds26-team9-orchestrator-worker-18,33.36%,35.34MiB / 512MiB,64.3MB / 106MB
1775422404,dds26-team9-orchestrator-worker-2,33.09%,33.45MiB / 512MiB,64.1MB / 106MB
1775422404,dds26-team9-orchestrator-worker-11,33.56%,33.33MiB / 512MiB,64.2MB / 106MB
1775422404,dds26-team9-orchestrator-worker-12,33.86%,35.33MiB / 512MiB,64MB / 106MB
1775422404,dds26-team9-orchestrator-worker-4,33.42%,35.53MiB / 512MiB,64.1MB / 106MB
1775422404,dds26-team9-orchestrator-worker-9,33.86%,33.5MiB / 512MiB,64MB / 106MB
1775422404,dds26-team9-stock-worker-7,28.12%,33.68MiB / 512MiB,48.7MB / 68.8MB
1775422404,dds26-team9-stock-web-1,0.54%,219.6MiB / 512MiB,24kB / 7.64kB
1775422404,dds26-team9-stock-worker-1,27.00%,35.4MiB / 512MiB,48.9MB / 69MB
1775422404,dds26-team9-stock-worker-3,27.97%,33.66MiB / 512MiB,48.4MB / 68.4MB
1775422404,dds26-team9-orchestrator-worker-5,34.46%,35.74MiB / 512MiB,64.3MB / 106MB
1775422404,dds26-team9-stock-worker-6,26.79%,35.46MiB / 512MiB,48.9MB / 68.9MB
1775422404,dds26-team9-stock-web-3,0.55%,212.7MiB / 512MiB,23.5kB / 7.58kB
1775422404,dds26-team9-stock-web-2,0.57%,212.9MiB / 512MiB,22.2kB / 8.12kB
1775422404,dds26-team9-stock-worker-2,28.26%,33.44MiB / 512MiB,48.5MB / 68.4MB
1775422404,dds26-team9-stock-worker-5,26.65%,35.44MiB / 512MiB,49MB / 69MB
1775422404,dds26-team9-stock-web-4,8.01%,226.1MiB / 512MiB,24.2kB / 3.7MB
1775422404,dds26-team9-stock-worker-8,26.53%,35.63MiB / 512MiB,49.1MB / 69.2MB
1775422404,dds26-team9-stock-worker-4,27.80%,35.72MiB / 512MiB,48.8MB / 68.8MB
1775422404,dds26-team9-user-worker-4,38.94%,37.16MiB / 512MiB,83.7MB / 110MB
1775422404,dds26-team9-user-web-2,0.55%,218.3MiB / 512MiB,23.9kB / 7.71kB
1775422404,dds26-team9-user-worker-2,37.66%,33.83MiB / 512MiB,83.9MB / 110MB
1775422404,dds26-team9-user-worker-3,35.81%,35.83MiB / 512MiB,83.7MB / 110MB
1775422404,dds26-team9-user-worker-1,37.98%,35.59MiB / 512MiB,83.9MB / 110MB
1775422404,dds26-team9-user-web-4,0.56%,212.3MiB / 512MiB,22.8kB / 7.64kB
1775422404,dds26-team9-user-web-3,7.99%,224.6MiB / 512MiB,23.7kB / 3.1MB
1775422404,dds26-team9-user-web-1,4.40%,218MiB / 512MiB,20.5kB / 7.97kB
1775422404,dds26-team9-redis-stock-1,5.41%,29.04MiB / 512MiB,66.6MB / 84.3MB
1775422404,dds26-team9-redis-payment-1,5.16%,28.8MiB / 512MiB,63MB / 80.3MB
1775422404,dds26-team9-redis-order-1,43.94%,33.75MiB / 512MiB,979MB / 1.23GB
1775422404,dds26-team9-redis-orchestrator-1,28.63%,35.55MiB / 512MiB,1.01GB / 672MB
1775422404,dds26-team9-redis-bus-1,170.07%,38.08MiB / 2GiB,3.15GB / 1.78GB
1775422408,dds26-team9-gateway-1,23.41%,124.9MiB / 354.3GiB,570MB / 491MB
1775422408,dds26-team9-order-worker-5,22.68%,35.43MiB / 512MiB,45.5MB / 59.3MB
1775422408,dds26-team9-order-worker-3,22.86%,34.25MiB / 512MiB,45.4MB / 59.1MB
1775422408,dds26-team9-order-web-14,30.55%,264.1MiB / 1GiB,54.6MB / 55.6MB
1775422408,dds26-team9-order-web-7,30.80%,257.2MiB / 1GiB,54.6MB / 55.6MB
1775422408,dds26-team9-order-web-15,31.53%,274.8MiB / 1GiB,54.6MB / 67MB
1775422408,dds26-team9-order-web-24,31.26%,259.1MiB / 1GiB,54.6MB / 55.5MB
1775422408,dds26-team9-order-worker-2,22.29%,36MiB / 512MiB,45.7MB / 59.4MB
1775422408,dds26-team9-order-worker-7,21.95%,36.3MiB / 512MiB,45.7MB / 59.5MB
1775422408,dds26-team9-order-web-1,32.29%,255.2MiB / 1GiB,54.6MB / 55.6MB
1775422408,dds26-team9-order-web-18,31.42%,259.6MiB / 1GiB,54.6MB / 55.4MB
1775422408,dds26-team9-order-web-13,31.30%,254.8MiB / 1GiB,54.6MB / 55.6MB
1775422408,dds26-team9-order-web-23,29.69%,258.8MiB / 1GiB,54.6MB / 55.6MB
1775422408,dds26-team9-order-worker-6,21.88%,35.99MiB / 512MiB,45.6MB / 59.4MB
1775422408,dds26-team9-order-web-17,38.35%,254.5MiB / 1GiB,54.7MB / 55.4MB
1775422408,dds26-team9-order-web-6,37.92%,255MiB / 1GiB,54.5MB / 55.5MB
1775422408,dds26-team9-order-web-8,38.62%,257.1MiB / 1GiB,54.7MB / 55.8MB
1775422408,dds26-team9-order-web-12,37.44%,254.8MiB / 1GiB,54.6MB / 55.5MB
1775422408,dds26-team9-order-web-5,38.09%,254.8MiB / 1GiB,54.5MB / 55.5MB
1775422408,dds26-team9-order-web-9,30.79%,255.6MiB / 1GiB,54.6MB / 55.5MB
1775422408,dds26-team9-order-web-11,30.06%,255.1MiB / 1GiB,54.6MB / 55.7MB
1775422408,dds26-team9-order-worker-1,21.57%,36.03MiB / 512MiB,45.6MB / 59.4MB
1775422408,dds26-team9-order-web-19,31.28%,258.7MiB / 1GiB,54.7MB / 55.8MB
1775422408,dds26-team9-order-web-16,31.58%,258MiB / 1GiB,54.6MB / 55.6MB
1775422408,dds26-team9-order-web-4,31.28%,263MiB / 1GiB,54.7MB / 55.7MB
1775422408,dds26-team9-order-web-22,31.07%,258.9MiB / 1GiB,54.6MB / 55.7MB
1775422408,dds26-team9-order-web-21,30.58%,256.7MiB / 1GiB,54.6MB / 55.7MB
1775422408,dds26-team9-orchestrator-worker-25,34.70%,37.47MiB / 512MiB,65.1MB / 108MB
1775422408,dds26-team9-order-web-3,30.81%,254.8MiB / 1GiB,54.6MB / 55.7MB
1775422408,dds26-team9-order-web-20,31.63%,254MiB / 1GiB,54.6MB / 55.6MB
1775422408,dds26-team9-order-web-2,32.11%,254.3MiB / 1GiB,54.6MB / 55.7MB
1775422408,dds26-team9-orchestrator-worker-24,34.46%,33.57MiB / 512MiB,65.1MB / 108MB
1775422408,dds26-team9-order-worker-4,22.72%,34.27MiB / 512MiB,45.6MB / 59.3MB
1775422408,dds26-team9-orchestrator-worker-1,34.01%,33.55MiB / 512MiB,64.8MB / 107MB
1775422408,dds26-team9-orchestrator-worker-17,33.51%,35.48MiB / 512MiB,64.9MB / 107MB
1775422408,dds26-team9-orchestrator-worker-3,33.58%,35.5MiB / 512MiB,65.1MB / 107MB
1775422408,dds26-team9-orchestrator-worker-14,34.45%,35.49MiB / 512MiB,64.9MB / 107MB
1775422408,dds26-team9-orchestrator-worker-21,33.87%,35.33MiB / 512MiB,65MB / 108MB
1775422408,dds26-team9-order-web-25,31.50%,254.4MiB / 1GiB,54.6MB / 55.6MB
1775422408,dds26-team9-orchestrator-worker-7,34.81%,35.33MiB / 512MiB,64.9MB / 107MB
1775422408,dds26-team9-order-web-10,30.23%,254.6MiB / 1GiB,54.6MB / 55.6MB
1775422408,dds26-team9-orchestrator-worker-16,34.22%,35.44MiB / 512MiB,65.2MB / 108MB
1775422408,dds26-team9-orchestrator-worker-6,35.02%,35.54MiB / 512MiB,64.9MB / 107MB
1775422408,dds26-team9-orchestrator-worker-23,33.93%,33.54MiB / 512MiB,64.9MB / 107MB
1775422408,dds26-team9-orchestrator-worker-20,33.95%,35.59MiB / 512MiB,65.2MB / 108MB
1775422408,dds26-team9-order-worker-8,22.88%,34.5MiB / 512MiB,45.6MB / 59.4MB
1775422408,dds26-team9-orchestrator-worker-15,34.19%,35.52MiB / 512MiB,64.9MB / 107MB
1775422408,dds26-team9-orchestrator-worker-22,35.23%,33.55MiB / 512MiB,64.8MB / 107MB
1775422408,dds26-team9-orchestrator-worker-13,34.07%,35.45MiB / 512MiB,65MB / 107MB
1775422408,dds26-team9-orchestrator-worker-8,33.79%,35.56MiB / 512MiB,65.3MB / 108MB
1775422408,dds26-team9-orchestrator-worker-19,34.49%,33.7MiB / 512MiB,65MB / 108MB
1775422408,dds26-team9-orchestrator-worker-10,33.81%,33.56MiB / 512MiB,65MB / 107MB
1775422408,dds26-team9-orchestrator-worker-18,34.55%,35.34MiB / 512MiB,65.1MB / 108MB
1775422408,dds26-team9-orchestrator-worker-2,34.40%,33.31MiB / 512MiB,64.9MB / 107MB
1775422408,dds26-team9-orchestrator-worker-11,33.44%,33.52MiB / 512MiB,65MB / 107MB
1775422408,dds26-team9-orchestrator-worker-12,34.33%,35.34MiB / 512MiB,64.8MB / 107MB
1775422408,dds26-team9-orchestrator-worker-4,34.21%,35.31MiB / 512MiB,64.9MB / 107MB
1775422408,dds26-team9-orchestrator-worker-9,33.79%,33.55MiB / 512MiB,64.8MB / 107MB
1775422408,dds26-team9-stock-worker-7,27.83%,33.66MiB / 512MiB,49.3MB / 69.6MB
1775422408,dds26-team9-stock-web-1,0.53%,219.6MiB / 512MiB,24kB / 7.64kB
1775422408,dds26-team9-stock-worker-1,27.41%,35.89MiB / 512MiB,49.5MB / 69.9MB
1775422408,dds26-team9-stock-worker-3,28.02%,33.44MiB / 512MiB,49MB / 69.2MB
1775422408,dds26-team9-orchestrator-worker-5,33.81%,35.31MiB / 512MiB,65.1MB / 107MB
1775422408,dds26-team9-stock-worker-6,27.26%,35.46MiB / 512MiB,49.5MB / 69.8MB
1775422408,dds26-team9-stock-web-3,0.54%,212.7MiB / 512MiB,23.5kB / 7.58kB
1775422408,dds26-team9-stock-web-2,0.58%,212.9MiB / 512MiB,22.2kB / 8.12kB
1775422408,dds26-team9-stock-worker-2,27.88%,33.84MiB / 512MiB,49.1MB / 69.3MB
1775422408,dds26-team9-stock-worker-5,27.16%,35.63MiB / 512MiB,49.6MB / 69.9MB
1775422408,dds26-team9-stock-web-4,0.57%,226.1MiB / 512MiB,24.2kB / 3.7MB
1775422408,dds26-team9-stock-worker-8,27.29%,35.62MiB / 512MiB,49.7MB / 70MB
1775422408,dds26-team9-stock-worker-4,27.40%,35.72MiB / 512MiB,49.4MB / 69.7MB
1775422408,dds26-team9-user-worker-4,38.56%,36.92MiB / 512MiB,84.7MB / 111MB
1775422408,dds26-team9-user-web-2,0.55%,218.3MiB / 512MiB,23.9kB / 7.71kB
1775422408,dds26-team9-user-worker-2,38.55%,33.6MiB / 512MiB,85MB / 112MB
1775422408,dds26-team9-user-worker-3,36.34%,35.77MiB / 512MiB,84.7MB / 111MB
1775422408,dds26-team9-user-worker-1,38.60%,35.59MiB / 512MiB,85MB / 112MB
1775422408,dds26-team9-user-web-4,0.55%,212.3MiB / 512MiB,22.8kB / 7.64kB
1775422408,dds26-team9-user-web-3,0.55%,224.6MiB / 512MiB,23.8kB / 3.1MB
1775422408,dds26-team9-user-web-1,0.54%,211.7MiB / 512MiB,20.6kB / 8.12kB
1775422408,dds26-team9-redis-stock-1,5.76%,30.37MiB / 512MiB,67.4MB / 85.4MB
1775422408,dds26-team9-redis-payment-1,7.48%,28.81MiB / 512MiB,63.7MB / 81.3MB
1775422408,dds26-team9-redis-order-1,45.58%,33.66MiB / 512MiB,992MB / 1.25GB
1775422408,dds26-team9-redis-orchestrator-1,30.65%,35.55MiB / 512MiB,1.03GB / 680MB
1775422408,dds26-team9-redis-bus-1,172.79%,38.13MiB / 2GiB,3.19GB / 1.8GB
